time(s),pop_state_1,pop_state_2,pop_state_3
0.0,1.0,-2.7265510390963666e-17,-1.5090718277378328e-19
2.002002002002002e-05,0.5739901129289927,0.42600616232549743,3.7247455099416426e-06
4.004004004004004e-05,0.33464982856415076,0.6653376009086213,1.257052722805828e-05
6.006006006006006e-05,0.20018391993755977,0.7997918526896591,2.422737278124346e-05
8.008008008008008e-05,0.1246383426142715,0.8753242592424351,3.739814329349541e-05
0.0001001001001001001,0.0821952796036096,0.9177533656745556,5.1354721834917166e-05
0.00012012012012012012,0.05834981229142969,0.9415844990364787,6.568867209172431e-05
0.00014014014014014013,0.0449528138837512,0.9549670149623103,8.017115393858642e-05
0.00016016016016016016,0.037425956891739796,0.9624793688867374,9.46742215228818e-05
0.00018018018018018018,0.03319705374411682,0.9666938196487246,0.00010912660715864099
0.0002002002002002002,0.030821002719338145,0.9690555084006877,0.00012348887997426045
0.0002202202202202202,0.029485919401243683,0.9703763411091081,0.00013773948964827102
0.00024024024024024023,0.02873567235913884,0.9711124607152765,0.0001518669255847395
0.00026026026026026023,0.028313998652398222,0.9715201360357486,0.00016586531185318372
0.00028028028028028026,0.02807692508912585,0.9717433429784713,0.00017973193240283984
0.0003003003003003003,0.027943564898298485,0.971862969260962,0.00019346584073957318
0.0003203203203203203,0.027868474406338013,0.971924458514789,0.0002070670788730442
0.00034034034034034034,0.02782612251583492,0.9719533412456026,0.00022053623856243138
0.00036036036036036037,0.02780216537656349,0.9719639604085654,0.000233874214871154
0.0003803803803803804,0.027788544337150715,0.9719643735950856,0.0002470820677637546
0.0004004004004004004,0.027780731885271023,0.9719591071703267,0.0002601609444022934
0.0004204204204204204,0.027776184366815348,0.9719507035976404,0.00027311203554430594
0.0004404404404404404,0.02777347269541072,0.9719405907534902,0.0002859365510991219
0.00046046046046046044,0.02777179396923518,0.9719295703243176,0.0002986357064471792
0.00048048048048048047,0.027770697088470915,0.9719180921967235,0.0003112107148056735
0.0005005005005005005,0.027769928602203457,0.9719064086148059,0.00032366278299064905
0.0005205205205205205,0.0277693461024079,0.9718946607885054,0.00033599310908676353
0.0005405405405405405,0.0277688695671156,0.9718829275516961,0.00034820288118832905
0.0005605605605605605,0.027768454024119933,0.9718712526991383,0.0003602932767417216
0.0005805805805805806,0.027768074192948203,0.9718596603448266,0.0003722654622251653
0.0006006006006006006,0.027767715856441062,0.9718481635505415,0.00038412059301757765
0.0006206206206206207,0.027767371013147763,0.9718367691734792,0.0003958598133731583
0.0006406406406406406,0.027767035153852346,0.9718254805896928,0.00040748425645491037
0.0006606606606606606,0.027766705731475286,0.9718142992241239,0.00041899504440080917
0.0006806806806806807,0.027766381301435085,0.9718032254101572,0.0004303932884078444
0.0007007007007007007,0.027766061038686504,0.9717922588724879,0.0004416800888256508
0.0007207207207207207,0.027765744466382556,0.9717813989983625,0.0004528565352550682
0.0007407407407407407,0.02776543130343062,0.9717706449899205,0.0004639237066490238
0.0007607607607607608,0.027765121378845393,0.9717599959497404,0.00047488267141427334
0.0007807807807807808,0.027764814583629577,0.9717494509288572,0.0004857344875131842
0.0008008008008008008,0.027764510843738356,0.9717390089536966,0.0004964802025651061
0.0008208208208208208,0.02776421010488904,0.971728669041164,0.0005071208539470783
0.0008408408408408408,0.027763912324025693,0.9717184302070807,0.0005176574688937354
0.0008608608608608609,0.02776361746452256,0.9717082914708811,0.0005280910645963392
0.0008808808808808808,0.027763325493488065,0.9716982518582111,0.0005384226483009012
0.0009009009009009009,0.027763036380248962,0.9716883104023457,0.0005486532174053797
0.0009209209209209209,0.027762750095497547,0.9716784661449466,0.0005587837595559408
0.000940940940940941,0.027762466610811335,0.9716687181364465,0.0005688152527422929
0.0009609609609609609,0.0277621858983821,0.9716590654362258,0.0005787486653920919
0.000980980980980981,0.027761907930862466,0.9716495071126732,0.0005885849564644286
0.001001001001001001,0.027761632681278615,0.9716400422431791,0.0005983250755424023
0.001021021021021021,0.027761360122980097,0.9716306699140952,0.0006079699629247913
0.001041041041041041,0.027761090229610548,0.9716213892206728,0.0006175205497168276
0.001061061061061061,0.027760822975090124,0.9716121992669898,0.0006269777579200839
0.001081081081081081,0.027760558333604534,0.9716030991658741,0.000636342500521482
0.0011011011011011012,0.02776029627959784,0.9715940880388207,0.000645615681581432
0.001121121121121121,0.027760036787767305,0.9715851650159116,0.0006547981963211082
0.0011411411411411411,0.02775977983305945,0.9715763292357317,0.0006638909312088738
0.0011611611611611612,0.02775952539066682,0.9715675798452874,0.0006728947640458576
0.001181181181181181,0.027759273436025078,0.9715589159999243,0.0006818105640506976
0.0012012012012012011,0.02775902394481041,0.9715503368632462,0.0006906391919434536
0.0012212212212212212,0.027758776892937015,0.9715418416070343,0.0006993815000286995
0.0012412412412412413,0.027758532256554672,0.9715334294111675,0.0007080383322778038
0.0012612612612612612,0.027758290012046414,0.9715250994635433,0.0007166105244104069
0.0012812812812812813,0.02775805013602622,0.9715168509599987,0.0007250989039750985
0.0013013013013013013,0.027757812605336746,0.9715086831042341,0.000733504290429309
0.0013213213213213212,0.027757577397047057,0.9715005951077346,0.0007418274952184196
0.0013413413413413413,0.02775734448845044,0.9714925861896956,0.0007500693218540967
0.0013613613613613614,0.02775711385706218,0.9714846555769461,0.0007582305659918627
0.0013813813813813814,0.027756885480617423,0.9714768025038747,0.0007663120155079082
0.0014014014014014013,0.02775665933706899,0.9714690262123559,0.0007743144505751507
0.0014214214214214214,0.027756435404585264,0.9714613259516762,0.0007822386437385543
0.0014414414414414415,0.027756213661548092,0.9714537009784623,0.0007900853599897075
0.0014614614614614613,0.027755994086550682,0.9714461505566087,0.0007978553568406757
0.0014814814814814814,0.027755776658395535,0.9714386739572074,0.0008055493843971309
0.0015015015015015015,0.027755561356092417,0.9714312704584769,0.0008131681854307654
0.0015215215215215216,0.027755348158856313,0.9714239393456927,0.0008207124954509977
0.0015415415415415414,0.02775513704610543,0.9714166799111187,0.0008281830427759782
0.0015615615615615615,0.027754927997459215,0.971409491453938,0.0008355805486029004
0.0015815815815815816,0.02775472099273637,0.9714023732801861,0.0008429057270776231
0.0016016016016016017,0.027754516011952925,0.9713953247026835,0.0008501592853636148
0.0016216216216216215,0.027754313035320295,0.9713883450409695,0.0008573419237102208
0.0016416416416416416,0.027754112043243368,0.9713814336212364,0.0008644543355202659
0.0016616616616616617,0.027753913016318625,0.9713745897762645,0.0008714972074169934
0.0016816816816816816,0.02775371593533226,0.9713678128453574,0.0008784712193103509
0.0017017017017017016,0.027753520781258326,0.9713611021742791,0.0008853770444626296
0.0017217217217217217,0.02775332753525689,0.9713544571151898,0.0008922153495534575
0.0017417417417417418,0.027753136178672227,0.9713478770265837,0.0008989867947441618
0.0017617617617617617,0.027752946693031022,0.9713413612732276,0.0009056920337414998
0.0017817817817817817,0.02775275906004056,0.9713349092260988,0.0009123317138607661
0.0018018018018018018,0.027752573261587,0.9713285202623247,0.0009189064760882847
0.0018218218218218217,0.027752389279733586,0.9713221937651232,0.0009254169551432879
0.0018418418418418418,0.027752207096718946,0.9713159291237419,0.0009318637795391918
0.0018618618618618619,0.027752026694955363,0.9713097257334005,0.0009382475716442725
0.001881881881881882,0.027751848057027077,0.9713035829952312,0.000944568947741748
0.0019019019019019018,0.02775167116568861,0.9712975003162222,0.0009508285180892745
0.0019219219219219219,0.027751496003863094,0.9712914771091591,0.0009570268869778587
0.001941941941941942,0.027751322554640627,0.9712855127925692,0.000963164652790196
0.001961961961961962,0.027751150801276644,0.9712796067906649,0.0009692424080584375
0.001981981981981982,0.027750980727190292,0.9712737585332883,0.0009752607395213923
0.002002002002002002,0.02775081231596283,0.9712679674558561,0.00098122022818117
0.002022022022022022,0.02775064555133605,0.9712622329993047,0.0009871214493592712
0.002042042042042042,0.027750480417210715,0.9712565546100372,0.000992964972752127
0.002062062062062062,0.027750316897644976,0.971250931739869,0.0009987513624860969
0.002082082082082082,0.02775015497685286,0.9712453638459753,0.0010044811771719301
0.002102102102102102,0.02774999463920275,0.9712398503908386,0.0010101549699586914
0.002122122122122122,0.027749835869215842,0.9712343908421971,0.0010157732885871628
0.002142142142142142,0.027749678651564684,0.9712289846729927,0.0010213366754427207
0.002162162162162162,0.027749522971071684,0.9712236313613207,0.0010268456676076985
0.002182182182182182,0.027749368812707644,0.9712183303903792,0.0010323007969132336
0.0022022022022022024,0.027749216161590307,0.9712130812484191,0.0010377025899906125
0.0022222222222222222,0.027749065002982933,0.971207883428695,0.0010430515683221083
0.002242242242242242,0.027748915322292858,0.9712027364294159,0.0010483482482913265
0.0022622622622622624,0.0277487671050701,0.9711976397536969,0.0010535931412330541
0.0022822822822822822,0.02774862033700595,0.9711925929095114,0.001058786753482624
0.002302302302302302,0.02774847500393161,0.9711875954096436,0.0010639295864247967
0.0023223223223223224,0.027748331091816812,0.9711826467716413,0.0010690221365421617
0.0023423423423423423,0.027748188586768453,0.9711777465177688,0.0010740648954630676
0.002362362362362362,0.027748047475029278,0.9711728941749619,0.0010790583500090857
0.0023823823823823824,0.02774790774297654,0.9711680892747817,0.0010840029822420036
0.0024024024024024023,0.027747769377120684,0.9711633313533692,0.0010888992695103654
0.002422422422422422,0.027747632364104047,0.9711586199514007,0.001093747684495553
0.0024424424424424425,0.02774749669069956,0.9711539546140433,0.0010985486952574193
0.0024624624624624623,0.02774736234380949,0.9711493348909114,0.0011033027652794726
0.0024824824824824826,0.027747229310464156,0.9711447603360225,0.001108010353513622
0.0025025025025025025,0.027747097577820682,0.9711402305077551,0.0011126719144244836
0.0025225225225225223,0.027746967133161774,0.9711357449688053,0.0011172878980332532
0.0025425425425425426,0.027746837963894464,0.9711313032861447,0.0011218587499611527
0.0025625625625625625,0.027746710057548918,0.9711269050309789,0.0011263849114724477
0.0025825825825825824,0.027746583401777214,0.971122549778706,0.0011308668195170474
0.0026026026026026027,0.027746457984352164,0.9711182371088755,0.001135304906772688
0.0026226226226226225,0.027746333793166135,0.9711139666051475,0.0011396996016867012
0.0026426426426426424,0.027746210816229862,0.971109737855253,0.0011440513285173781
0.0026626626626626627,0.027746089041671307,0.971105550450954,0.0011483605073749246
0.0026826826826826826,0.027745968457734513,0.9711014039880037,0.0011526275542620185
0.002702702702702703,0.02774584905277845,0.9710972980661079,0.001156852881113972
0.0027227227227227227,0.027745730815275923,0.9710932322888859,0.0011610368958384963
0.0027427427427427426,0.027745613733812426,0.9710892062638328,0.001165180002355083
0.002762762762762763,0.027745497797085072,0.9710852196022812,0.0011692826006339968
0.0027827827827827827,0.027745382993901467,0.9710812719193639,0.001173345086734888
0.0028028028028028026,0.02774526931317866,0.9710773628339766,0.0011773678528450287
0.002822822822822823,0.027745156743942057,0.971073491968741,0.0011813512873171724
0.0028428428428428428,0.02774504527532437,0.9710696589499689,0.001185295774707047
0.0028628628628628626,0.027744934896564554,0.9710658634076252,0.0011892016958104774
0.002882882882882883,0.027744825597006785,0.9710621049752933,0.0011930694277001482
0.002902902902902903,0.027744717366099427,0.9710583832901388,0.0011968993437620062
0.0029229229229229227,0.027744610193393995,0.971054697992875,0.0012006918137313055
0.002942942942942943,0.02774450406854418,0.9710510487277279,0.0012044472037283014
0.002962962962962963,0.027744398981304822,0.9710474351424019,0.0012081658762935963
0.002982982982982983,0.027744294921530927,0.9710438568880462,0.0012118481904231377
0.003003003003003003,0.0277441918791767,0.9710403136192207,0.0012154945016028761
0.003023023023023023,0.027744089844294564,0.9710368049938627,0.001219105161843082
0.003043043043043043,0.027743988807034197,0.9710333306732538,0.00122268051971233
0.003063063063063063,0.02774388875764159,0.9710298903219875,0.0012262209203711483
0.003083083083083083,0.0277437896864581,0.9710264836079369,0.00122972670560534
0.003103103103103103,0.027743691583919525,0.9710231102022218,0.001233198213858979
0.003123123123123123,0.027743594440555165,0.971019769779178,0.0012366357802670825
0.003143143143143143,0.027743498246986926,0.9710164620163254,0.0012400397366879655
0.003163163163163163,0.0277434029939284,0.9710131865943367,0.0012434104117352769
0.003183183183183183,0.02774330867218398,0.9710099431970066,0.0012467481308097237
0.0032032032032032033,0.027743215272647958,0.9710067315112219,0.0012500532161304858
0.003223223223223223,0.02774312278630367,0.9710035512269303,0.0012533259867663206
0.003243243243243243,0.02774303120422259,0.9710004020371114,0.0012565667586663673
0.0032632632632632634,0.027742940517563514,0.9709972836377462,0.0012597758446906478
0.0032832832832832832,0.027742850717571654,0.9709941957277883,0.0012629535546402695
0.003303303303303303,0.027742761795577837,0.9709911380091352,0.0012661001952873328
0.0033233233233233234,0.027742673742997645,0.9709881101865981,0.0012692160704045473
0.0033433433433433433,0.0277425865513306,0.9709851119678752,0.0012723014807945571
0.003363363363363363,0.027742500212159318,0.970982143063522,0.00127535672431898
0.0033833833833833834,0.02774241471714873,0.9709792031869244,0.0012783820959271636
0.0034034034034034033,0.027742330058045255,0.9709762920542704,0.001281377887684657
0.003423423423423423,0.027742246226676013,0.9709734093845229,0.0012843443888014088
0.0034434434434434434,0.027742163214948025,0.9709705548993925,0.0012872818856596861
0.0034634634634634633,0.027742081014847444,0.9709677283233111,0.0012901906618417213
0.0034834834834834836,0.027741999618438783,0.9709649293834044,0.0012930709981570896
0.0035035035035035035,0.027741919017864127,0.9709621578094664,0.0012959231726698166
0.0035235235235235233,0.027741839205342407,0.9709594133339327,0.001298747460725224
0.0035435435435435436,0.027741760173168612,0.9709566956918552,0.0013015441349765093
0.0035635635635635635,0.027741681913713085,0.9709540046208761,0.001304313465411069
0.0035835835835835834,0.027741604419420755,0.970951339861203,0.0013070557193765613
0.0036036036036036037,0.02774152768281042,0.9709487011555832,0.0013097711616067173
0.0036236236236236235,0.027741451696474025,0.9709460882492794,0.0013124600542468961
0.0036436436436436434,0.027741376453075946,0.970943500890045,0.0013151226568793935
0.0036636636636636637,0.02774130194535228,0.9709409388280995,0.0013177592265485015
0.0036836836836836835,0.02774122816611014,0.9709384018161048,0.001320370017785322
0.0037037037037037034,0.02774115510822698,0.970935889609141,0.0013229552826323398
0.0037237237237237237,0.027741082764649882,0.9709334019646827,0.001325515270667755
0.0037437437437437436,0.027741011128394884,0.9709309386425758,0.001328050229029575
0.003763763763763764,0.027740940192546318,0.9709284994050145,0.0013305604024394756
0.0037837837837837837,0.027740869950256125,0.9709260840165177,0.0013330460332264234
0.0038038038038038036,0.0277408003947432,0.9709236922439071,0.0013355073613500724
0.003823823823823824,0.02774073151929275,0.9709213238562836,0.0013379446244239273
0.0038438438438438438,0.027740663317255613,0.9709189786250064,0.0013403580577382834
0.0038638638638638636,0.027740595782047663,0.9709166563236696,0.0013427478942829416
0.003883883883883884,0.02774052890714913,0.9709143567280815,0.0013451143647697002
0.003903903903903904,0.027740462686104,0.9709120796162417,0.0013474576976546281
0.003923923923923924,0.027740397112519372,0.9709098247683208,0.0013497781191601189
0.003943943943943944,0.02774033218006486,0.9709075919666387,0.001352075853296731
0.003963963963963964,0.02774026788247196,0.9709053809956435,0.0013543511218848125
0.003983983983983984,0.02774020421353347,0.9709031916418909,0.001356604144575916
0.004004004004004004,0.02774014116710287,0.9709010236940234,0.0013588351388740042
0.004024024024024024,0.027740078737093735,0.9708988769427501,0.001361044320156445
0.004044044044044044,0.027740016917479154,0.9708967511808263,0.0013632319016948064
0.004064064064064064,0.02773995570229114,0.9708946462030337,0.0013653980946754442
0.004084084084084084,0.02773989508562005,0.9708925618061603,0.00136754310821989
0.004104104104104104,0.027739835061614034,0.9708904977889812,0.001369667149405039
0.004124124124124124,0.027739775624478446,0.9708884539522387,0.0013717704232831418
0.004144144144144144,0.027739716768475302,0.9708864300986234,0.0013738531329015994
0.004164164164164164,0.02773965848792272,0.970884426032755,0.0013759154793225646
0.004184184184184184,0.027739600777194364,0.9708824415611635,0.0013779576616423537
0.004204204204204204,0.02773954363071892,0.9708804764922707,0.0013799798770106656
0.004224224224224224,0.027739487042979533,0.9708785306363712,0.0013819823206496148
0.004244244244244244,0.027739431008513296,0.9708766038056145,0.001383965185872579
0.004264264264264264,0.027739375521910713,0.9708746958139867,0.0013859286641028593
0.004284284284284284,0.02773932057781518,0.9708728064772929,0.0013878729448921615
0.004304304304304304,0.02773926617092246,0.970870935613139,0.0013897982159388948
0.004324324324324324,0.02773921229598018,0.9708690830409138,0.0013917046631062918
0.004344344344344344,0.027739158947787328,0.9708672485817726,0.0013935924704403513
0.004364364364364364,0.027739106121193728,0.970865432058619,0.0013954618201876066
0.004384384384384384,0.02773905381109957,0.970863633296088,0.0013973128928127189
0.004404404404404405,0.027739002012454907,0.9708618521205294,0.0013991458670158988
0.004424424424424424,0.02773895072025916,0.9708600883599909,0.0014009609197501581
0.0044444444444444444,0.027738899929560648,0.9708583418442013,0.0014027582262383933
0.004464464464464465,0.027738849635456097,0.9708566124045539,0.0014045379599903001
0.004484484484484484,0.027738799833090185,0.970854899874091,0.0014063002928191245
0.0045045045045045045,0.027738750517655047,0.970853204087487,0.0014080453948582495
0.004524524524524525,0.027738701684389834,0.9708515248810329,0.00140977343457762
0.004544544544544544,0.027738653328580252,0.97084986209262,0.0014114845788000048
0.0045645645645645645,0.027738605445558083,0.9708482155617251,0.0014131789927171042
0.004584584584584585,0.027738558030700765,0.970846585129394,0.0014148568399054953
0.004604604604604604,0.027738511079430928,0.970844970638227,0.001416518282342424
0.0046246246246246245,0.027738464587215954,0.9708433719323629,0.0014181634804214427
0.004644644644644645,0.02773841854956754,0.9708417888574649,0.0014197925929678938
0.004664664664664664,0.02773837296204128,0.9708402212607048,0.0014214057772542425
0.0046846846846846845,0.027738327820236205,0.9708386689907488,0.0014230031890152602
0.004704704704704705,0.027738283119794382,0.9708371318977429,0.0014245849824630586
0.004724724724724724,0.027738238856400484,0.9708356098332979,0.001426151310301977
0.0047447447447447446,0.027738195025781388,0.9708341026504755,0.0014277023237433252
0.004764764764764765,0.027738151623705732,0.9708326102037745,0.0014292381725199788
0.004784784784784784,0.027738108645983542,0.9708311323491159,0.0014307590049008375
0.004804804804804805,0.027738066088465796,0.9708296689438294,0.0014322649677051362
0.004824824824824825,0.02773802394704405,0.9708282198466396,0.0014337562063166198
0.004844844844844844,0.027737982217650024,0.9708267849176527,0.0014352328646975786
0.004864864864864865,0.027737940896255215,0.9708253640183423,0.0014366950854027454
0.004884884884884885,0.027737899978870505,0.9708239570115367,0.0014381430095930586
0.004904904904904905,0.027737859461545784,0.9708225637614052,0.0014395767770492885
0.004924924924924925,0.02773781934036956,0.9708211841334452,0.0014409965261855326
0.004944944944944945,0.027737779611468585,0.9708198179944691,0.0014424023940625775
0.004964964964964965,0.027737740271007484,0.9708184652125916,0.0014437945164011302
0.004984984984984985,0.027737701315188372,0.970817125657217,0.0014451730275949215
0.005005005005005005,0.02773766274025051,0.970815799199026,0.0014465380607236787
0.005025025025025025,0.027737624542469922,0.9708144857099644,0.0014478897475659746
0.005045045045045045,0.027737586718159037,0.9708131850632293,0.0014492282186119472
0.005065065065065065,0.02773754926366635,0.970811897133258,0.0014505536030758998
0.005085085085085085,0.027737512175376046,0.9708106217957154,0.0014518660289087723
0.005105105105105105,0.027737475449707675,0.9708093589274821,0.001453165622810495
0.005125125125125125,0.02773743908311578,0.9708081084066423,0.0014544525102422204
0.005145145145145145,0.02773740307208958,0.9708068701124722,0.0014557268154384336
0.005165165165165165,0.027737367413152622,0.9708056439254287,0.0014569886614189476
0.005185185185185185,0.027737332102862427,0.9708044297271371,0.0014582381700007775
0.005205205205205205,0.027737297137810188,0.9708032274003802,0.0014594754618099022
0.005225225225225225,0.027737262514620425,0.970802036829087,0.0014607006562929081
0.005245245245245245,0.027737228229950655,0.9708008578983212,0.001461913871728522
0.005265265265265265,0.027737194280491085,0.9707996904942702,0.0014631152252390278
0.005285285285285285,0.02773716066296427,0.9707985345042345,0.0014643048328015745
0.005305305305305305,0.027737127374124825,0.9707973898166161,0.0014654828092593721
0.005325325325325325,0.027737094410759083,0.9707962563209084,0.0014666492683327783
0.005345345345345345,0.0277370617696848,0.9707951339076852,0.0014678043226302774
0.005365365365365365,0.02773702944775085,0.97079402246859,0.0014689480836593506
0.005385385385385385,0.027736997441836917,0.9707929218963262,0.0014700806618372418
0.005405405405405406,0.027736965748853187,0.9707918320846455,0.0014712021665016161
0.005425425425425425,0.02773693436574006,0.9707907529283392,0.0014723127059211158
0.005445445445445445,0.027736903289467853,0.9707896843232267,0.0014734123873058123
0.005465465465465466,0.0277368725170365,0.9707886261661463,0.0014745013168175562
0.005485485485485485,0.027736842045475267,0.9707875783549448,0.0014755795995802256
0.0055055055055055055,0.02773681187184247,0.9707865407884679,0.0014766473396898752
0.005525525525525526,0.027736781993225185,0.9707855133665503,0.001477704640224785
0.005545545545545545,0.027736752406738965,0.9707844959900059,0.0014787516032554115
0.0055655655655655655,0.027736723109527576,0.9707834885606185,0.0014797883298542426
0.005585585585585586,0.02773669409876269,0.970782490981132,0.001480814920105553
0.005605605605605605,0.027736665371643657,0.9707815031552416,0.0014818314731150676
0.0056256256256256255,0.02773663692539719,0.9707805249875836,0.0014828380870195285
0.005645645645645646,0.02773660875727713,0.970779556383727,0.0014838348589961694
0.005665665665665665,0.027736580864564153,0.970778597250164,0.0014848218852720966
0.0056856856856856855,0.02773655324456554,0.9707776474943012,0.001485799261133579
0.005705705705705706,0.027736525894614887,0.9707767070244502,0.001486767080935246
0.005725725725725725,0.027736498812071866,0.9707757757498192,0.0014877254381091983
0.0057457457457457456,0.02773647199432196,0.9707748535805043,0.001488674425174025
0.005765765765765766,0.027736445438776222,0.9707739404274803,0.0014896141337437379
0.005785785785785785,0.027736419142871012,0.9707730362025927,0.001490544654536614
0.005805805805805806,0.027736393104067752,0.9707721408185486,0.0014914660773839542
0.005825825825825826,0.027736367319852694,0.9707712541889089,0.0014923784912387551
0.005845845845845845,0.027736341787736662,0.9707703762280794,0.0014932819841842967
0.005865865865865866,0.027736316505254814,0.9707695068513028,0.0014941766434426454
0.005885885885885886,0.027736291469966416,0.9707686459746508,0.0014950625553830752
0.005905905905905906,0.02773626667945459,0.9707677935150153,0.001495939805530404
0.005925925925925926,0.02773624213132609,0.970766949390101,0.0014968084785732527
0.005945945945945946,0.027736217823211073,0.970766113518417,0.0014976686583722178
0.005965965965965966,0.02773619375276286,0.9707652858192695,0.00149852042796797
0.005985985985985986,0.027736169917657733,0.9707644662127533,0.001499363869589269
0.006006006006006006,0.027736146315594668,0.9707636546197447,0.0015001990646609023
0.006026026026026026,0.027736122944295154,0.9707628509618936,0.0015010260938115461
0.006046046046046046,0.027736099801502958,0.9707620551616157,0.0015018450368815492
0.006066066066066066,0.027736076884983907,0.9707612671420858,0.0015026559729306398
0.006086086086086086,0.02773605419252566,0.970760486827229,0.001503458980245559
0.006106106106106106,0.02773603172193753,0.9707597141417151,0.0015042541363476177
0.006126126126126126,0.02773600947105022,0.97075894901095,0.0015050415180001804
0.006146146146146146,0.027735987437715662,0.9707581913610686,0.0015058212012160764
0.006166166166166166,0.02773596561980679,0.9707574411189286,0.0015065932612649375
0.006186186186186186,0.02773594401521733,0.9707566982121025,0.001507357772680465
0.006206206206206206,0.027735922621861597,0.9707559625688711,0.0015081148092676237
0.006226226226226226,0.027735901437674307,0.9707552341182162,0.0015088644441097689
0.006246246246246246,0.027735880460610367,0.9707545127898142,0.0015096067495757003
0.006266266266266266,0.027735859688644674,0.970753798514029,0.0015103417973266493
0.006286286286286286,0.027735839119771934,0.9707530912219051,0.001511069658323196
0.006306306306306306,0.02773581875200645,0.9707523908451617,0.001511790402832121
0.006326326326326326,0.027735798583381942,0.9707516973161852,0.0015125041004331878
0.006346346346346346,0.02773577861195136,0.970751010568023,0.0015132108200258604
0.006366366366366366,0.027735758835786686,0.9707503305343776,0.001513910629835955
0.006386386386386386,0.027735739252978755,0.9707496571495993,0.0015146035974222252
0.006406406406406407,0.027735719861637066,0.9707489903486803,0.0015152897896828863
0.006426426426426426,0.027735700659889603,0.9707483300672486,0.001515969272862071
0.006446446446446446,0.027735681645882655,0.9707476762415614,0.0015166421125562266
0.006466466466466467,0.027735662817780636,0.9707470288084992,0.0015173083737204465
0.006486486486486486,0.0277356441737659,0.9707463877055597,0.001517968120674741
0.0065065065065065065,0.02773562571203858,0.9707457528708514,0.0015186214171102467
0.006526526526526527,0.027735607430816406,0.9707451242430885,0.0015192683260953756
0.006546546546546546,0.027735589328334528,0.9707445017615839,0.0015199089100819034
0.0065665665665665665,0.02773557140284536,0.9707438853662439,0.0015205432309109979
0.006586586586586587,0.02773555365261839,0.9707432749975627,0.00152117134981919
0.006606606606606606,0.02773553607594004,0.970742670596616,0.001521793327444285
0.0066266266266266265,0.02773551867111348,0.9707420721050556,0.0015224092238312165
0.006646646646646647,0.02773550143645847,0.970741479465104,0.0015230190984378428
0.006666666666666666,0.027735484370311193,0.9707408926195484,0.0015236230101406873
0.0066866866866866865,0.02773546747102411,0.9707403115117356,0.0015242210172406222
0.006706706706706707,0.027735450736965782,0.970739736085566,0.001524813177468497
0.006726726726726726,0.027735434166520728,0.9707391662854888,0.0015253995479907112
0.0067467467467467465,0.027735417758089253,0.9707386020564963,0.0015259801854147338
0.006766766766766767,0.027735401510087312,0.9707380433441184,0.0015265551457945674
0.006786786786786786,0.027735385420946345,0.9707374900944178,0.0015271244846361601
0.006806806806806807,0.02773536948911312,0.9707369422539844,0.001527688256902764
0.006826826826826827,0.027735353713049603,0.9707363997699304,0.0015282465170202407
0.006846846846846846,0.02773533809123279,0.9707358625898852,0.0015287993188823161
0.006866866866866867,0.027735322622154574,0.9707353306619899,0.001529346715855783
0.006886886886886887,0.027735307304321586,0.9707348039348931,0.0015298887607856535
0.006906906906906906,0.027735292136255064,0.970734282357745,0.0015304255060002592
0.006926926926926927,0.02773527711649071,0.9707337658801936,0.001530957003316305
0.006946946946946947,0.02773526224357852,0.9707332544523781,0.0015314833040438692
0.006966966966966967,0.027735247516082685,0.9707327480249265,0.001532004458991359
0.006986986986986987,0.027735232932581438,0.9707322465489486,0.0015325205184704138
0.007007007007007007,0.0277352184916669,0.9707317499760328,0.0015330315323007636
0.007027027027027027,0.027735204191944966,0.9707312582582405,0.0015335375498150372
0.007047047047047047,0.027735190032035163,0.9707307713481018,0.0015340386198635255
0.007067067067067067,0.027735176010570503,0.9707302891986112,0.001534534790818898
0.007087087087087087,0.027735162126197376,0.9707298117632223,0.0015350261105808705
0.007107107107107107,0.027735148377575406,0.9707293389958442,0.0015355126265808325
0.007127127127127127,0.02773513476337731,0.9707288708508368,0.001535994385786423
0.007147147147147147,0.027735121282288798,0.9707284072830057,0.0015364714347060667
0.007167167167167167,0.02773510793300842,0.9707279482475987,0.0015369438193934633
0.007187187187187187,0.027735094714247448,0.970727493700301,0.0015374115854520328
0.007207207207207207,0.02773508162472977,0.9707270435972314,0.0015378747780393194
0.007227227227227227,0.027735068663191732,0.9707265978949374,0.0015383334418713499
0.007247247247247247,0.02773505582838205,0.9707261565503915,0.0015387876212269503
0.007267267267267267,0.02773504311906166,0.9707257195209869,0.001539237359952022
0.007287287287287287,0.027735030534003627,0.9707252867645331,0.001539682701463772
0.007307307307307307,0.027735018071993002,0.9707248582392526,0.0015401236887549075
0.007327327327327327,0.027735005731826717,0.970724433903776,0.001540560364397784
0.007347347347347347,0.027734993512313476,0.9707240137171386,0.0015409927705485153
0.007367367367367367,0.027734981412273613,0.9707235976387759,0.001541420948951045
0.007387387387387387,0.02773496943053901,0.9707231856285203,0.0015418449409411747
0.007407407407407407,0.027734957565952963,0.970722777646597,0.0015422647874505546
0.007427427427427427,0.027734945817370085,0.9707223736536198,0.0015426805290106366
0.007447447447447447,0.027734934183656176,0.9707219736105878,0.0015430922057565845
0.007467467467467468,0.027734922663688138,0.9707215774788812,0.0015434998574311513
0.007487487487487487,0.027734911256353842,0.9707211852202582,0.001543903523388514
0.0075075075075075074,0.027734899960552045,0.9707207967968504,0.001544303242598074
0.007527527527527528,0.02773488877519226,0.97072041217116,0.001544699053648218
0.007547547547547547,0.027734877699194666,0.9707200313060558,0.001545090994750045
0.0075675675675675675,0.02773486673149,0.9707196541647695,0.0015454791037410526
0.007587587587587588,0.02773485587101946,0.9707192807108923,0.0015458634180887925
0.007607607607607607,0.027734845116734585,0.9707189109083715,0.001546243974894486
0.0076276276276276275,0.02773483446759717,0.9707185447215068,0.0015466208108966056
0.007647647647647648,0.027734823922579158,0.970718182114947,0.0015469939624744228
0.007667667667667667,0.027734813480662552,0.9707178230536865,0.001547363465651519
0.0076876876876876875,0.027734803140839297,0.970717467503062,0.0015477293560992636
0.007707707707707708,0.027734792902111203,0.9707171154287491,0.0015480916691402583
0.007727727727727727,0.027734782763489837,0.9707167667967589,0.0015484504397517453
0.0077477477477477475,0.02773477272399643,0.9707164215734351,0.0015488057025689862
0.007767767767767768,0.027734762782661775,0.9707160797254502,0.001549157491888604
0.007787787787787787,0.027734752938526158,0.9707157412198024,0.001549505841671895
0.007807807807807808,0.02773474319063923,0.9707154060238132,0.0015498507855481068
0.007827827827827828,0.027734733538059945,0.9707150741051229,0.0015501923568176851
0.007847847847847847,0.02773472397985646,0.9707147454316886,0.0015505305884554882
0.007867867867867868,0.02773471451510603,0.9707144199717805,0.001550865513113971
0.007887887887887888,0.027734705142894948,0.9707140976939792,0.0015511971631263363
0.007907907907907907,0.02773469586231843,0.9707137785671724,0.001551525570509657
0.007927927927927928,0.027734686672480535,0.970713462560552,0.001551850766967967
0.007947947947947948,0.027734677572494093,0.9707131496436111,0.001552172783895321
0.007967967967967967,0.027734668561480602,0.9707128397861411,0.0015524916523788257
0.007987987987987989,0.027734659638570153,0.9707125329582287,0.0015528074032016418
0.008008008008008008,0.027734650802901335,0.9707122291302532,0.0015531200668459542
0.008028028028028027,0.027734642053621163,0.9707119282728834,0.001553429673495916
0.008048048048048049,0.027734633389885,0.970711630357075,0.0015537362530405616
0.008068068068068068,0.02773462481085645,0.9707113353540674,0.0015540398350766928
0.008088088088088087,0.027734616315707315,0.9707110432353815,0.0015543404489117352
0.008108108108108109,0.027734607903617474,0.9707107539728165,0.0015546381235665685
0.008128128128128128,0.027734599573774842,0.9707104675384474,0.0015549328877783276
0.008148148148148147,0.02773459132537526,0.970710183904622,0.0015552247700031767
0.008168168168168169,0.027734583157622443,0.970709903043959,0.0015555137984190567
0.008188188188188188,0.027734575069727884,0.9707096249293442,0.0015558000009284056
0.008208208208208207,0.02773456706091079,0.9707093495339288,0.0015560834051608517
0.008228228228228229,0.027734559130397997,0.9707090768311266,0.001556364038475881
0.008248248248248248,0.027734551277423906,0.9707088067946111,0.0015566419279654793
0.008268268268268267,0.0277345435012304,0.9707085393983134,0.0015569171004567465
0.008288288288288289,0.027734535801066773,0.9707082746164193,0.0015571895825144868
0.008308308308308308,0.027734528176189665,0.9707080124233671,0.0015574594004437738
0.008328328328328327,0.027734520625862978,0.970707752793845,0.001557726580292489
0.008348348348348349,0.02773451314935781,0.9707074957027889,0.0015579911478538371
0.008368368368368368,0.027734505745952393,0.9707072411253793,0.0015582531286688361
0.008388388388388388,0.027734498414932012,0.9707069890370397,0.001558512548028783
0.008408408408408409,0.027734491155588934,0.9707067394134339,0.001558769430977694
0.008428428428428428,0.02773448396722236,0.9707064922304635,0.001559023802314725
0.008448448448448448,0.027734476849138323,0.9707062474642656,0.0015592756865965627
0.008468468468468469,0.027734469800649662,0.9707060050912111,0.0015595251081397974
0.008488488488488488,0.027734462821075917,0.9707057650879013,0.0015597720910232697
0.008508508508508508,0.027734455909743296,0.9707055274311668,0.0015600166590903945
0.008528528528528529,0.027734449065984584,0.9707052920980644,0.0015602588359514642
0.008548548548548548,0.027734442289139093,0.9707050590658755,0.0015604986449859262
0.008568568568568568,0.027734435578552596,0.9707048283121033,0.0015607361093446421
0.008588588588588589,0.027734428933577263,0.9707045998144711,0.0015609712519521206
0.008608608608608608,0.02773442235357159,0.9707043735509202,0.0015612040955087314
0.008628628628628628,0.02773441583790036,0.9707041494996073,0.0015614346624928976
0.008648648648648649,0.027734409385934553,0.9707039276389027,0.0015616629751632638
0.008668668668668668,0.027734402997051304,0.9707037079473884,0.001561889055560847
0.008688688688688688,0.02773439667063384,0.9707034904038555,0.0015621129255111625
0.008708708708708709,0.02773439040607142,0.9707032749873028,0.0015623346066263328
0.008728728728728728,0.02773438420275927,0.9707030616769341,0.0015625541203071718
0.00874874874874875,0.02773437806009852,0.9707028504521568,0.0015627714877452532
0.008768768768768769,0.02773437197749618,0.9707026412925794,0.0015629867299249544
0.008788788788788788,0.027734365954365032,0.97070243417801,0.0015631998676254833
0.00880880880880881,0.027734359990123615,0.970702229088454,0.001563410921422884
0.008828828828828829,0.02773435408419615,0.9707020260041124,0.0015636199116920236
0.008848848848848848,0.027734348236012486,0.9707018249053795,0.0015638268586085579
0.00886886886886887,0.027734342445008043,0.9707016257728416,0.001564031782150881
0.008888888888888889,0.02773433671062377,0.9707014285872747,0.0015642347021020523
0.008908908908908908,0.027734331032306072,0.9707012333296428,0.0015644356380517075
0.00892892892892893,0.027734325409506773,0.9707010399810958,0.0015646346093979488
0.008948948948948949,0.027734319841683057,0.9707008485229682,0.0015648316353492188
0.008968968968968968,0.027734314328297413,0.9707006589367769,0.0015650267349261535
0.00898898898898899,0.027734308868817583,0.9707004712042195,0.0015652199269634195
0.009009009009009009,0.02773430346271652,0.9707002853071725,0.0015654112301115317
0.009029029029029028,0.02773429810947232,0.9707001012276896,0.001565600662838654
0.00904904904904905,0.027734292808568192,0.9706999189479999,0.0015657882434323828
0.009069069069069069,0.027734287559492393,0.9706997384505066,0.0015659739900015111
0.009089089089089088,0.02773428236173818,0.9706995597177845,0.0015661579204777779
0.00910910910910911,0.027734277214803774,0.9706993827325792,0.0015663400526175987
0.009129129129129129,0.027734272118192294,0.9706992074778045,0.0015665204040037801
0.009149149149149148,0.02773426707141172,0.9706990339365416,0.001566698992047217
0.00916916916916917,0.02773426207397484,0.9706988620920372,0.0015668758339885732
0.009189189189189189,0.02773425712539921,0.9706986919277013,0.0015670509468999462
0.009209209209209208,0.0277342522252071,0.9706985234271069,0.0015672243476865149
0.00922922922922923,0.02773424737292545,0.9706983565739868,0.0015673960530881723
0.009249249249249249,0.027734242568085835,0.9706981913522336,0.0015675660796811404
0.009269269269269268,0.02773423781022439,0.9706980277458965,0.0015677344438795717
0.00928928928928929,0.027734233098881803,0.9706978657391816,0.001567901161937133
0.009309309309309309,0.027734228433603247,0.9706977053164487,0.0015680662499485748
0.009329329329329328,0.027734223813938343,0.9706975464622108,0.0015682297238512849
0.00934934934934935,0.02773421923944111,0.9706973891611326,0.0015683915994268273
0.009369369369369369,0.027734214709669937,0.9706972333980282,0.0015685518923024653
0.009389389389389389,0.027734210224187525,0.9706970791578603,0.0015687106179526707
0.00940940940940941,0.027734205782560847,0.970696926425739,0.0015688677917006166
0.009429429429429429,0.027734201384361116,0.9706967751869198,0.0015690234287196582
0.009449449449449449,0.027734197029163736,0.970696625426802,0.0015691775440347968
0.00946946946946947,0.027734192716548263,0.9706964771309281,0.0015693301525241295
0.009489489489489489,0.02773418844609836,0.9706963302849819,0.0015694812689202873
0.009509509509509509,0.027734184217401765,0.9706961848747869,0.0015696309078118557
0.00952952952952953,0.027734180030050244,0.9706960408863055,0.0015697790836447846
0.00954954954954955,0.027734175883639557,0.9706958983056372,0.0015699258107237809
0.009569569569569569,0.02773417177776941,0.9706957571190175,0.0015700711032136919
0.00958958958958959,0.027734167712043435,0.9706956173128162,0.0015702149751408705
0.00960960960960961,0.027734163686069124,0.9706954788735369,0.0015703574403945306
0.009629629629629629,0.027734159699457823,0.9706953417878146,0.0015704985127280879
0.00964964964964965,0.02773415575182466,0.9706952060424153,0.001570638205760487
0.00966966966966967,0.027734151842788542,0.9706950716242344,0.0015707765329775168
0.009689689689689689,0.027734147971972097,0.9706949385202953,0.0015709135077331116
0.00970970970970971,0.027734144139001635,0.9706948067177482,0.0015710491432506413
0.00972972972972973,0.02773414034350713,0.9706946762038692,0.0015711834526241873
0.00974974974974975,0.02773413658512217,0.9706945469660585,0.0015713164488198067
0.00976976976976977,0.027734132863483925,0.9706944189918398,0.001571448144676784
0.00978978978978979,0.02773412917823311,0.9706942922688585,0.0015715785529088707
0.00980980980980981,0.027734125529013956,0.9706941667848811,0.0015717076861055128
0.00982982982982983,0.027734121915474176,0.9706940425277932,0.0015718355567330654
0.00984984984984985,0.027734118337264923,0.9706939194855996,0.0015719621771359978
0.00986986986986987,0.027734114794040754,0.9706937976464217,0.0015720875595380832
0.00988988988988989,0.02773411128545962,0.9706936769984973,0.0015722117160435803
0.00990990990990991,0.027734107811182802,0.9706935575301793,0.0015723346586384013
0.00992992992992993,0.0277341043708749,0.9706934392299343,0.0015724563991912687
0.00994994994994995,0.027734100964203784,0.9706933220863418,0.0015725769494548613
0.00996996996996997,0.027734097590840587,0.970693206088093,0.0015726963210669497
0.00998998998998999,0.027734094250459647,0.9706930912239894,0.0015728145255515177
0.01001001001001001,0.027734090942738487,0.9706929774829421,0.0015729315743198775
0.01003003003003003,0.02773408766735778,0.970692864853971,0.0015730474786717688
0.01005005005005005,0.02773408442400133,0.9706927533262028,0.0015731622497964512
0.01007007007007007,0.027734081212356026,0.9706926428888707,0.001573275898773784
0.01009009009009009,0.02773407803211182,0.9706925335313134,0.0015733884365752959
0.01011011011011011,0.02773407488296169,0.9706924252429736,0.0015734998740652437
0.01013013013013013,0.02773407176460163,0.9706923180133972,0.001573610222001662
0.01015015015015015,0.027734068676730592,0.9706922118322325,0.001573719491037401
0.01017017017017017,0.02773406561905048,0.9706921066892289,0.0015738276917211553
0.01019019019019019,0.027734062591266106,0.9706920025742359,0.001573934834498482
0.01021021021021021,0.02773405959308517,0.9706918994772026,0.0015740409297128094
0.01023023023023023,0.02773405662421824,0.9706917973881758,0.0015741459876064355
0.01025025025025025,0.027734053684378694,0.9706916962973003,0.0015742500183215163
0.01027027027027027,0.027734050773282733,0.9706915961948167,0.0015743530319010455
0.01029029029029029,0.02773404789064932,0.9706914970710614,0.001574455038289824
0.01031031031031031,0.027734045036200167,0.9706913989164649,0.0015745560473354194
0.01033033033033033,0.02773404220965971,0.9706913017215517,0.0015746560687891172
0.01035035035035035,0.02773403941075508,0.9706912054769385,0.0015747551123068625
0.01037037037037037,0.027734036639216076,0.9706911101733342,0.0015748531874501908
0.01039039039039039,0.027734033894775134,0.9706910158015383,0.0015749503036871528
0.01041041041041041,0.02773403117716731,0.97069092235244,0.0015750464703932268
0.01043043043043043,0.027734028486130248,0.970690829817018,0.0015751416968522254
0.01045045045045045,0.027734025821404162,0.9706907381863392,0.0015752359922571904
0.01047047047047047,0.027734023182731802,0.9706906474515574,0.001575329365711281
0.01049049049049049,0.02773402056985843,0.9706905576039134,0.0015754218262286524
0.01051051051051051,0.027734017982531806,0.9706904686347334,0.001575513382735326
0.01053053053053053,0.027734015420502155,0.9706903805354283,0.0015756040440700512
0.01055055055055055,0.027734012883522136,0.9706902932974932,0.0015756938189851585
0.01057057057057057,0.027734010371346835,0.9706902069125063,0.001575782716147405
0.01059059059059059,0.02773400788373373,0.970690121372128,0.00157587074413881
0.01061061061061061,0.027734005420442673,0.9706900366681004,0.0015759579114574848
0.01063063063063063,0.027734002981235854,0.9706899527922462,0.001576044226518452
0.01065065065065065,0.0277340005658778,0.9706898697364682,0.0015761296976544584
0.01067067067067067,0.027733998174135337,0.9706897874927484,0.0015762143331167794
0.01069069069069069,0.027733995805777564,0.970689706053147,0.0015762981410760157
0.01071071071071071,0.027733993460575847,0.9706896254098017,0.0015763811296228814
0.01073073073073073,0.02773399113830378,0.9706895455549277,0.0015764633067689863
0.01075075075075075,0.027733988838737175,0.9706894664808158,0.0015765446804476078
0.01077077077077077,0.027733986561654038,0.970689388179832,0.0015766252585144582
0.01079079079079079,0.027733984306834537,0.9706893106444175,0.001576705048748442
0.010810810810810811,0.027733982074060998,0.9706892338670872,0.0015767840588524077
0.01083083083083083,0.027733979863117868,0.9706891578404288,0.0015768622964538906
0.01085085085085085,0.02773397767379171,0.970689082557103,0.00157693976910585
0.010870870870870871,0.02773397550587117,0.9706890080098419,0.0015770164842873978
0.01089089089089089,0.02773397335914695,0.9706889341914491,0.0015770924494045205
0.01091091091091091,0.02773397123341182,0.9706888610947979,0.0015771676717907944
0.010930930930930931,0.02773396912846056,0.9706887887128318,0.001577242158708094
0.010950950950950951,0.02773396704408996,0.9706887170385633,0.0015773159173472916
0.01097097097097097,0.027733964980098794,0.9706886460650728,0.001577388954828953
0.010990990990990991,0.027733962936287812,0.9706885757855087,0.0015774612782040248
0.011011011011011011,0.027733960912459703,0.9706885061930863,0.0015775328944545137
0.01103103103103103,0.027733958908419096,0.9706884372810872,0.0015776038104941621
0.011051051051051052,0.027733956923972517,0.9706883690428589,0.0015776740331691149
0.011071071071071071,0.027733954958928393,0.9706883014718135,0.0015777435692585803
0.01109109109109109,0.02773395301309702,0.970688234561428,0.0015778124254754845
0.011111111111111112,0.027733951086290547,0.9706881683052428,0.0015778806084671196
0.011131131131131131,0.02773394917832297,0.9706881026968618,0.0015779481248157853
0.01115115115115115,0.027733947289010085,0.970688037729951,0.0015780149810394246
0.011171171171171172,0.027733945418169512,0.9706879733982388,0.001578081183592253
0.011191191191191191,0.027733943565620638,0.9706879096955146,0.0015781467388653809
0.01121121121121121,0.027733941731184618,0.9706878466156285,0.0015782116531874318
0.011231231231231232,0.02773393991468436,0.970687784152491,0.0015782759328251518
0.011251251251251251,0.0277339381159445,0.970687722300072,0.0015783395839840165
0.01127127127127127,0.027733936334791393,0.9706876610524003,0.0015784026128088278
0.011291291291291292,0.027733934571053085,0.9706876004035632,0.001578465025384309
0.011311311311311311,0.027733932824559306,0.9706875403477055,0.0015785268277356912
0.01133133133133133,0.027733931095141457,0.9706874808790298,0.001578588025829295
0.011351351351351352,0.02773392938263258,0.9706874219917948,0.0015786486255731074
0.011371371371371371,0.02773392768686735,0.9706873636803158,0.0015787086328173507
0.01139139139139139,0.02773392600768206,0.9706873059389635,0.0015787680533550486
0.011411411411411412,0.027733924344914604,0.9706872487621633,0.0015788268929225844
0.011431431431431431,0.027733922698404464,0.9706871921443958,0.001578885157200256
0.01145145145145145,0.027733921067992683,0.970687136080195,0.0015789428518128226
0.011471471471471472,0.027733919453521865,0.9706870805641487,0.0015789999823300495
0.011491491491491491,0.02773391785483615,0.9706870255908971,0.0015790565542672446
0.01151151151151151,0.027733916271781206,0.9706869711551335,0.0015791125730857912
0.011531531531531532,0.027733914704204207,0.9706869172516028,0.0015791680441936753
0.011551551551551551,0.027733913151953817,0.970686863875101,0.0015792229729460069
0.01157157157157157,0.02773391161488018,0.970686811020475,0.0015792773646455388
0.011591591591591592,0.02773391009283492,0.9706867586826227,0.0015793312245431768
0.011611611611611611,0.027733908585671097,0.9706867068564912,0.0015793845578384873
0.01163163163163163,0.027733907093243207,0.9706866555370773,0.0015794373696801992
0.011651651651651652,0.027733905615407173,0.9706866047194269,0.0015794896651667011
0.011671671671671671,0.02773390415202033,0.9706865543986338,0.001579541449346533
0.01169169169169169,0.027733902702941408,0.9706865045698405,0.001579592727218874
0.011711711711711712,0.027733901268030506,0.9706864552282363,0.0015796435037340251
0.011731731731731731,0.027733899847149104,0.9706864063690578,0.0015796937837938873
0.01175175175175175,0.027733898440160033,0.9706863579875883,0.0015797435722524336
0.011771771771771772,0.027733897046927462,0.9706863100791571,0.0015797928739161788
0.011791791791791791,0.02773389566731689,0.9706862626391393,0.0015798416935446434
0.011811811811811812,0.027733894301195133,0.9706862156629548,0.0015798900358508124
0.011831831831831832,0.027733892948430306,0.9706861691460689,0.001579937905501591
0.011851851851851851,0.027733891608891816,0.9706861230839907,0.001579985307118255
0.011871871871871872,0.02773389028245034,0.9706860774722735,0.0015800322452768963
0.011891891891891892,0.027733888968977837,0.9706860323065141,0.0015800787245088652
0.011911911911911911,0.027733887668347494,0.970685987582352,0.0015801247493012083
0.011931931931931932,0.027733886380433757,0.9706859432954699,0.0015801703240971008
0.011951951951951952,0.027733885105112287,0.9706858994415922,0.001580215453296276
0.011971971971971971,0.02773388384225997,0.9706858560164853,0.0015802601412554494
0.011991991991991992,0.027733882591754893,0.9706858130159571,0.0015803043922887402
0.012012012012012012,0.02773388135347633,0.9706857704358564,0.0015803482106680872
0.012032032032032031,0.027733880127304742,0.9706857282720723,0.0015803916006236615
0.012052052052052053,0.027733878913121755,0.9706856865205347,0.0015804345663442743
0.012072072072072072,0.02773387771081015,0.9706856451772128,0.0015804771119777821
0.012092092092092091,0.027733876520253865,0.9706856042381153,0.0015805192416314866
0.012112112112112113,0.02773387534133796,0.9706855636992903,0.0015805609593725312
0.012132132132132132,0.02773387417394862,0.9706855235568238,0.001580602269228294
0.012152152152152151,0.027733873017973157,0.9706854838068408,0.0015806431751867762
0.012172172172172173,0.027733871873299964,0.9706854444455038,0.001580683681196987
0.012192192192192192,0.027733870739818544,0.9706854054690128,0.0015807237911693258
0.012212212212212211,0.027733869617419468,0.9706853668736053,0.0015807635089759586
0.012232232232232233,0.02773386850599438,0.9706853286555551,0.001580802838451192
0.012252252252252252,0.02773386740543599,0.9706852908111729,0.001580841783391844
0.012272272272272271,0.027733866315638043,0.9706852533368051,0.0015808803475576099
0.012292292292292293,0.02773386523649534,0.970685216228834,0.0015809185346714254
0.012312312312312312,0.027733864167903695,0.9706851794836773,0.0015809563484198263
0.012332332332332331,0.027733863109759952,0.9706851430977875,0.0015809937924533039
0.012352352352352353,0.027733862061961958,0.9706851070676521,0.0015810308703866581
0.012372372372372372,0.027733861024408557,0.9706850713897929,0.0015810675857993455
0.012392392392392391,0.02773385999699959,0.9706850360607653,0.0015811039422358258
0.012412412412412413,0.02773385897963587,0.9706850010771589,0.0015811399432059032
0.012432432432432432,0.027733857972219177,0.9706849664355965,0.001581175592185066
0.012452452452452452,0.027733856974652266,0.9706849321327337,0.0015812108926148212
0.012472472472472473,0.027733855986838824,0.9706848981652589,0.0015812458479030282
0.012492492492492492,0.027733855008683497,0.970684864529893,0.001581280461424226
0.012512512512512512,0.02773385404009185,0.9706848312233889,0.0015813147365199606
0.012532532532532533,0.027733853080970376,0.9706847982425313,0.0015813486764991056
0.012552552552552552,0.02773385213122648,0.9706847655841361,0.0015813822846381844
0.012572572572572572,0.027733851190768485,0.9706847332450506,0.0015814155641816839
0.012592592592592593,0.02773385025950559,0.9706847012221528,0.0015814485183423693
0.012612612612612612,0.0277338493373479,0.9706846695123512,0.0015814811503015935
0.012632632632632632,0.027733848424206384,0.9706846381125848,0.0015815134632096047
0.012652652652652653,0.027733847519992895,0.970684607019822,0.00158154546018585
0.012672672672672672,0.027733846624620136,0.9706845762310613,0.0015815771443192773
0.012692692692692692,0.02773384573800167,0.9706845457433304,0.0015816085186686325
0.012712712712712713,0.027733844860051905,0.9706845155536861,0.0015816395862627557
0.012732732732732732,0.027733843990686086,0.9706844856592138,0.0015816703501008733
0.012752752752752752,0.027733843129820288,0.9706844560570276,0.0015817008131528872
0.012772772772772773,0.027733842277371395,0.9706844267442697,0.0015817309783596619
0.012792792792792792,0.02773384143325712,0.9706843977181103,0.0015817608486333086
0.012812812812812813,0.027733840597395972,0.9706843689757473,0.0015817904268574652
0.012832832832832833,0.027733839769707256,0.9706843405144059,0.0015818197158875766
0.012852852852852852,0.02773383895011107,0.9706843123313385,0.0015818487185511685
0.012872872872872873,0.02773383813852829,0.9706842844238244,0.0015818774376481215
0.012892892892892893,0.02773383733488057,0.9706842567891693,0.0015819058759509407
0.012912912912912912,0.027733836539090322,0.9706842294247054,0.001581934036205024
0.012932932932932933,0.027733835751080724,0.9706842023277911,0.0015819619211289266
0.012952952952952953,0.027733834970775702,0.9706841754958104,0.0015819895334146241
0.012972972972972972,0.027733834198099928,0.970684148926173,0.0015820168757277714
0.012992992992992993,0.027733833432978805,0.970684122616314,0.001582043950707961
0.013013013013013013,0.027733832675338473,0.9706840965636933,0.0015820707609689772
0.013033033033033032,0.02773383192510579,0.9706840707657959,0.0015820973090990484
0.013053053053053053,0.02773383118220833,0.9706840452201313,0.001582123597661098
0.013073073073073073,0.02773383044657437,0.9706840199242334,0.0015821496291929904
0.013093093093093092,0.027733829718132895,0.97068399487566,0.0015821754062077765
0.013113113113113114,0.027733828996813585,0.9706839700719933,0.001582200931193937
0.013133133133133133,0.0277338282825468,0.9706839455108384,0.0015822262066156217
0.013153153153153152,0.027733827575263593,0.9706839211898243,0.0015822512349128878
0.013173173173173174,0.027733826874895676,0.9706838971066031,0.0015822760185019355
0.013193193193193193,0.027733826181375442,0.97068387325885,0.0015823005597753413
0.013213213213213212,0.027733825494635937,0.9706838496442625,0.0015823248611022886
0.013233233233233234,0.027733824814610862,0.970683826260561,0.0015823489248287966
0.013253253253253253,0.02773382414123457,0.9706838031054882,0.0015823727532779473
0.013273273273273272,0.027733823474442056,0.9706837801768086,0.0015823963487501089
0.013293293293293294,0.027733822814168946,0.9706837574723086,0.0015824197135231586
0.013313313313313313,0.0277338221603515,0.9706837349897965,0.0015824428498527018
0.013333333333333332,0.027733821512926596,0.9706837127271019,0.0015824657599722907
0.013353353353353354,0.027733820871831738,0.9706836906820754,0.0015824884460936392
0.013373373373373373,0.027733820237005033,0.9706836688525888,0.0015825109104068368
0.013393393393393392,0.027733819608385193,0.970683647236535,0.00158253315508056
0.013413413413413414,0.027733818985911533,0.9706836258318269,0.0015825551822622813
0.013433433433433433,0.027733818369523964,0.9706836046363984,0.001582576994078477
0.013453453453453453,0.027733817759162973,0.970683583648203,0.0015825985926348322
0.013473473473473474,0.027733817154769646,0.9706835628652146,0.0015826199800164443
0.013493493493493493,0.027733816556285627,0.9706835422854271,0.0015826411582880243
0.013513513513513513,0.027733815963653145,0.9706835219068535,0.0015826621294940952
0.013533533533533534,0.027733815376814987,0.9706835017275266,0.0015826828956591913
0.013553553553553553,0.0277338147957145,0.9706834817454982,0.0015827034587880518
0.013573573573573573,0.027733814220295583,0.9706834619588394,0.0015827238208658148
0.013593593593593594,0.027733813650502686,0.9706834423656399,0.0015827439838582101
0.013613613613613613,0.027733813086280805,0.9706834229640082,0.001582763949711747
0.013633633633633633,0.02773381252757547,0.9706834037520714,0.0015827837203539038
0.013653653653653654,0.027733811974332744,0.9706833847279747,0.0015828032976933136
0.013673673673673673,0.027733811426499215,0.9706833658898816,0.001582822683619948
0.013693693693693693,0.027733810884021996,0.9706833472359735,0.0015828418800052995
0.013713713713713714,0.02773381034684872,0.9706833287644494,0.0015828608887025629
0.013733733733733733,0.027733809814927533,0.9706833104735264,0.0015828797115468142
0.013753753753753753,0.027733809288207074,0.9706832923614385,0.0015828983503551866
0.013773773773773774,0.0277338087666365,0.9706832744264372,0.0015829168069270473
0.013793793793793793,0.027733808250165456,0.9706832566667911,0.0015829350830441702
0.013813813813813813,0.02773380773874409,0.9706832390807858,0.0015829531804709088
0.013833833833833834,0.02773380723232302,0.9706832216667234,0.0015829711009543656
0.013853853853853853,0.027733806730853364,0.9706832044229228,0.0015829888462245616
0.013873873873873874,0.027733806234286704,0.9706831873477194,0.0015830064179946026
0.013893893893893894,0.02773380574257511,0.9706831704394648,0.001583023817960845
0.013913913913913913,0.02773380525567111,0.9706831536965266,0.0015830410478030598
0.013933933933933934,0.027733804773527694,0.9706831371172885,0.0015830581091845937
0.013953953953953954,0.027733804296098324,0.9706831207001498,0.0015830750037525315
0.013973973973973973,0.027733803823336903,0.970683104443526,0.0015830917331378532
0.013993993993993994,0.027733803355197796,0.9706830883458474,0.0015831082989555922
0.014014014014014014,0.02773380289163581,0.97068307240556,0.001583124702804992
0.014034034034034033,0.02773380243260619,0.9706830566211249,0.0015831409462696594
0.014054054054054054,0.027733801978064618,0.9706830409910184,0.0015831570309177178
0.014074074074074074,0.027733801527967224,0.9706830255137315,0.0015831729583019587
0.014094094094094093,0.027733801082270547,0.9706830101877703,0.001583188729959992
0.014114114114114115,0.027733800640931564,0.9706829950116548,0.0015832043474143934
0.014134134134134134,0.027733800203907668,0.9706829799839202,0.0015832198121728523
0.014154154154154153,0.027733799771156666,0.9706829651031158,0.0015832351257283168
0.014174174174174175,0.027733799342636787,0.9706829503678048,0.0015832502895591382
0.014194194194194194,0.02773379891830666,0.9706829357765648,0.0015832653051292135
0.014214214214214213,0.02773379849812532,0.9706829213279873,0.001583280173888127
0.014234234234234235,0.0277337980820522,0.9706829070206773,0.0015832948972712899
0.014254254254254254,0.027733797670047137,0.9706828928532535,0.001583309476700079
0.014274274274274273,0.027733797262070356,0.9706828788243484,0.0015833239135819735
0.014294294294294295,0.02773379685808247,0.9706828649326076,0.0015833382093106924
0.014314314314314314,0.027733796458044482,0.97068285117669,0.0015833523652663268
0.014334334334334333,0.027733796061917768,0.9706828375552675,0.001583366382815475
0.014354354354354355,0.02773379566966409,0.9706828240670253,0.0015833802633113733
0.014374374374374374,0.027733795281245577,0.9706828107106611,0.0015833940080940273
0.014394394394394393,0.027733794896624735,0.9706827974848856,0.0015834076184903408
0.014414414414414415,0.02773379451576443,0.970682784388422,0.0015834210958142446
0.014434434434434434,0.027733794138627896,0.970682771420006,0.001583434441366822
0.014454454454454453,0.027733793765178726,0.9706827585783856,0.0015834476564364364
0.014474474474474475,0.027733793395380867,0.9706827458623211,0.0015834607422988535
0.014494494494494494,0.02773379302919862,0.9706827332705847,0.001583473700217366
0.014514514514514514,0.02773379266659663,0.9706827208019612,0.001583486531442915
0.014534534534534535,0.027733792307539893,0.9706827084552466,0.0015834992372142104
0.014554554554554554,0.027733791951993752,0.9706826962292492,0.001583511818757852
0.014574574574574574,0.027733791599923875,0.9706826841227885,0.0015835242772884457
0.014594594594594595,0.02773379125129628,0.9706826721346957,0.0015835366140087223
0.014614614614614614,0.027733790906077308,0.9706826602638138,0.0015835488301096533
0.014634634634634634,0.02773379056423363,0.9706826485089965,0.0015835609267705654
0.014654654654654655,0.02773379022573225,0.9706826368691093,0.0015835729051592552
0.014674674674674674,0.027733789890540483,0.9706826253430282,0.0015835847664321012
0.014694694694694694,0.027733789558625977,0.9706826139296406,0.0015835965117341755
0.014714714714714715,0.027733789229956687,0.9706826026278447,0.001583608142199355
0.014734734734734734,0.02773378890450088,0.9706825914365494,0.0015836196589504297
0.014754754754754754,0.02773378858222714,0.9706825803546744,0.0015836310630992125
0.014774774774774775,0.027733788263104357,0.9706825693811497,0.0015836423557466454
0.014794794794794794,0.02773378794710172,0.9706825585149161,0.0015836535379829062
0.014814814814814814,0.02773378763418872,0.9706825477549245,0.001583664610887514
0.014834834834834835,0.02773378732433516,0.9706825371001362,0.001583675575529433
0.014854854854854854,0.027733787017511113,0.9706825265495225,0.001583686432967176
0.014874874874874875,0.027733786713686967,0.9706825161020649,0.001583697184248906
0.014894894894894895,0.02773378641283339,0.9706825057567549,0.0015837078304125384
0.014914914914914914,0.027733786114921336,0.9706824955125936,0.0015837183724858402
0.014934934934934935,0.027733785819922044,0.9706824853685921,0.0015837288114865298
0.014954954954954955,0.02773378552780704,0.9706824753237713,0.0015837391484223753
0.014974974974974974,0.027733785238548123,0.9706824653771613,0.0015837493842912915
0.014994994994994995,0.027733784952117365,0.970682455527802,0.0015837595200814357
0.015015015015015015,0.027733784668487114,0.9706824457747423,0.0015837695567713051
0.015035035035035034,0.02773378438762999,0.970682436117041,0.0015837794953298284
0.015055055055055055,0.02773378410951888,0.9706824265537654,0.0015837893367164615
0.015075075075075075,0.027733783834126936,0.9706824170839925,0.0015837990818812799
0.015095095095095094,0.027733783561427573,0.9706824077068081,0.001583808731765069
0.015115115115115116,0.02773378329139446,0.9706823984213069,0.0015838182872994168
0.015135135135135135,0.02773378302400153,0.9706823892265924,0.001583827749406802
0.015155155155155154,0.027733782759222975,0.9706823801217771,0.0015838371190006848
0.015175175175175176,0.02773378249703323,0.9706823711059819,0.001583846396985594
0.015195195195195195,0.027733782237406978,0.9706823621783366,0.0015838555842572143
0.015215215215215214,0.02773378198031916,0.9706823533379791,0.0015838646817024735
0.015235235235235236,0.02773378172574496,0.9706823445840561,0.0015838736901996275
0.015255255255255255,0.027733781473659798,0.9706823359157226,0.001583882610618345
0.015275275275275274,0.027733781224039338,0.9706823273321417,0.0015838914438197921
0.015295295295295296,0.027733780976859485,0.9706823188324846,0.0015839001906567147
0.015315315315315315,0.027733780732096373,0.9706823104159309,0.0015839088519735217
0.015335335335335334,0.02773378048972637,0.9706823020816681,0.0015839174286063655
0.015355355355355356,0.027733780249726087,0.9706822938288915,0.0015839259213832233
0.015375375375375375,0.02773378001207235,0.9706822856568044,0.0015839343311239771
0.015395395395395394,0.027733779776742212,0.970682277564618,0.0015839426586404927
0.015415415415415416,0.02773377954371296,0.9706822695515511,0.001583950904736698
0.015435435435435435,0.027733779312962097,0.97068226161683,0.0015839590702086607
0.015455455455455454,0.027733779084467343,0.9706822537596888,0.0015839671558446652
0.015475475475475476,0.027733778858206645,0.9706822459793688,0.0015839751624252885
0.015495495495495495,0.027733778634158157,0.9706822382751191,0.0015839830907234758
0.015515515515515515,0.027733778412300247,0.9706822306461959,0.0015839909415046147
0.015535535535535536,0.027733778192611504,0.9706822230918626,0.0015839987155266103
0.015555555555555555,0.027733777975070713,0.9706822156113901,0.0015840064135399562
0.015575575575575575,0.027733777759656873,0.970682208204056,0.0015840140362878093
0.015595595595595596,0.027733777546349193,0.9706822008691455,0.0015840215845060598
0.015615615615615615,0.02773377733512708,0.9706821936059503,0.0015840290589234033
0.015635635635635636,0.027733777125970138,0.9706821864137692,0.0015840364602614106
0.015655655655655656,0.02773377691885818,0.9706821792919079,0.0015840437892345976
0.015675675675675675,0.027733776713771207,0.970682172239679,0.0015840510465504939
0.015695695695695695,0.027733776510689426,0.9706821652564016,0.0015840582329097114
0.015715715715715714,0.027733776309593228,0.9706821583414015,0.0015840653490060128
0.015735735735735737,0.0277337761104632,0.9706821514940112,0.0015840723955263764
0.015755755755755756,0.027733775913280117,0.9706821447135695,0.0015840793731510647
0.015775775775775776,0.027733775718024947,0.9706821379994222,0.0015840862825536887
0.015795795795795795,0.027733775524678837,0.9706821313509206,0.0015840931244012733
0.015815815815815815,0.02773377533322312,0.9706821247674233,0.001584099899354322
0.015835835835835834,0.02773377514363932,0.9706821182482945,0.0015841066080668799
0.015855855855855857,0.02773377495590913,0.970682111792905,0.001584113251186598
0.015875875875875876,0.027733774770014426,0.9706821054006315,0.0015841198293547944
0.015895895895895896,0.027733774585937263,0.970682099070857,0.0015841263432065172
0.015915915915915915,0.027733774403659872,0.9706820928029702,0.0015841327933706056
0.015935935935935935,0.027733774223164653,0.9706820865963663,0.00158413918046975
0.015955955955955954,0.02773377404443418,0.970682080450446,0.001584145505120553
0.015975975975975977,0.027733773867451208,0.970682074364616,0.0015841517679335885
0.015995995995995996,0.027733773692198642,0.9706820683382886,0.0015841579695134603
0.016016016016016016,0.027733773518659566,0.9706820623708823,0.0015841641104588613
0.016036036036036035,0.027733773346817227,0.9706820564618209,0.0015841701913626306
0.016056056056056055,0.027733773176655038,0.9706820506105339,0.0015841762128118108
0.016076076076076074,0.027733773008156565,0.9706820448164565,0.0015841821753877052
0.016096096096096097,0.02773377284130555,0.9706820390790293,0.0015841880796659332
0.016116116116116116,0.02773377267608588,0.9706820333976984,0.0015841939262164861
0.016136136136136136,0.027733772512481603,0.9706820277719154,0.0015841997156037832
0.016156156156156155,0.027733772350476936,0.9706820222011373,0.0015842054483867244
0.016176176176176175,0.027733772190056228,0.970682016684826,0.0015842111251187447
0.016196196196196194,0.02773377203120399,0.9706820112224491,0.001584216746347869
0.016216216216216217,0.027733771873904894,0.9706820058134793,0.0015842223126167638
0.016236236236236237,0.027733771718143754,0.9706820004573944,0.0015842278244627896
0.016256256256256256,0.02773377156390553,0.9706819951536774,0.001584233282418053
0.016276276276276275,0.027733771411175334,0.9706819899018162,0.001584238687009458
0.016296296296296295,0.027733771259938422,0.9706819847013038,0.0015842440387587573
0.016316316316316314,0.027733771110180192,0.9706819795516382,0.0015842493381826017
0.016336336336336337,0.027733770961886187,0.9706819744523222,0.001584254585792591
0.016356356356356357,0.02773377081504209,0.9706819694028636,0.001584259782095323
0.016376376376376376,0.02773377066963373,0.9706819644027748,0.001584264927592442
0.016396396396396395,0.027733770525647062,0.9706819594515732,0.0015842700227806877
0.016416416416416415,0.02773377038306819,0.9706819545487808,0.0015842750681519435
0.016436436436436438,0.02773377024188335,0.9706819496939243,0.0015842800641932828
0.016456456456456457,0.027733770102078913,0.970681944886535,0.0015842850113870174
0.016476476476476477,0.027733769963641377,0.9706819401261488,0.0015842899102107427
0.016496496496496496,0.027733769826557383,0.9706819354123062,0.0015842947611373853
0.016516516516516516,0.027733769690813693,0.970681930744552,0.0015842995646352476
0.016536536536536535,0.027733769556397208,0.9706819261224358,0.001584304321168053
0.016556556556556558,0.027733769423294946,0.970681921545511,0.0015843090311949911
0.016576576576576577,0.02773376929149406,0.9706819170133362,0.0015843136951707623
0.016596596596596597,0.027733769160981827,0.9706819125254735,0.0015843183135456204
0.016616616616616616,0.027733769031745643,0.9706819080814899,0.0015843228867654178
0.016636636636636636,0.027733768903773038,0.9706819036809563,0.0015843274152716475
0.016656656656656655,0.027733768777051655,0.9706818993234478,0.0015843318995014855
0.016676676676676678,0.02773376865156926,0.9706818950085438,0.0015843363398878338
0.016696696696696697,0.027733768527313737,0.9706818907358279,0.0015843407368593616
0.016716716716716717,0.027733768404273093,0.9706818865048873,0.001584345090840547
0.016736736736736736,0.027733768282435452,0.9706818823153138,0.0015843494022517177
0.016756756756756756,0.02773376816178905,0.9706818781667028,0.0015843536715090922
0.016776776776776775,0.027733768042322235,0.9706818740586539,0.001584357899024819
0.016796796796796798,0.027733767924023482,0.9706818699907704,0.0015843620852070172
0.016816816816816817,0.027733767806881367,0.9706818659626598,0.0015843662304598155
0.016836836836836837,0.027733767690884578,0.970681861973933,0.0015843703351833913
0.016856856856856856,0.027733767576021924,0.970681858024205,0.0015843743997740096
0.016876876876876876,0.02773376746228231,0.9706818541130946,0.0015843784246240607
0.016896896896896895,0.02773376734965476,0.9706818502402241,0.0015843824101220987
0.016916916916916918,0.027733767238128395,0.9706818464052197,0.0015843863566528781
0.016936936936936937,0.027733767127692457,0.9706818426077112,0.0015843902645973926
0.016956956956956957,0.027733767018336276,0.9706818388473318,0.0015843941343329098
0.016976976976976976,0.027733766910049303,0.9706818351237186,0.0015843979662330092
0.016996996996996996,0.027733766802821077,0.9706818314365123,0.0015844017606676175
0.017017017017017015,0.02773376669664125,0.9706818277853567,0.0015844055180030449
0.017037037037037038,0.02773376659149957,0.9706818241698993,0.0015844092386020194
0.017057057057057057,0.027733766487385892,0.9706818205897914,0.0015844129228237234
0.017077077077077077,0.02773376638429016,0.970681817044687,0.0015844165710238265
0.017097097097097096,0.027733766282202418,0.970681813534244,0.0015844201835545216
0.017117117117117116,0.027733766181112816,0.9706818100581236,0.0015844237607645579
0.017137137137137135,0.027733766081011593,0.9706818066159901,0.0015844273029992746
0.017157157157157158,0.027733765981889088,0.9706818032075113,0.0015844308106006345
0.017177177177177178,0.027733765883735727,0.970681799832358,0.0015844342839072573
0.017197197197197197,0.02773376578654204,0.9706817964902045,0.0015844377232544513
0.017217217217217216,0.02773376569029864,0.9706817931807281,0.001584441128974247
0.017237237237237236,0.027733765594996237,0.9706817899036093,0.0015844445013954282
0.017257257257257255,0.02773376550062563,0.9706817866585318,0.001584447840843564
0.017277277277277278,0.02773376540717771,0.9706817834451822,0.0015844511476410406
0.017297297297297298,0.027733765314643454,0.9706817802632505,0.001584454422107092
0.017317317317317317,0.02773376522301393,0.9706817771124292,0.0015844576645578313
0.017337337337337336,0.02773376513228029,0.9706817739924144,0.0015844608753062804
0.017357357357357356,0.027733765042433783,0.9706817709029048,0.0015844640546624007
0.017377377377377375,0.027733764953465724,0.9706817678436022,0.0015844672029331234
0.017397397397397398,0.02773376486536753,0.9706817648142111,0.0015844703204223787
0.017417417417417418,0.027733764778130693,0.9706817618144391,0.001584473407431125
0.017437437437437437,0.027733764691746793,0.9706817588439968,0.001584476464257378
0.017457457457457456,0.027733764606207495,0.9706817559025972,0.00158447949119624
0.017477477477477476,0.027733764521504535,0.9706817529899565,0.0015844824885399278
0.0174974974974975,0.027733764437629736,0.9706817501057934,0.0015844854565778015
0.017517517517517518,0.027733764354575006,0.9706817472498296,0.0015844883955963914
0.017537537537537538,0.02773376427233232,0.9706817444217892,0.0015844913058794265
0.017557557557557557,0.027733764190893746,0.9706817416213993,0.0015844941877078622
0.017577577577577577,0.02773376411025142,0.9706817388483896,0.0015844970413599062
0.017597597597597596,0.02773376403039755,0.9706817361024924,0.0015844998671110469
0.01761761761761762,0.027733763951324437,0.9706817333834424,0.0015845026652340783
0.01763763763763764,0.02773376387302444,0.9706817306909774,0.001584505435999128
0.017657657657657658,0.027733763795490002,0.9706817280248373,0.001584508179673682
0.017677677677677677,0.02773376371871364,0.9706817253847647,0.0015845108965226113
0.017697697697697697,0.02773376364268794,0.9706817227705048,0.0015845135868081967
0.017717717717717716,0.02773376356740556,0.9706817201818052,0.0015845162507901556
0.01773773773773774,0.02773376349285924,0.970681717618416,0.0015845188887256647
0.01775775775775776,0.02773376341904178,0.9706817150800898,0.0015845215008693876
0.017777777777777778,0.027733763345946048,0.9706817125665814,0.001584524087473497
0.017797797797797797,0.027733763273564995,0.9706817100776483,0.0015845266487877004
0.017817817817817817,0.02773376320189163,0.9706817076130501,0.001584529185059264
0.017837837837837836,0.027733763130919034,0.9706817051725489,0.0015845316965330362
0.01785785785785786,0.027733763060640355,0.9706817027559091,0.0015845341834514713
0.01787787787787788,0.02773376299104881,0.9706817003628975,0.0015845366460546537
0.017897897897897898,0.02773376292213768,0.970681697993283,0.0015845390845803196
0.017917917917917917,0.02773376285390031,0.9706816956468368,0.0015845414992638812
0.017937937937937937,0.027733762786330118,0.9706816933233324,0.0015845438903384491
0.017957957957957956,0.027733762719420574,0.9706816910225455,0.0015845462580348548
0.01797797797797798,0.027733762653165225,0.9706816887442541,0.0015845486025816724
0.017997997997998,0.02773376258755767,0.970681686488238,0.0015845509242052417
0.018018018018018018,0.02773376252259158,0.9706816842542797,0.0015845532231296893
0.018038038038038037,0.027733762458260678,0.9706816820421633,0.0015845554995769502
0.018058058058058057,0.027733762394558756,0.9706816798516754,0.00158455775376679
0.018078078078078076,0.027733762331479665,0.9706816776826045,0.0015845599859168253
0.0180980980980981,0.027733762269017314,0.9706816755347412,0.0015845621962425449
0.01811811811811812,0.027733762207165676,0.9706816734078779,0.001584564384957331
0.018138138138138138,0.027733762145918776,0.9706816713018097,0.0015845665522724794
0.018158158158158157,0.027733762085270702,0.970681669216333,0.0015845686983972198
0.018178178178178177,0.027733762025215603,0.9706816671512466,0.0015845708235387365
0.018198198198198196,0.027733761965747675,0.9706816651063511,0.0015845729279021878
0.01821821821821822,0.027733761906861183,0.9706816630814491,0.0015845750116907267
0.01823823823823824,0.02773376184855044,0.970681661076345,0.001584577075105519
0.018258258258258258,0.027733761790809816,0.9706816590908454,0.0015845791183457644
0.018278278278278277,0.027733761733633736,0.9706816571247585,0.0015845811416087148
0.018298298298298297,0.02773376167701668,0.9706816551778946,0.0015845831450896932
0.018318318318318316,0.027733761620953187,0.9706816532500657,0.0015845851289821133
0.01833833833833834,0.02773376156543784,0.9706816513410856,0.0015845870934774976
0.01835835835835836,0.027733761510465284,0.9706816494507702,0.001584589038765496
0.018378378378378378,0.027733761456030206,0.9706816475789368,0.001584590965033904
0.018398398398398397,0.027733761402127355,0.9706816457254049,0.0015845928724686812
0.018418418418418417,0.027733761348751523,0.9706816438899954,0.001584594761253969
0.018438438438438436,0.027733761295897566,0.9706816420725313,0.0015845966315721082
0.01845845845845846,0.027733761243560372,0.970681640272837,0.0015845984836036571
0.01847847847847848,0.027733761191734894,0.9706816384907386,0.0015846003175274085
0.018498498498498498,0.027733761140416126,0.9706816367260644,0.0015846021335204068
0.018518518518518517,0.027733761089599115,0.9706816349786439,0.001584603931757966
0.018538538538538537,0.027733761039278958,0.9706816332483084,0.0015846057124136856
0.01855855855855856,0.027733760989450792,0.9706816315348907,0.0015846074756594676
0.01857857857857858,0.02773376094010981,0.9706816298382256,0.0015846092216655339
0.0185985985985986,0.027733760891251246,0.9706816281581493,0.0015846109506004414
0.018618618618618618,0.027733760842870388,0.9706816264944995,0.0015846126626310995
0.018638638638638638,0.02773376079496256,0.9706816248471156,0.0015846143579227854
0.018658658658658657,0.02773376074752314,0.9706816232158386,0.0015846160366391605
0.01867867867867868,0.027733760700547547,0.9706816216005112,0.0015846176989422857
0.0186986986986987,0.02773376065403125,0.9706816200009771,0.001584619344992638
0.01871871871871872,0.02773376060796975,0.9706816184170821,0.0015846209749491246
0.018738738738738738,0.027733760562358607,0.9706816168486733,0.0015846225889690998
0.018758758758758758,0.02773376051719342,0.9706816152955992,0.001584624187208379
0.018778778778778777,0.02773376047246982,0.9706816137577099,0.001584625769821254
0.0187987987987988,0.027733760428183495,0.9706816122348569,0.0015846273369605085
0.01881881881881882,0.02773376038433017,0.9706816107268934,0.001584628888777432
0.01883883883883884,0.027733760340905612,0.9706816092336735,0.0015846304254218348
0.018858858858858858,0.027733760297905627,0.9706816077550533,0.0015846319470420628
0.018878878878878878,0.027733760255326062,0.97068160629089,0.0015846334537850113
0.018898898898898897,0.02773376021316281,0.970681604841042,0.0015846349457961392
0.01891891891891892,0.027733760171411798,0.9706816034053697,0.0015846364232194835
0.01893893893893894,0.027733760130068997,0.9706816019837343,0.0015846378861976728
0.01895895895895896,0.027733760089130415,0.9706816005759986,0.0015846393348719413
0.018978978978978978,0.027733760048592102,0.9706815991820267,0.0015846407693821418
0.018998998998998998,0.02773376000845014,0.9706815978016841,0.0015846421898667604
0.019019019019019017,0.027733759968700658,0.9706815964348374,0.0015846435964629287
0.01903903903903904,0.027733759929339817,0.9706815950813548,0.0015846449893064378
0.01905905905905906,0.027733759890363818,0.9706815937411054,0.0015846463685317512
0.01907907907907908,0.027733759851768895,0.97068159241396,0.0015846477342720175
0.0190990990990991,0.027733759813551327,0.9706815910997906,0.0015846490866590834
0.019119119119119118,0.027733759775707422,0.9706815897984701,0.0015846504258235066
0.019139139139139137,0.027733759738233527,0.9706815885098729,0.0015846517518945684
0.01915915915915916,0.027733759701126025,0.9706815872338747,0.0015846530650002863
0.01917917917917918,0.02773375966438133,0.9706815859703523,0.0015846543652674255
0.0191991991991992,0.0277337596279959,0.9706815847191835,0.0015846556528215123
0.01921921921921922,0.02773375959196622,0.9706815834802479,0.0015846569277868454
0.019239239239239238,0.027733759556288807,0.9706815822534256,0.0015846581902865086
0.019259259259259257,0.027733759520960227,0.9706815810385984,0.001584659440442382
0.01927927927927928,0.02773375948597706,0.9706815798356487,0.0015846606783751537
0.0192992992992993,0.027733759451335934,0.9706815786444607,0.0015846619042043327
0.01931931931931932,0.027733759417033505,0.9706815774649192,0.0015846631180482585
0.01933933933933934,0.027733759383066457,0.9706815762969104,0.0015846643200241144
0.019359359359359358,0.027733759349431515,0.9706815751403215,0.0015846655102479375
0.019379379379379377,0.02773375931612543,0.970681573995041,0.0015846666888346304
0.0193993993993994,0.02773375928314499,0.970681572860958,0.0015846678558979726
0.01941941941941942,0.027733759250487006,0.9706815717379633,0.0015846690115506306
0.01943943943943944,0.02773375921814833,0.9706815706259485,0.00158467015590417
0.01945945945945946,0.027733759186125834,0.9706815695248061,0.001584671289069065
0.019479479479479478,0.02773375915441643,0.9706815684344299,0.0015846724111547102
0.0194994994994995,0.027733759123017062,0.9706815673547144,0.0015846735222694302
0.01951951951951952,0.02773375909192469,0.9706815662855558,0.0015846746225204901
0.01953953953953954,0.02773375906113632,0.9706815652268506,0.0015846757120141076
0.01955955955955956,0.027733759030648973,0.9706815641784965,0.0015846767908554605
0.01957957957957958,0.02773375900045971,0.9706815631403926,0.0015846778591486986
0.019599599599599598,0.02773375897056561,0.9706815621124384,0.0015846789169969542
0.01961961961961962,0.0277337589409638,0.9706815610945349,0.0015846799645023502
0.01963963963963964,0.02773375891165141,0.9706815600865836,0.0015846810017660117
0.01965965965965966,0.027733758882625616,0.9706815590884873,0.0015846820288880745
0.01967967967967968,0.027733758853883617,0.9706815581001497,0.001584683045967696
0.0196996996996997,0.027733758825422634,0.9706815571214753,0.0015846840531030634
0.019719719719719718,0.02773375879723992,0.9706815561523696,0.0015846850503914045
0.01973973973973974,0.027733758769332758,0.9706815551927392,0.0015846860379289966
0.01975975975975976,0.027733758741698453,0.9706815542424914,0.0015846870158111746
0.01977977977977978,0.027733758714334332,0.9706815533015343,0.0015846879841323427
0.0197997997997998,0.02773375868723776,0.9706815523697773,0.0015846889429859809
0.01981981981981982,0.02773375866040612,0.9706815514471302,0.001584689892464656
0.019839839839839838,0.027733758633836817,0.9706815505335041,0.0015846908326600294
0.01985985985985986,0.02773375860752729,0.9706815496288108,0.0015846917636628663
0.01987987987987988,0.027733758581474997,0.970681548732963,0.0015846926855630444
0.0198998998998999,0.027733758555677425,0.970681547845874,0.0015846935984495632
0.01991991991991992,0.02773375853013208,0.9706815469674583,0.0015846945024105515
0.01993993993993994,0.027733758504836503,0.9706815460976312,0.0015846953975332762
0.019959959959959958,0.027733758479788245,0.9706815452363086,0.0015846962839041517
0.01997997997997998,0.02773375845498489,0.9706815443834074,0.001584697161608747
0.02,0.027733758430424044,0.9706815435388452,0.0015846980307317943
