9.719428395048167246e+00,-1.642109109391818866e-01,-7.486406146472336653e-02,2.933155799509068982e-04,4.160789882809770839e-05,1.727808609522553255e-04,-1.049380372408368123e+00,1.387458543051421048e-04,2.137989084044633541e-05,1.290330076560359575e-04,-3.051112556501579440e-04,3.810780117191883226e-05,7.846372920930974062e-05,-2.404939110209467401e-04,5.842488755415689268e-04,4.074485244130329970e-04,4.046048149739278925e-04,-8.840353256743231506e-04,6.973223993442497284e-04,4.140315729418281841e-04,-2.558660780704916874e-04,1.847977260307542878e-04,-7.334152121676101518e-04,9.769761969817976864e-04,-5.251774154407804537e-04,-3.765378719400623380e-04,4.181963314935256145e-05,-4.000446618137206952e-04,1.079061194408019415e-04,-1.438908547689993974e-06,3.091653290632585468e-02,4.526259127612806315e-04,-1.351981808433654110e-05,-3.742146862095479229e-07,-1.285391236298426883e-04,-2.116060525855524758e-05,-1.509769830439956586e-05,-1.509604077254854114e-05,1.112614167196003196e-06,-1.345912709420830997e-04,2.603028198999693312e-04
-1.642109109391819699e-01,1.423953804002976540e+02,-2.138027940563220347e-02,-2.543484068480230675e-01,-3.608026133828814985e-02,-1.498268067601150610e-01,-6.808617103730103814e-02,-1.203133737566456779e-01,-1.853955788765908677e-02,-1.118908853515874630e-01,2.645770190557420465e-01,-3.304515402209805275e-02,-6.803976973566415454e-02,2.085441323473717912e-01,-5.066310174236847708e-01,-3.533187124747292351e-01,-3.508527917571981347e-01,7.665906349750395421e-01,-6.046826471418094151e-01,-3.590271985557690892e-01,2.218740966114849111e-01,-1.602472231885078702e-01,6.359805053797608076e-01,-8.471842486933348626e-01,4.554072407346468343e-01,3.265145610810329946e-01,-3.626386661181409121e-02,3.468984580273761775e-01,-9.357071851933011775e-02,1.247748574304186802e-03,-1.695126058323935883e-03,-3.924942542371328003e-01,1.172370111127939325e-02,3.245000121454905324e-04,1.114626141521795483e-01,1.834940454357814749e-02,1.309195887732536069e-02,1.309052154970133906e-02,-9.648026228617216822e-04,1.167107296022220769e-01,-2.257214142892995656e-01
-7.486406146472414369e-02,-2.138027940563219306e-02,3.570545205252752957e-02,3.818972209281572717e-05,5.417353191320363248e-06,2.249608787855189441e-05,-7.273345066768370504e-02,1.806472611625513087e-05,2.783664235319638143e-06,1.680011237046772658e-05,-3.972552041940549656e-05,4.961640075741740676e-06,1.021598652676752338e-05,-3.131233475031068331e-05,7.606927048916713597e-05,5.304984452945170819e-05,5.267959323488909768e-05,-1.151015006205432514e-04,9.079145623464455138e-05,5.390695820162775918e-05,-3.331379266019968919e-05,2.406068508764514909e-05,-9.549074459669777129e-05,1.272024127060531222e-04,-6.837815962065019518e-05,-4.902527403835112624e-05,5.444921024190340357e-06,-5.208586077131453697e-05,1.404938910591835596e-05,-1.873460576572677461e-07,-6.792836967792260407e-03,5.893194566498447960e-05,-1.760281862534014636e-06,-4.872279499024481727e-08,-1.673580861370969390e-05,-2.755113227450294055e-06,-1.965722047845857811e-06,-1.965506237009068478e-06,1.448624919578309429e-07,-1.752379888670517973e-05,3.389145695438302170e-05
2.933155799509100966e-04,-2.543484068480221794e-01,3.818972209281557809e-05,3.906860498937514592e+01,-2.979189803963364636e-01,6.907759785236389227e-01,1.216163690355455396e-04,2.149052507987779482e-04,3.311558983961922881e-05,1.998608968211423875e-04,-4.725907757418071082e-04,5.902566681545689392e-05,1.215334864510566178e-04,-3.725041337081639627e-04,9.049506506408950711e-04,6.311022968225070331e-04,6.266976384399599231e-04,-1.369293766148809051e-03,1.080091696210973241e-03,6.412988659537794929e-04,-3.963142823547499737e-04,2.862355913881240452e-04,-1.135996321474810325e-03,1.513251085506716470e-03,-8.134541009847897795e-04,-5.832243868458242796e-04,6.477497144173437324e-05,-6.196343581460346224e-04,1.671371860246574116e-04,9.532997371244460172e-02,3.027855335820719155e-06,7.010781387821548747e-04,-2.094102134236181228e-05,-5.796259743774468975e-07,-1.990959134560723828e-04,-3.277593556159569331e-05,-2.338502045225462637e-05,-2.338245307970182599e-05,1.723342494383046794e-06,-2.084701628166973409e-04,4.031864092400429343e-04
4.160789882809753221e-05,-3.608026133828814985e-02,5.417353191320366636e-06,-2.979189803963350203e-01,1.239137740418211342e-01,-2.023723226926197327e-01,1.725173132473384907e-05,3.048510390876305718e-05,4.697568782095570064e-06,2.835100670758329059e-05,-6.703874777960466683e-05,8.373008939823651080e-06,1.723997412386968806e-05,-5.284108778323822961e-05,1.283705936199820740e-04,8.952419275091226905e-05,8.889937568396863855e-05,-1.942393803199934563e-04,1.532149980868253330e-04,9.097061375888952812e-05,-5.621864534814807881e-05,4.060357628964392565e-05,-1.611452757501842048e-04,2.146602579986010069e-04,-1.153914699680834183e-04,-8.273253431004910633e-05,9.188569044957161990e-06,-8.789742327519183560e-05,2.370902741576419434e-05,-2.208364836143132323e-02,4.295124674251162425e-07,9.945052449624738281e-05,-2.970561255272682503e-06,-8.222208620514002523e-08,-2.824249099060661275e-05,-4.649387567722572692e-06,-3.317251559679342155e-06,-3.316887368396185982e-06,2.444625006433426690e-07,-2.957226290061340968e-05,5.719348193959327407e-05
1.727808609522548918e-04,-1.498268067601149500e-01,2.249608787855190118e-05,6.907759785236510242e-01,-2.023723226926199548e-01,3.711855861365968678e+00,7.163949815200968329e-05,1.265923694281360283e-04,1.950711286590627226e-05,1.177303225052899019e-04,-2.783849433583806252e-04,3.476973685599124087e-05,7.159067522787954769e-05,-2.194277744848822172e-04,5.330714194016100997e-04,3.717579482555548190e-04,3.691633344008589889e-04,-8.065979851849118835e-04,6.362402338462471016e-04,3.777643526666558038e-04,-2.334534119339629359e-04,1.686103135861238920e-04,-6.691714858646814756e-04,8.913976728905475795e-04,-4.791743416316927872e-04,-3.435549236915373585e-04,3.815642979392257754e-05,-3.650026292295428321e-04,9.845405042347487386e-05,-5.991265188040963141e-02,1.783592442820601988e-06,4.129780096708770979e-04,-1.233554554912605952e-05,-3.414352381144785703e-07,-1.172797003990513784e-04,-1.930703567057653211e-05,-1.377521087629538655e-05,-1.377369853644580416e-05,1.015154394270315304e-06,-1.228017080454922377e-04,2.375015160272155208e-04
-1.049380372408367901e+00,-6.808617103730109366e-02,-7.273345066768370504e-02,1.216163690355459868e-04,1.725173132473383891e-05,7.163949815200984592e-05,4.194870523114098582e+00,5.752768748987163125e-05,8.864666155226360407e-06,5.350048531172231351e-05,-1.265071670255594127e-04,1.580049860028903450e-05,3.253312984268220785e-05,-9.971511311612074862e-05,2.422449801962730728e-04,1.689388954937179842e-04,1.677598186215138558e-04,-3.665443425325792923e-04,2.891282429306899285e-04,1.716684008932928837e-04,-1.060888186693215206e-04,7.662200708754540713e-05,-3.040932742617644124e-04,4.050800769975072108e-04,-2.177523961600355063e-04,-1.561225244065992475e-04,1.733952195404708273e-05,-1.658690589500231335e-04,4.474072071215100547e-05,-5.966094026561962601e-07,-3.400968695570593531e-02,1.876706312383396994e-04,-5.605672858267902095e-06,-1.551592703810636521e-07,-5.329570797940120960e-05,-8.773744574259763481e-06,-6.259903578536476834e-06,-6.259216322150977541e-06,4.613191538428766647e-07,-5.580508774404372552e-05,1.079284087508967102e-04
1.387458543051428908e-04,-1.203133737566458999e-01,1.806472611625517831e-05,2.149052507987799811e-04,3.048510390876313510e-05,1.265923694281362723e-04,5.752768748987166514e-05,3.980824881743864896e-02,1.566453034607180158e-05,9.453937249525700814e-05,-2.235476578775737807e-04,5.598376752568835490e-01,5.748848188410559892e-05,-1.762040880071438721e-04,4.280650593063633027e-04,2.985277063742435857e-04,2.964441890571165158e-04,-6.477113606130976845e-04,5.109113029173689919e-04,3.033509472513179397e-04,-1.874669040350409298e-04,1.353968366301249360e-04,-5.373556363316940370e-04,7.158068953307963021e-04,-3.847848252658331498e-04,-2.758802168574252408e-04,3.064023653901639922e-05,-2.931030748253447209e-04,7.906021107037594501e-05,-1.054253587107717493e-06,1.432253872607592821e-06,-3.074014315213506598e-02,-9.905644618859392364e-06,-2.741780747068034521e-07,-9.417751558150984825e-05,-1.550386508928513311e-05,-3.853484098301653178e-03,-1.106050496477590169e-05,8.151855645838914532e-07,-9.861177794229597179e-05,1.907175977614120077e-04
2.137989084044633202e-05,-1.853955788765908677e-02,2.783664235319639413e-06,3.311558983961907296e-05,4.697568782095567523e-06,1.950711286590627903e-05,8.864666155226351936e-06,1.566453034607177448e-05,2.336886118225090132e-03,1.456794132116975405e-05,-3.444733211666715927e-05,4.302404643865938398e-06,8.858624810238099461e-06,-8.385343512441733108e-03,6.596221765625756301e-05,4.600130077467545200e-05,4.568024344991859336e-05,-9.980837449434104569e-05,7.872831905665591461e-05,4.674453280827671112e-05,2.201106973213624168e-02,2.086382762058870978e-05,-8.280322972391954725e-05,1.103014815228529764e-04,-5.929299727508182511e-05,-4.251146061977695355e-05,4.721473775273328083e-06,-4.516539810251297640e-05,1.218269685225935076e-05,-1.624540547419908470e-07,2.207015957738913609e-07,5.110186809815702249e-05,-1.526399485707785860e-06,-4.224917088465339077e-08,-1.451218137537150318e-05,-2.389051153088054444e-06,-1.704543565856568318e-06,-1.704356429036439317e-06,-4.439701652128055873e-04,-1.519547418946185731e-05,2.938841986963785445e-05
1.290330076560358219e-04,-1.118908853515873936e-01,1.680011237046772320e-05,1.998608968211413033e-04,2.835100670758326349e-05,1.177303225052898477e-04,5.350048531172218476e-05,9.453937249525677774e-05,1.456794132116974727e-05,7.561325424394133021e-02,3.935344984228678622e-01,2.596609194566533357e-05,5.346402427831358709e-05,-1.638689930644496393e-04,3.980985403231036921e-04,2.776293966766764723e-04,2.756917351351589104e-04,-6.023685923550735647e-04,4.751451666145269765e-04,2.821149885535278036e-04,-1.743433602737212370e-04,1.259184365903633454e-04,-4.997382753095463244e-04,6.656971270819298653e-04,-3.578481213230186547e-04,-2.565673353787074700e-04,2.849527934165528678e-05,-2.725845142354243480e-04,7.352563340664489513e-05,-9.804509969537221282e-07,1.331989527435647821e-06,3.084126007356907803e-04,-9.212204028324624819e-06,-2.549843509915150905e-07,-8.758465721310490829e-05,-1.441852336981560174e-05,-1.028734826686446925e-05,-1.212648749114694259e-02,7.581188333361553122e-07,-9.170850085523328792e-05,-4.831472938702330994e-02
-3.051112556501591366e-04,2.645770190557434343e-01,-3.972552041940573373e-05,-4.725907757418149687e-04,-6.703874777960514117e-05,-2.783849433583821973e-04,-1.265071670255606595e-04,-2.235476578775755425e-04,-3.444733211666736934e-05,3.935344984228677512e-01,4.275626567155913449e+01,-6.139938192395443005e-05,-1.264209513208555593e-04,3.874843743029105034e-04,-9.413432091288351016e-04,-6.564820534232832742e-04,-6.519002618592806405e-04,1.424359866644398865e-03,-1.123527545667351180e-03,-6.670886772224382099e-04,4.122520472372729001e-04,-2.977465455971152215e-04,1.181680373463800090e-03,-1.574106424521299437e-03,8.461671289564088021e-04,6.066787349860807126e-04,-6.737989463293609857e-05,6.445529319975440864e-04,-1.738586020638669023e-04,2.318372951372560597e-06,-3.149620431324893024e-06,-7.292719713985265900e-04,2.178316377682400294e-05,6.029356124872409745e-07,2.071025485914060771e-04,3.409401865383988888e-05,2.432544822469444640e-05,-7.281079176981794521e-02,-1.792646651993376235e-06,2.168537830593268863e-04,2.342428983219919936e-01
3.810780117193143611e-05,-3.304515402211503222e-02,4.961640075744736631e-06,5.902566681548929801e-05,8.373008939830486636e-06,3.476973685599830173e-05,1.580049860029696272e-05,5.598376752568835490e-01,4.302404643867455434e-06,2.596609194567583000e-05,-6.139938192398087104e-05,4.235958635642307257e+01,1.578973042668211122e-05,-4.839604314728494143e-05,1.175719321517494957e-04,8.199332899540172153e-05,8.142107215891579723e-05,-1.778997712809769099e-04,1.403264007099034618e-04,8.331807563609903208e-05,-5.148947722483937929e-05,3.718796324004808947e-05,-1.475895755622887195e-04,1.966028245052772164e-04,-1.056846252354222735e-04,-7.577299158906319811e-05,8.415617516915358817e-06,-8.050340497932376930e-05,2.171460054907584734e-05,-2.895602631409234734e-07,3.933814532939336371e-07,-8.177876453577437310e-01,-2.720674700617512614e-06,-7.530548288418934430e-08,-2.586670467831422832e-05,-4.258276481121941488e-06,2.305479479106844476e-01,-3.037867518059118533e-06,2.238980729836855211e-07,-2.708461485823137992e-05,5.238230959677577501e-05
7.846372920931971528e-05,-6.803976973567450737e-02,1.021598652676903618e-05,1.215334864510692623e-04,1.723997412387254425e-05,7.159067522788705579e-05,3.253312984268630749e-05,5.748848188411523477e-05,8.858624810239037973e-06,5.346402427832275538e-05,-1.264209513208771078e-04,1.578973042680730269e-05,3.217750846244208596e+00,-9.964715642285736335e-05,2.420798881926784470e-04,1.688237622069476969e-04,1.676454888855659668e-04,-3.662945394618498927e-04,-6.187138897107114649e-02,1.715514074256568899e-04,-1.060165182417989579e-04,1.918198482445247210e-01,-3.038860321225409118e-04,4.048040114977104263e-04,-2.176039960596818073e-04,-1.560161255852933362e-04,1.732770492312857229e-05,-1.657560177829580251e-04,4.471022953244625602e-05,-5.962028083004734238e-07,8.099700029387970029e-07,1.875427321153021263e-04,-5.601852544790676783e-06,-1.550535280255166178e-07,-5.325938650347837816e-05,-8.767765193136566686e-06,-6.255637401283769927e-06,-6.254950613269349420e-06,4.610047609363845676e-07,-6.940531283818646147e-02,1.078548546271682838e-04
-2.404939110209481496e-04,2.085441323473717912e-01,-3.131233475031069009e-05,-3.725041337081635832e-04,-5.284108778323819573e-05,-2.194277744848822714e-04,-9.971511311612057244e-05,-1.762040880071435469e-04,-8.385343512441729638e-03,-1.638689930644497748e-04,3.874843743029070340e-04,-4.839604314726278305e-05,-9.964715642284150689e-05,2.141601120657498303e+00,-7.419828203125308731e-04,-5.174503844717349673e-04,-5.138389379835896394e-04,1.122704812382779079e-03,-8.855836308678228337e-04,-5.258107067900633612e-04,4.454080700968815476e-01,-2.346889205743727400e-04,9.314206845153246003e-04,-1.240737610907370917e-03,6.669634058122796312e-04,4.781945569301949777e-04,-5.310998556878596854e-05,5.080476469011148931e-04,-1.370383242200532824e-04,1.827381219000506761e-06,-2.482584702248153492e-06,-5.748246429842784888e-04,1.716986231771427168e-05,4.752441637457185682e-07,1.632417715531983701e-04,2.687348872466227011e-05,1.917373440854673711e-05,1.917162938069114566e-05,2.070301903707746308e-03,1.709278613681289760e-04,-3.305786772215065124e-04
5.842488755415729384e-04,-5.066310174236823283e-01,7.606927048916671584e-05,9.049506506408959384e-04,1.283705936199802851e-04,5.330714194016127018e-04,2.422449801962726120e-04,4.280650593063626522e-04,6.596221765625746815e-05,3.980985403231033668e-04,-9.413432091288214407e-04,1.175719321516905151e-04,2.420798881926396055e-04,-7.419828203125328247e-04,1.156785145648357904e+01,1.257078834107639743e-03,1.248305291605705195e-03,-2.727466244010579108e-03,2.151410978914467583e-03,1.277389156696978828e-03,-7.894097335899401269e-04,5.701464014849797011e-04,-2.262766176798974588e-03,3.014211673540549002e-03,-1.620301396484239093e-03,-1.161711874494214623e-03,-4.794120998384589216e-02,3.746120881172143036e-01,3.329168979446390500e-04,-4.439386501946930593e-06,6.031118686405515298e-06,1.396462180150142857e-03,-4.171196147852011295e-05,1.331131639674332234e-02,-3.965747867232438033e-04,-6.528566774345023727e-05,-4.658010974402717068e-05,-4.657499585090434872e-05,3.432688146619455271e-06,-4.152471485831330379e-04,8.030981725265397405e-04
4.074485244130380927e-04,-3.533187124747307895e-01,5.304984452945180306e-05,6.311022968225096352e-04,8.952419275091156431e-05,3.717579482555572585e-04,1.689388954937130511e-04,2.985277063742451035e-04,4.600130077467547233e-05,2.776293966766785865e-04,-6.564820534232800216e-04,8.199332899561108097e-05,1.688237622070459798e-04,-5.174503844717360515e-04,1.257078834107486004e-03,1.704904821181142172e+00,8.705539203823316934e-04,-1.902103954377876898e-03,1.500369560749525034e-03,8.908366772892283838e-04,-5.505253746707894618e-04,3.976136193144108469e-04,-3.229808337085494918e-02,2.102076957382625465e-03,-1.129979775296841189e-03,-8.101646556306587492e-04,8.997976356130896181e-05,-8.607422249594624689e-04,-2.204136579535529925e-02,-3.095977682183351526e-06,4.206033613771125144e-06,9.738768502949472295e-04,3.409231808643768246e-03,-8.051660536105432859e-07,-2.765667482372417591e-04,-4.552948255617331468e-05,-3.248443904082588037e-05,-3.248087266989356303e-05,2.393917692719144396e-06,-2.895886411421630890e-04,5.600715363832401089e-04
4.046048149739249651e-04,-3.508527917571950261e-01,5.267959323488863690e-05,6.266976384399418169e-04,8.889937568396790672e-05,3.691633344008556821e-04,1.677598186215105490e-04,2.964441890571172205e-04,4.568024344991824777e-05,2.756917351351562541e-04,-6.519002618592645943e-04,8.142107215913140439e-05,1.676454888857093254e-04,-5.138389379835835678e-04,1.248305291605627133e-03,8.705539203823622679e-04,5.743803730458213463e-01,-1.888828581796800788e-03,1.489898016919032064e-03,-1.715928320325759652e-03,-5.466830875826806475e-04,3.948385507238599650e-04,-1.567013867924431456e-03,2.087405911281634864e-03,-1.122093296489115165e-03,6.376963732804341763e-03,8.935176692458840291e-05,-8.547348383987081032e-04,2.305520567236394279e-04,-3.074369895111908626e-06,4.176678402567611570e-06,9.670798621460646380e-04,-2.888642351357297391e-05,-7.995465503616226263e-07,-2.746365032482855234e-04,2.042074684470011545e-03,-3.225772008029546660e-05,-3.225417860017060234e-05,2.377209799742853349e-06,-2.875675123297265689e-04,5.561626236760808511e-04
-8.840353256743184885e-04,7.665906349750353233e-01,-1.151015006205423298e-04,-1.369293766148792788e-03,-1.942393803199937003e-04,-8.065979851849026678e-04,-3.665443425325769613e-04,-6.477113606130916129e-04,-9.980837449434043582e-05,-6.023685923550679269e-04,1.424359866644375229e-03,-1.778997712807470590e-04,-3.662945394618220287e-04,1.122704812382767370e-03,-2.727466244010670181e-03,-1.902103954377812279e-03,-1.888828581796848493e-03,5.097331857391117493e-01,-3.255330707553306599e-03,-1.932835793833092295e-03,1.194467152851223703e-03,-8.626966705782751271e-04,3.423823849343002931e-03,-7.891169427124342800e-03,3.060303481400138137e-02,1.757802844474673932e-03,-1.952278258919019525e-04,1.867540284407363110e-03,-5.037413174722176097e-04,6.717299179061307957e-06,-9.125771901871019621e-06,-2.113006887820832215e-03,6.311496520388002970e-05,1.746957448062666860e-06,1.545320486086630783e-03,9.878467714986049792e-05,7.048102993666300329e-05,7.047329203187387668e-05,-5.194049506423458413e-06,6.283163966601514137e-04,-1.215179325488391707e-03
6.973223993442540652e-04,-6.046826471418145221e-01,9.079145623464539164e-05,1.080091696210984517e-03,1.532149980868265798e-04,6.362402338462529562e-04,2.891282429306919343e-04,5.109113029173732203e-04,7.872831905665652447e-05,4.751451666145328312e-04,-1.123527545667359420e-03,1.403264007099030281e-04,-6.187138897107133384e-02,-8.855836308678322662e-04,2.151410978914482762e-03,1.500369560749533924e-03,1.489898016919061988e-03,-3.255330707553383360e-03,2.559795184326362771e-01,1.524610673522654777e-03,-9.421893862994377110e-04,-1.837214530042806035e-02,-2.700694182933038954e-03,3.597571864175899171e-03,-1.933888972246464253e-03,-1.386545606815303613e-03,1.539946787373699271e-04,-1.473105920288472108e-03,3.973484926980946214e-04,-5.298570141507933021e-06,7.198360714405909181e-06,1.666728681596792811e-03,-4.978475145990828612e-05,-1.377990815362687873e-06,-4.733265109683685700e-04,-7.792083199395395535e-05,-5.559506444632055948e-05,-5.558896082786004119e-05,4.097038838769606908e-06,-3.657457310006308193e-02,9.585270387659473000e-04
4.140315729418287262e-04,-3.590271985557682566e-01,5.390695820162767787e-05,6.412988659537837213e-04,9.097061375888927063e-05,3.777643526666552075e-04,1.716684008932917995e-04,3.033509472513148497e-04,4.674453280827660948e-05,2.821149885535270446e-04,-6.670886772224293194e-04,8.331807563592101963e-05,1.715514074256020835e-04,-5.258107067900622770e-04,1.277389156696996176e-03,8.908366772892026882e-04,-1.715928320325753363e-03,-1.932835793833106173e-03,1.524610673522637863e-03,6.338593575256800533e-03,-5.594200817089625471e-04,4.040377676296491301e-04,-1.603523222036353640e-03,2.136039712902831986e-03,-1.148236588738596247e-03,1.665622793381202815e-03,9.143354511810034804e-05,-8.746490315820969847e-04,2.359236152353103130e-04,-3.145998654415966890e-06,4.273989494659565368e-06,9.896115460477307359e-04,-2.955943904117698236e-05,-8.181749293017425302e-07,-2.810351711569705497e-04,-9.768560654379501024e-04,-3.300928236660422824e-05,-3.300565837466846970e-05,2.432595649321903017e-06,-2.942674556765184570e-04,5.691204784770095317e-04
-2.558660780704923379e-04,2.218740966114848556e-01,-3.331379266019970952e-05,-3.963142823547497026e-04,-5.621864534814805171e-05,-2.334534119339632340e-04,-1.060888186693213715e-04,-1.874669040350407400e-04,2.201106973213624168e-02,-1.743433602737214810e-04,4.122520472372689969e-04,-5.148947722481775623e-05,-1.060165182417594117e-04,4.454080700968814921e-01,-7.894097335899426205e-04,-5.505253746707915218e-04,-5.466830875826946337e-04,1.194467152851234329e-03,-9.421893862994190627e-04,-5.594200817089635229e-04,2.747900311498398640e+00,-2.496900375524756179e-04,9.909563055835997423e-04,-1.320044507861860457e-03,7.095951416701826771e-04,5.087603478897546839e-04,-5.650473085234178046e-05,5.405216220805177108e-04,-1.457976978073386050e-04,1.944185878388446527e-06,-2.641269413206500202e-06,-6.115669471808254367e-04,1.826734537100626205e-05,5.056213680724582522e-07,1.736760472948440618e-04,2.859121935711591452e-05,2.039930326823440713e-05,2.039706368878163641e-05,9.695139537682398792e-03,1.818534254591999569e-04,-3.517089862080975010e-04
1.847977260307552636e-04,-1.602472231885085363e-01,2.406068508764526768e-05,2.862355913881283278e-04,4.060357628964410861e-05,1.686103135861245154e-04,7.662200708754547489e-05,1.353968366301252883e-04,2.086382762058880126e-05,1.259184365903640230e-04,-2.977465455971151673e-04,3.718796324004002571e-05,1.918198482445247210e-01,-2.346889205743733634e-04,5.701464014849788337e-04,3.976136193144016854e-04,3.948385507238552487e-04,-8.626966705782843428e-04,-1.837214530042805688e-02,4.040377676296533042e-04,-2.496900375524753468e-04,1.574941178798308639e-02,-7.157121930685795370e-04,9.533941550667465389e-04,-5.125007956193162410e-04,-3.674490815415585514e-04,4.081019981326252456e-05,-3.903884695626417840e-04,1.053015046718811762e-04,-1.404176481762103453e-06,1.907640845070031409e-06,4.417005255516951562e-04,-1.319347961495143307e-05,-3.651819723699646667e-07,-1.254364738308709525e-04,-2.064983510704660336e-05,-1.473327330066353613e-05,-1.473165577796080547e-05,1.085758125045589938e-06,-6.120324299060590431e-03,2.540196862592009096e-04
-7.334152121676112360e-04,6.359805053797619179e-01,-9.549074459669804234e-05,-1.135996321474800567e-03,-1.611452757501844759e-04,-6.691714858646829935e-04,-3.040932742617618104e-04,-5.373556363316952297e-04,-8.280322972391969633e-05,-4.997382753095468665e-04,1.181680373463786645e-03,-1.475895755623970313e-04,-3.038860321224288595e-04,9.314206845153261182e-04,-2.262766176798699635e-03,-3.229808337085458142e-02,-1.567013867924445768e-03,3.423823849343085764e-03,-2.700694182933032882e-03,-1.603523222036358845e-03,9.909563055835999591e-04,-7.157121930685733571e-04,1.130959675866271552e-01,-3.783779116423040614e-03,2.033985416534047578e-03,1.458312025196376255e-03,-1.619653120064110758e-04,1.549352626689915391e-03,7.282606476356727997e-03,5.572819614246387093e-06,-7.570941727355412558e-06,-1.752997137032563310e-03,2.483259068990031817e-03,1.449314445032351606e-06,4.978254875978010280e-04,8.195394781935050452e-05,5.847261757934837722e-05,5.846619804280054830e-05,-4.309098075754956937e-06,5.212651462919705393e-04,-1.008139581011599202e-03
9.769761969817992043e-04,-8.471842486933375271e-01,1.272024127060535830e-04,1.513251085506698906e-03,2.146602579986016846e-04,8.913976728905497479e-04,4.050800769975074819e-04,7.158068953307950011e-04,1.103014815228533423e-04,6.656971270819318168e-04,-1.574106424521291197e-03,1.966028245050303977e-04,4.048040114976639682e-04,-1.240737610907374821e-03,3.014211673540558110e-03,2.102076957382641945e-03,2.087405911281658283e-03,-7.891169427124417393e-03,3.597571864175880089e-03,2.136039712902844997e-03,-1.320044507861864143e-03,9.533941550667456716e-04,-3.783779116423035410e-03,2.933424565329938519e-02,2.072624436311832491e-03,-1.942605106564899292e-03,2.157526213552705301e-04,-2.063879521306336007e-03,5.567009171621150601e-04,-7.423505843437221752e-06,1.008518739951103207e-05,2.335152650019832726e-03,-6.975040124155292389e-05,-1.930619506178036181e-06,-4.367994488403127012e-03,-1.091701602855438573e-04,-7.789087900345798064e-05,-7.788232759315339359e-05,5.740113077325370136e-06,-6.943728897282616186e-04,1.342934203631497136e-03
-5.251774154407818631e-04,4.554072407346446139e-01,-6.837815962064985637e-05,-8.134541009847873943e-04,-1.153914699680828898e-04,-4.791743416316907272e-04,-2.177523961600338800e-04,-3.847848252658306019e-04,-5.929299727508149985e-05,-3.578481213230171368e-04,8.461671289563906960e-04,-1.056846252353812907e-04,-2.176039960596546480e-04,6.669634058122759449e-04,-1.620301396484233889e-03,-1.129979775296810181e-03,-1.122093296489122321e-03,3.060303481400136749e-02,-1.933888972246437798e-03,-1.148236588738593645e-03,7.095951416701795330e-04,-5.125007956193117957e-04,2.033985416534034134e-03,2.072624436311856343e-03,7.641122818123274180e-03,1.044255051698893873e-03,-1.159786742071931598e-04,1.109446592587775334e-03,-2.992567779562410623e-04,3.990534901884139373e-06,-5.421332340617731048e-06,-1.255270534927838957e-03,3.749460382265732447e-05,1.037812144846993609e-06,1.325964879830634786e-03,5.868485107328107962e-05,4.187054981259571729e-05,4.186595296819355376e-05,-3.085620468134837767e-06,3.732628908526308318e-04,-7.218995880852086986e-04
-3.765378719400629343e-04,3.265145610810343824e-01,-4.902527403835136340e-05,-5.832243868458320858e-04,-8.273253431004948580e-05,-3.435549236915389848e-04,-1.561225244066001419e-04,-2.758802168574248071e-04,-4.251146061977712295e-05,-2.565673353787082831e-04,6.066787349860790863e-04,-7.577299158897411735e-05,-1.560161255852692940e-04,4.781945569301974714e-04,-1.161711874494115093e-03,-8.101646556306438957e-04,6.376963732804330487e-03,1.757802844474746790e-03,-1.386545606815297975e-03,1.665622793381196527e-03,5.087603478897592376e-04,-3.674490815415583345e-04,1.458312025196373653e-03,-1.942605106564902111e-03,1.044255051698906450e-03,1.194440295807124713e-02,-8.315354372151320184e-05,7.954429240898296593e-04,-2.145589414592567463e-04,2.861104601379094338e-06,-3.886947310753536488e-06,-8.999947104238886515e-04,2.688260751039489634e-05,7.440829803510512036e-07,2.555853036421078359e-04,1.004467903996762420e-03,3.002004134195850299e-05,3.001674552999488804e-05,-2.212305652388056014e-06,2.676193043790426685e-04,-5.175823001144698888e-04
4.181963314935273086e-05,-3.626386661181411203e-02,5.444921024190346287e-06,6.477497144173403442e-05,9.188569044957168767e-06,3.815642979392260464e-05,1.733952195404707934e-05,3.064023653901636534e-05,4.721473775273330625e-06,2.849527934165532405e-05,-6.737989463293554292e-05,8.415617516912868540e-06,1.732770492312624803e-05,-5.310998556878598887e-05,-4.794120998384562848e-02,8.997976356130878563e-05,8.935176692458894501e-05,-1.952278258919037685e-04,1.539946787373686532e-04,9.143354511810067330e-05,-5.650473085234181434e-05,4.081019981326238226e-05,-1.619653120064099103e-04,2.157526213552700151e-04,-1.159786742071937561e-04,-8.315354372151260553e-05,7.347249547531823841e-03,4.689361138777439764e-02,2.382967794051764292e-05,-3.177644368549591167e-07,4.316981709410913636e-07,9.995660843453237391e-05,-2.985677850651202286e-06,-1.343093044341861411e-03,-2.838621140977890989e-05,-4.673047376284266689e-06,-3.334132393059642617e-06,-3.333766348479485513e-06,2.457065216851146326e-07,-2.972275026454185995e-05,5.748452819330422632e-05
-4.000446618137195568e-04,3.468984580273762330e-01,-5.208586077131459118e-05,-6.196343581460350561e-04,-8.789742327519187626e-05,-3.650026292295429947e-04,-1.658690589500230793e-04,-2.931030748253441245e-04,-4.516539810251299673e-05,-2.725845142354245106e-04,6.445529319975384485e-04,-8.050340497927419416e-05,-1.657560177829357718e-04,5.080476469011148931e-04,3.746120881172123052e-01,-8.607422249594605173e-04,-8.547348383987047422e-04,1.867540284407383927e-03,-1.473105920288459532e-03,-8.746490315821031647e-04,5.405216220805176023e-04,-3.903884695626402119e-04,1.549352626689904549e-03,-2.063879521306329935e-03,1.109446592587781623e-03,7.954429240898254309e-04,4.689361138777442539e-02,2.346201248853338583e+00,-2.279535886601092957e-04,3.039719794386495950e-06,-4.129604585075207456e-06,-9.561802580723450119e-04,2.856085517973872765e-05,1.422469838932866742e-02,2.715411754819164677e-04,4.470215342656540442e-05,3.189415509361914378e-05,3.189065352822389565e-05,-2.350417135939614902e-06,2.843264438807331694e-04,-5.498943177833099652e-04
1.079061194408021177e-04,-9.357071851933004836e-02,1.404938910591834579e-05,1.671371860246574116e-04,2.370902741576419434e-05,9.845405042347477899e-05,4.474072071215128330e-05,7.906021107037620251e-05,1.218269685225931688e-05,7.352563340664480026e-05,-1.738586020638666584e-04,2.171460054910026561e-05,4.471022953243612550e-05,-1.370383242200534993e-04,3.329168979446353637e-04,-2.204136579535535823e-02,2.305520567236417589e-04,-5.037413174722204286e-04,3.973484926980914772e-04,2.359236152353101504e-04,-1.457976978073405295e-04,1.053015046718803766e-04,7.282606476356737538e-03,5.567009171621165780e-04,-2.992567779562415502e-04,-2.145589414592557434e-04,2.382967794051762259e-05,-2.279535886601093771e-04,3.776629566186785920e-03,-8.199193702836474486e-07,1.113899642055233973e-06,2.579154554061667700e-04,-6.396951495627711511e-04,-2.132351429563749768e-07,-7.324420823865774102e-05,-1.205774346553780938e-05,-8.602975711242210902e-06,-8.602031215864979266e-06,6.339901926363112501e-07,-7.669284493004756222e-05,1.483258435833707876e-04
-1.438908547690006256e-06,1.247748574304200029e-03,-1.873460576572698636e-07,9.532997371244060492e-02,-2.208364836143131282e-02,-5.991265188040972162e-02,-5.966094026562024011e-07,-1.054253587107726387e-06,-1.624540547419926470e-07,-9.804509969537333514e-07,2.318372951372566527e-06,-2.895602631407371790e-07,-5.962028083003988849e-07,1.827381219000526666e-06,-4.439386501946996662e-06,-3.095977682183409125e-06,-3.074369895111943355e-06,6.717299179061201231e-06,-5.298570141507943186e-06,-3.145998654416016865e-06,1.944185878388468127e-06,-1.404176481762112558e-06,5.572819614246415045e-06,-7.423505843437282739e-06,3.990534901884183419e-06,2.861104601379115514e-06,-3.177644368549623461e-07,3.039719794386527714e-06,-8.199193702836544366e-07,2.164190321827329580e-02,-1.485364986275333031e-08,-3.439255857670710870e-06,1.027296763844786541e-07,2.843451988245715473e-09,9.766982433392919477e-07,1.607878239744668473e-07,1.147191220537502514e-07,1.147065273790589708e-07,-8.454144325303898775e-09,1.022685188647251779e-06,-1.977898244154081360e-06
3.091653290632529610e-02,-1.695126058323931763e-03,-6.792836967792253468e-03,3.027855335820710685e-06,4.295124674251155013e-07,1.783592442820598388e-06,-3.400968695570602551e-02,1.432253872607587103e-06,2.207015957738908580e-07,1.331989527435645068e-06,-3.149620431324880318e-06,3.933814532937559190e-07,8.099700029386857239e-07,-2.482584702248148410e-06,6.031118686405496663e-06,4.206033613771062463e-06,4.176678402567625970e-06,-9.125771901871087383e-06,7.198360714405828713e-06,4.273989494659560285e-06,-2.641269413206494272e-06,1.907640845070019127e-06,-7.570941727355358348e-06,1.008518739951097617e-05,-5.421332340617739519e-06,-3.886947310753514465e-06,4.316981709410901989e-07,-4.129604585075198985e-06,1.113899642055235244e-06,-1.485364986275314006e-08,5.683971136463915157e-03,4.672393417745955327e-06,-1.395631740149491385e-07,-3.862965392331669417e-09,-1.326891232335720146e-06,-2.184379416600880490e-07,-1.558514088383527734e-07,-1.558342983709838211e-07,1.148535902326760652e-08,-1.389366694892521877e-06,2.687069272948996225e-06
4.526259127612796015e-04,-3.924942542371321896e-01,5.893194566498443217e-05,7.010781387821542242e-04,9.945052449624724729e-05,4.129780096708765016e-04,1.876706312383392386e-04,-3.074014315213513884e-02,5.110186809815696151e-05,3.084126007356906177e-04,-7.292719713985181332e-04,-8.177876453577471727e-01,1.875427321152776505e-04,-5.748246429842775130e-04,1.396462180150143725e-03,9.738768502949364959e-04,9.670798621460815515e-04,-2.113006887820847394e-03,1.666728681596776115e-03,9.896115460477281339e-04,-6.115669471808242441e-04,4.417005255516925541e-04,-1.752997137032547698e-03,2.335152650019817980e-03,-1.255270534927844161e-03,-8.999947104238781347e-04,9.995660843453217062e-05,-9.561802580723436024e-04,2.579154554061675831e-04,-3.439255857670668942e-06,4.672393417745958715e-06,2.055144307424056349e-01,-3.231484976292910627e-05,-8.944418695953592467e-07,-3.072321271518526340e-04,-5.057773525925568151e-05,-3.632749286482160611e-02,-3.608231165071136603e-05,2.659352325065659946e-06,-3.216978714331949932e-04,6.221715754947637449e-04
-1.351981808433775405e-05,1.172370111128066654e-02,-1.760281862534197172e-06,-2.094102134236372657e-05,-2.970561255273009458e-06,-1.233554554912739613e-05,-5.605672858269095564e-06,-9.905644618859873478e-06,-1.526399485707942138e-06,-9.212204028325636176e-06,2.178316377682604598e-05,-2.720674700557223349e-06,-5.601852544786763491e-06,1.716986231771627406e-05,-4.171196147854031299e-05,3.409231808643723577e-03,-2.888642351357638915e-05,6.311496520385358872e-05,-4.978475145991286688e-05,-2.955943904118001812e-05,1.826734537100912164e-05,-1.319347961495261553e-05,2.483259068990041358e-03,-6.975040124156144843e-05,3.749460382265944544e-05,2.688260751039798631e-05,-2.985677850651467407e-06,2.856085517974148559e-05,-6.396951495627711511e-04,1.027296763844895861e-07,-1.395631740149598323e-07,-3.231484976293185743e-05,1.026631332864882430e-03,2.671674560162011454e-08,9.176943589944042579e-06,1.510743774370579633e-06,1.077887586012020195e-06,1.077769247907120634e-06,-7.943416106627309871e-08,9.609031602636795028e-06,-1.858410285575368945e-05
-3.742146862095679340e-07,3.245000121455077712e-04,-4.872279499024745101e-08,-5.796259743774771790e-07,-8.222208620514441922e-08,-3.414352381144967286e-07,-1.551592703810714607e-07,-2.741780747068177458e-07,-4.224917088465563408e-08,-2.549843509915287489e-07,6.029356124872649031e-07,-7.530548288418055633e-08,-1.550535280255090739e-07,4.752441637457437675e-07,1.331131639674319571e-02,-8.051660536105490034e-07,-7.995465503612254737e-07,1.746957448062692695e-06,-1.377990815362749282e-06,-8.181749293019401006e-07,5.056213680724851454e-07,-3.651819723699828779e-07,1.449314445032383158e-06,-1.930619506178136131e-06,1.037812144847033419e-06,7.440829803512271747e-07,-1.343093044341860109e-03,1.422469838932870038e-02,-2.132351429563896410e-07,2.843451988245838309e-09,-3.862965392331886138e-09,-8.944418695954086922e-07,2.671674560162341996e-08,2.067165822775721400e-03,2.540083782526772092e-07,4.181583686596123124e-08,2.983482190754897264e-08,2.983154643028179154e-08,-2.198656037552129039e-09,2.659681308969835768e-07,-5.143888900922926430e-07
-1.285391236298395442e-04,1.114626141521791597e-01,-1.673580861370966002e-05,-1.990959134560759606e-04,-2.824249099060656531e-05,-1.172797003990510396e-04,-5.329570797940084368e-05,-9.417751558150889957e-05,-1.451218137537147100e-05,-8.758465721310463724e-05,2.071025485914028516e-04,-2.586670467827021988e-05,-5.325938650347957756e-05,1.632417715531978009e-04,-3.965747867232363223e-04,-2.765667482372431143e-04,-2.746365032482850355e-04,1.545320486086644443e-03,-4.733265109683637453e-04,-2.810351711569708750e-04,1.736760472948431131e-04,-1.254364738308705188e-04,4.978254875977973417e-04,-4.367994488403122676e-03,1.325964879830636087e-03,2.555853036421069685e-04,-2.838621140977884213e-05,2.715411754819156546e-04,-7.324420823865707695e-05,9.766982433392803010e-07,-1.326891232335724593e-06,-3.072321271518538809e-04,9.176943589942871979e-06,2.540083782526602686e-07,5.902867293132146170e-03,1.436333533302586789e-05,1.024797262900856996e-05,1.024684753426240799e-05,-7.552170736349377822e-07,9.135747932623663353e-05,-1.766876062698434621e-04
-2.116060525855816815e-05,1.834940454358056916e-02,-2.755113227450668444e-06,-3.277593556159942025e-05,-4.649387567723196108e-06,-1.930703567057906982e-05,-8.773744574260386897e-06,-1.550386508928548547e-05,-2.389051153088359376e-06,-1.441852336981698409e-05,3.409401865384031579e-05,-4.258276480963270195e-06,-8.767765193098651797e-06,2.687348872466604788e-05,-6.528566774356941819e-05,-4.552948255617857306e-05,2.042074684470005039e-03,9.878467714987621885e-05,-7.792083199396440435e-05,-9.768560654379563907e-04,2.859121935712112547e-05,-2.064983510704697606e-05,8.195394781936049273e-05,-1.091701602855569761e-04,5.868485107328904173e-05,1.004467903996767407e-03,-4.673047376284337840e-06,4.470215342656807427e-05,-1.205774346553947973e-05,1.607878239744887907e-07,-2.184379416601216391e-07,-5.057773525926166495e-05,1.510743774370638290e-06,4.181583686574403346e-08,1.436333533302662853e-05,1.309697244670907958e-03,1.687060697001809640e-06,1.686875479574385733e-06,-1.243267413720138122e-07,1.503961986707217751e-05,-2.908699378659651495e-05
-1.509769830439938459e-05,1.309195887732519069e-02,-1.965722047845833671e-06,-2.338502045225431805e-05,-3.317251559679300226e-06,-1.377521087629520868e-05,-6.259903578536395519e-06,-3.853484098301628025e-03,-1.704543565856546084e-06,-1.028734826686433881e-05,2.432544822469408048e-05,2.305479479106856411e-01,-6.255637401283512429e-06,1.917373440854648977e-05,-4.658010974402677765e-05,-3.248443904082445736e-05,-3.225772008029756047e-05,7.048102993666290842e-05,-5.559506444631952271e-05,-3.300928236660302884e-05,2.039930326823415641e-05,-1.473327330066326508e-05,5.847261757934633079e-05,-7.789087900345582579e-05,4.187054981259552078e-05,3.002004134195698171e-05,-3.334132393059597301e-06,3.189415509361871688e-05,-8.602975711242349816e-06,1.147191220537475118e-07,-1.558514088383510529e-07,-3.632749286482164774e-02,1.077887586011896529e-06,2.983482190754697417e-08,1.024797262900811764e-05,1.687060697001352454e-06,2.682661054933797168e-02,1.203554281955280230e-06,-8.870481772465383593e-08,1.073048906642581950e-05,-2.075302910319003140e-05
-1.509604077254848524e-05,1.309052154970131825e-02,-1.965506237009066783e-06,-2.338245307970176161e-05,-3.316887368396181323e-06,-1.377369853644578722e-05,-6.259216322150965683e-06,-1.106050496477585765e-05,-1.704356429036437412e-06,-1.212648749114694953e-02,-7.281079176981894441e-02,-3.037867518057274542e-06,-6.254950613269118180e-06,1.917162938069111517e-05,-4.657499585090462655e-05,-3.248087266989371888e-05,-3.225417860017076497e-05,7.047329203187428326e-05,-5.558896082785987178e-05,-3.300565837466841549e-05,2.039706368878161269e-05,-1.473165577796075295e-05,5.846619804280012817e-05,-7.788232759315304122e-05,4.186595296819369607e-05,3.001674552999460683e-05,-3.333766348479477043e-06,3.189065352822381433e-05,-8.602031215864953855e-06,1.147065273790575282e-07,-1.558342983709838741e-07,-3.608231165071134570e-05,1.077769247907001838e-06,2.983154643028013056e-08,1.024684753426241138e-05,1.686875479574005839e-06,1.203554281955293782e-06,1.438315453404052750e-02,-8.869507908385293634e-08,1.072931099762108680e-05,-1.367004338026307775e-02
1.112614167196004466e-06,-9.648026228617223327e-04,1.448624919578311017e-07,1.723342494383055899e-06,2.444625006433428807e-07,1.015154394270315939e-06,4.613191538428767176e-07,8.151855645838902885e-07,-4.439701652128053163e-04,7.581188333361562651e-07,-1.792646651993369247e-06,2.238980729835751950e-07,4.610047609364131549e-07,2.070301903707750212e-03,3.432688146619483647e-06,2.393917692719149055e-06,2.377209799742846150e-06,-5.194049506423513470e-06,4.097038838769610296e-06,2.432595649321914029e-06,9.695139537682421343e-03,1.085758125045581891e-06,-4.309098075754933220e-06,5.740113077325359971e-06,-3.085620468134852167e-06,-2.212305652388052626e-06,2.457065216851145797e-07,-2.350417135939615325e-06,6.339901926363088148e-07,-8.454144325303814403e-09,1.148535902326763629e-08,2.659352325065665028e-06,-7.943416106626409899e-08,-2.198656037552012407e-09,-7.552170736349387351e-07,-1.243267413720034890e-07,-8.870481772465505354e-08,-8.869507908385314810e-08,6.851471331476559779e-04,-7.907757802239418884e-07,1.529379758880986868e-06
-1.345912709421043772e-04,1.167107296022406315e-01,-1.752379888670797494e-05,-2.084701628167303549e-04,-2.957226290061811918e-05,-1.228017080455117804e-04,-5.580508774405253466e-05,-9.861177794231193667e-05,-1.519547418946425781e-05,-9.170850085525058095e-05,2.168537830593627463e-04,-2.708461485825995881e-05,-6.940531283818644759e-02,1.709278613681565419e-04,-4.152471485832004753e-04,-2.895886411422049934e-04,-2.875675123297712923e-04,6.283163966602583160e-04,-3.657457310006314438e-02,-2.942674556765665955e-04,1.818534254592314530e-04,-6.120324299060610380e-03,5.212651462920523966e-04,-6.943728897283701473e-04,3.732628908526919266e-04,2.676193043790841934e-04,-2.972275026454656945e-05,2.843264438807784349e-04,-7.669284493005985436e-05,1.022685188647403821e-06,-1.389366694892746129e-06,-3.216978714332459507e-04,9.609031602637431996e-06,2.659681308970116348e-07,9.135747932625117539e-05,1.503961986707342604e-05,1.073048906642746952e-05,1.072931099762211002e-05,-7.907757802240583554e-07,3.967291183204010863e-02,-1.850067809397748259e-04
2.603028198999697107e-04,-2.257214142892996211e-01,3.389145695438304881e-05,4.031864092400424464e-04,5.719348193959329440e-05,2.375015160272156292e-04,1.079284087508966154e-04,1.907175977614116011e-04,2.938841986963786800e-05,-4.831472938702330300e-02,2.342428983219934924e-01,5.238230959675232914e-05,1.078548546271670641e-04,-3.305786772215065666e-04,8.030981725265427763e-04,5.600715363832352300e-04,5.561626236760844290e-04,-1.215179325488405368e-03,9.585270387659459990e-04,5.691204784770096401e-04,-3.517089862080975010e-04,2.540196862592006386e-04,-1.008139581011593781e-03,1.342934203631493016e-03,-7.218995880852130355e-04,-5.175823001144662025e-04,5.748452819330419921e-05,-5.498943177833098567e-04,1.483258435833706521e-04,-1.977898244154061031e-06,2.687069272949003001e-06,6.221715754947647206e-04,-1.858410285575168706e-05,-5.143888900922651144e-07,-1.766876062698438416e-04,-2.908699378659001313e-05,-2.075302910319030923e-05,-1.367004338026306907e-02,1.529379758880986445e-06,-1.850067809397580479e-04,2.400079206100592388e-01
