1.000000000000000000e+00,-1.180748451181852640e-03,-5.983617383341475332e-02,-5.290975794372719805e-06,3.135580765821359731e-05,-1.636454948572758057e-05,4.137351905787835238e-02,9.442223999693151958e-05,8.319532355862862595e-05,3.698576486283554733e-04,-1.142059395498026049e-04,-1.866581642272120508e-05,2.292475320701285591e-05,3.591818997867790092e-05,7.145408475058573338e-07,-6.077037051831811010e-05,-5.644399070660383229e-06,-3.746747957514071347e-05,3.782318977513115816e-04,3.286605466935173475e-05,9.352557116599706348e-05,-3.648823578805292689e-04,-1.494671504296806721e-04,1.256846845061057258e-04,-1.365577742721275467e-04,3.467772684638672159e-05,3.310322046835755742e-04,-2.924707980613373078e-04,2.690595996245751854e-04,-2.455196396026269315e-06,-2.186792134954593583e-02,9.396839418559764794e-05,-1.653895859138683041e-05,-5.353481161620949420e-05,-2.772648138829360219e-05,-7.120482268638928281e-06,-4.764864192079549209e-05,6.347253377021717198e-05,-1.682135467077664165e-05,-1.065218875575330628e-04,-1.853478651066061019e-04
-1.180748451181868903e-03,9.999999999999997780e-01,-6.555882479976170643e-03,4.481035557638598024e-03,-2.655587447675970478e-02,1.385947148128550618e-02,-4.702519990296300315e-03,-7.996812521957523401e-02,-7.045982018892622822e-02,-3.132400032014787117e-01,9.672334478651051226e-02,1.580846149240152862e-02,-1.941544211558699287e-02,-3.041984932753955678e-02,-6.051592502964113886e-04,5.146766905134579628e-02,4.780356954955752857e-03,3.173197435714516373e-02,-3.203323259689270786e-01,-2.783493354275023632e-02,-7.920871805707641045e-02,3.090263277629562433e-01,1.265867850854045240e-01,-1.064449285368961884e-01,1.156535705259135322e-01,-2.936927574342842670e-02,-2.803579410603829203e-01,2.476994975251425313e-01,-2.278720750006172913e-01,2.079356016574665338e-03,4.622462102614824115e-04,-7.958375392450366126e-02,1.400718211811540631e-02,4.533972630887162653e-02,2.348212386858648804e-02,6.030481989209138943e-03,4.035460886957076276e-02,-5.375618634662194389e-02,1.424634913045148658e-02,9.021556407795619514e-02,1.569748958138190154e-01
-5.983617383341354595e-02,-6.555882479976168908e-03,9.999999999999997780e-01,-2.937714250447311654e-05,1.740971922226352804e-04,-9.086106626588897185e-05,-2.992287406594255073e-01,5.242616310835536203e-04,4.619263007188525246e-04,2.053564649016252977e-03,-6.341068814905785047e-04,-1.036384157334131078e-04,1.272853568065672957e-04,1.994289572499314232e-04,3.967352926613791453e-06,-3.374159898189295998e-04,-3.133945840902665250e-05,-2.080310947430611215e-04,2.100061083589703590e-03,1.824825531442173388e-04,5.192830469717589969e-04,-2.025940288032537437e-03,-8.298880865379124495e-04,6.978404420773530502e-04,-7.582112167575247525e-04,1.925415202959315135e-04,1.837993713919955927e-03,-1.623888796123982474e-03,1.493902544172362847e-03,-1.363201367869488460e-05,-4.171441880052415008e-01,5.217417380443882362e-04,-9.182943984198874956e-05,-2.972419173552461914e-04,-1.539460444626963756e-04,-3.953513121886801973e-05,-2.645600732743099066e-04,3.524192402601528931e-04,-9.339739066795064006e-05,-5.914426359598407446e-04,-1.029108969261900491e-03
-5.290975794372673219e-06,4.481035557638604096e-03,-2.937714250447304200e-05,1.000000000000000222e+00,-1.933404560673502304e-01,-5.537965900366517702e-02,-2.107215928702398103e-05,-3.583400125866136781e-04,-3.157329596513977813e-04,-1.403639592420654779e-03,4.334207472420905315e-04,7.083827805901155440e-05,-8.700128648721844533e-05,-1.363124264947131951e-04,-2.711740118611201041e-06,2.306284550878549074e-04,2.142094949336151709e-05,1.421921054084433907e-04,-1.435420542927831134e-03,-1.247293269495715199e-04,-3.549370820887285489e-04,1.384757962952276210e-03,5.672398850948480887e-04,-4.769835097041357744e-04,5.182477618944799063e-04,-1.316047689083960288e-04,-1.256293902757918890e-03,1.109950256019387720e-03,-1.021102870670652406e-03,1.740329765117874794e-01,2.071341704565381845e-06,-3.566176311460592346e-04,6.276668113359428511e-05,2.031689257636499742e-04,1.052242320240095238e-04,2.702280422334495208e-05,1.808304372591444621e-04,-2.408833824622601358e-04,6.383839702008674971e-05,4.042591504857414556e-04,7.034100897983324146e-04
3.135580765821415974e-05,-2.655587447675971519e-02,1.740971922226353889e-04,-1.933404560673508410e-01,1.000000000000000222e+00,3.807907025991909000e-01,1.248795305867618857e-04,2.123623495472842706e-03,1.871122140592185266e-03,8.318362206118277979e-03,-2.568573003122924438e-03,-4.198075190629045974e-04,5.155940437323256733e-04,8.078257003440839122e-04,1.607053308932132341e-05,-1.366768958938949707e-03,-1.269465592499102844e-04,-8.426703279281051425e-04,8.506705039279315733e-03,7.391810012302240350e-04,2.103456774188772194e-03,-8.206464370087054871e-03,-3.361622775144561693e-03,2.826738160913473165e-03,-3.071281701675237369e-03,7.799268001158290737e-04,7.445150291362325964e-03,-6.577876764234138508e-03,6.051342220475167122e-03,-3.399607602512107474e-01,-1.227535233706180591e-05,2.113416179608453450e-03,-3.719729701017859933e-04,-1.204036080669034078e-03,-6.235883339019061312e-04,-1.601447227397981342e-04,-1.071651927699055666e-03,1.427542536970196349e-03,-3.783242592603646196e-04,-2.395753195504280331e-03,-4.168605629234213052e-03
-1.636454948572712995e-05,1.385947148128549578e-02,-9.086106626588895830e-05,-5.537965900366591254e-02,3.807907025991909555e-01,1.000000000000000000e+00,-6.517444169568651930e-05,-1.108315950892570104e-03,-9.765358684849270417e-04,-4.341340891168670932e-03,1.340534438643186440e-03,2.190969212169389447e-04,-2.690877662975230968e-04,-4.216030342200362507e-04,-8.387187371119275754e-06,7.133146914253669880e-04,6.625322088757403720e-05,4.397883936477361370e-04,-4.439636736300186896e-03,-3.857774676192241752e-04,-1.097790968981233540e-03,4.282941576597088830e-03,1.754425937798780250e-03,-1.475270451384585188e-03,1.602897362412739187e-03,-4.070426395920560586e-04,-3.885612888678297711e-03,3.432984121878458750e-03,-3.158186524852404919e-03,2.058647308351606586e-01,6.406488168451313395e-06,-1.102988767890301100e-03,1.941321410991927586e-04,6.283846437470962717e-04,3.254498260766879101e-04,8.357929314784986053e-05,5.592935507662467236e-04,-7.450323316136755027e-04,1.974468694859287787e-04,1.250340037506516948e-03,2.175589091809386824e-03
4.137351905787845646e-02,-4.702519990296298580e-03,-2.992287406594251742e-01,-2.107215928702402507e-05,1.248795305867618044e-04,-6.517444169568651930e-05,1.000000000000000222e+00,3.760517074315700516e-04,3.313387129511083384e-04,1.473017376815430280e-03,-4.548434623868869938e-04,-7.433960618384744272e-05,9.130150466898841492e-05,1.430499495645562089e-04,2.845773471831481359e-06,-2.420277425679076273e-04,-2.247972414143137133e-05,-1.492202437460447080e-04,1.506369166406989341e-03,1.308943314133520269e-04,3.724805800691452897e-04,-1.453202483833157576e-03,-5.952768873714557726e-04,5.005594043104152555e-04,-5.438632273472512749e-04,1.381096062839963978e-04,1.318388822274762151e-03,-1.164811838698331459e-03,1.071572987920698826e-03,-9.778213234885246177e-06,-2.161348660461693272e-01,3.742441937327999611e-04,-6.586905391815713225e-05,-2.132109693220314139e-04,-1.104251569066418414e-04,-2.835846210537776199e-05,-1.897683549097448660e-04,2.527895408970825576e-04,-6.699374157468841642e-05,-4.242404935124464483e-04,-7.381775855391626380e-04
9.442223999693122143e-05,-7.996812521957524789e-02,5.242616310835540539e-04,-3.583400125866126481e-04,2.123623495472842706e-03,-1.108315950892571405e-03,3.760517074315704311e-04,1.000000000000000000e+00,5.634539723816809481e-03,2.504921579979600688e-02,-7.734784547543823406e-03,7.909601108892043708e-01,1.552616506292615406e-03,2.432618320185295918e-03,4.839345070548861210e-05,-4.115773003457679109e-03,-3.822761835681692073e-04,-2.537546498856536274e-03,2.561637555496091082e-02,2.225907451025206825e-03,6.334172684070315910e-03,-2.471225607469369756e-02,-1.012290788085310096e-02,8.512201374227253842e-03,-9.248599209907233665e-03,2.348605920258719192e-03,2.241969893701901972e-02,-1.980806443491646418e-02,1.822250262769382900e-02,-1.662822023095200663e-04,-3.696496282446432903e-05,-3.789867602917253997e-01,-1.120128093594867933e-03,-3.625732910889125412e-03,-1.877821421944700971e-03,-4.822463388474697537e-04,-9.115874338487341133e-02,4.298781441093485305e-03,-1.139253831185731581e-03,-7.214369524940627415e-03,-1.255298812476926019e-02
8.319532355862760951e-05,-7.045982018892624210e-02,4.619263007188525788e-04,-3.157329596514003834e-04,1.871122140592184832e-03,-9.765358684849272585e-04,3.313387129511083926e-04,5.634539723816806879e-03,1.000000000000000222e+00,2.207083430155486886e-02,-6.815109481729045293e-03,-1.113861354218176336e-03,1.368008560352767210e-03,-7.206038721157491389e-02,4.263941196154966091e-05,-3.626402706900987323e-03,-3.368230914850653293e-04,-2.235829207444066640e-03,2.257055808847112724e-02,1.961244412392893280e-03,-3.156004204409704750e-01,-2.177393948782208044e-02,-8.919282115411850814e-03,7.500090524732807608e-03,-8.148929783463166807e-03,2.069353887960959874e-03,1.975397011565212940e-02,-1.745286205650891515e-02,1.605582543062099299e-02,-1.465110510366128365e-04,-3.256978485803663437e-05,5.607456991480281802e-03,-9.869435333959477447e-04,-3.194628963138208214e-03,-1.654546225434697397e-03,-4.249066766122339741e-04,-2.843378484744403609e-03,3.787651224025392373e-03,-3.952021038437783518e-01,-6.356572423175313805e-03,-1.106042293321711847e-02
3.698576486283497271e-04,-3.132400032014787672e-01,2.053564649016254278e-03,-1.403639592420654128e-03,8.318362206118283184e-03,-4.341340891168673534e-03,1.473017376815431581e-03,2.504921579979600688e-02,2.207083430155487233e-02,1.000000000000000000e+00,3.200073894310759282e-02,-4.951842528490309377e-03,6.081693150444609890e-03,9.528713700746998042e-03,1.895600855002536271e-04,-1.612173281841620606e-02,-1.497399027874552011e-03,-9.939723749221399465e-03,1.003408988120437634e-01,8.719014672044033895e-03,2.481133909778365093e-02,-9.679940789780973331e-02,-3.965204496541704232e-02,3.334280975567855548e-02,-3.622732480179960413e-02,9.199632027896637379e-03,8.781932235531438036e-02,-7.758939139778030236e-02,7.137864950272104769e-02,-6.513374852888622517e-04,-1.447940043821781969e-04,2.492881533409723946e-02,-4.387609771522170583e-03,-1.420221601414514527e-02,-7.355540555773552869e-03,-1.888988197606331120e-03,-1.264067781149877910e-02,-3.966926304222368471e-01,-4.462526447232008885e-03,-2.825912358060219884e-02,1.237149869658095980e-01
-1.142059395498029980e-04,9.672334478651122003e-02,-6.341068814905830584e-04,4.334207472420945973e-04,-2.568573003122942653e-03,1.340534438643197065e-03,-4.548434623868904091e-04,-7.734784547543877183e-03,-6.815109481729092998e-03,3.200073894310666994e-02,1.000000000000000222e+00,1.529047271473838810e-03,-1.877926501928487302e-03,-2.942309574861328835e-03,-5.853302681715842176e-05,4.978125099011371929e-03,4.623721139567821725e-04,3.069222696502884370e-03,-3.098361401095780024e-02,-2.692287874165056986e-03,-7.661332146732158406e-03,2.989006004832576655e-02,1.224389725923157902e-02,-1.029570952364975561e-02,1.118640017776902085e-02,-2.840694583861747956e-03,-2.711715779681975191e-02,2.395832390256999456e-02,-2.204054927750234011e-02,2.011222689250579255e-04,4.470999957137953337e-05,-7.697606870244634233e-03,1.354821505497866849e-03,4.385409980298996327e-03,2.271269563260856165e-03,5.832883886711212780e-04,3.903232747416295490e-03,-9.742898144235483116e-02,1.377954538893672986e-03,8.725951109421726040e-03,8.605228283739938533e-01
-1.866581642272128300e-05,1.580846149240149739e-02,-1.036384157334129181e-04,7.083827805901164927e-05,-4.198075190629036758e-04,2.190969212169385923e-04,-7.433960618384732075e-05,7.909601108892043708e-01,-1.113861354218173734e-03,-4.951842528490298968e-03,1.529047271473824498e-03,9.999999999999997780e-01,-3.069282690422528719e-04,-4.808910166990646579e-04,-9.566636705081080189e-06,8.136246643018638309e-04,7.557008884235171182e-05,5.016336947028011712e-04,-5.063961239851224455e-03,-4.400274750541221321e-04,-1.252167969267779530e-03,4.885230802578867035e-03,2.001142317469519448e-03,-1.682730553836952981e-03,1.828305016117644666e-03,-4.642830646497096985e-04,-4.432027715342028509e-03,3.915747968313418835e-03,-3.602306922840878799e-03,3.287141951701396634e-05,7.307401414927169842e-06,-1.251582590348192803e-01,2.214319991312760469e-04,7.167513174298176292e-04,3.712162509363516180e-04,9.533264230703343534e-05,-2.852639298965788019e-03,-8.498026018389317517e-04,2.252128616360498335e-04,1.426169270741626952e-03,2.481531595746495466e-03
2.292475320699077207e-05,-1.941544211558711083e-02,1.272853568065681631e-04,-8.700128648722038334e-05,5.155940437323264323e-04,-2.690877662975296020e-04,9.130150466898952623e-05,1.552616506292689349e-03,1.368008560352779570e-03,6.081693150444658462e-03,-1.877926501928458896e-03,-3.069282690422102627e-04,1.000000000000000222e+00,5.906148237837269364e-04,1.174943439487486872e-05,-9.992675492905981130e-04,-9.281274375078755220e-05,-6.160903113444540346e-04,1.753901749066072713e-01,5.404275409904803944e-04,1.537872280487012329e-03,4.634394244385196537e-01,-2.457738398423942386e-03,2.066675348505921193e-03,-2.245465204006847747e-03,5.702174731732533247e-04,5.443273376303188471e-03,-4.809195256258980665e-03,4.424237081933241576e-03,-4.037161637750345041e-05,-8.974714538481250905e-06,1.545153767662330903e-03,-2.719556336167552489e-04,-8.802908316865591838e-04,-4.559158167215936089e-04,-1.170844739905805421e-04,-7.835025726043199105e-04,1.043700124367551033e-03,-2.765991669007271652e-04,1.389325527765383934e-02,-3.047737003273552452e-03
3.591818997867814487e-05,-3.041984932753953944e-02,1.994289572499310709e-04,-1.363124264947133848e-04,8.078257003440832617e-04,-4.216030342200355460e-04,1.430499495645558836e-04,2.432618320185298087e-03,-7.206038721157499716e-02,9.528713700746980694e-03,-2.942309574861304549e-03,-4.808910166990654168e-04,5.906148237837214069e-04,1.000000000000000000e+00,1.840885321319198303e-05,-1.565638737781607347e-03,-1.454177383016096886e-04,-9.652818788097057958e-04,9.744461090715039048e-03,8.467344844125398399e-04,3.181648234250011309e-01,-9.400534328791981808e-03,-3.850750929155640889e-03,3.238038687773092325e-03,-3.518164189590255661e-03,8.934089429740534917e-04,8.528446324835931014e-03,-7.534981393222064776e-03,6.931834187472566550e-03,-6.325369672251419419e-05,-1.406146006838044268e-05,2.420925803303380832e-03,-4.260963695364774215e-04,-1.379227642867733236e-03,-7.143226699730195360e-04,-1.834463534841826308e-04,-1.227581121484133458e-03,1.635255089087376754e-03,5.820637294456402003e-03,-2.744343866250425340e-03,-4.775152678862589796e-03
7.145408475057492313e-07,-6.051592502963314829e-04,3.967352926613061311e-06,-2.711740118612086190e-06,1.607053308932196377e-05,-8.387187371118804804e-06,2.845773471831351763e-06,4.839345070548326563e-05,4.263941196154373846e-05,1.895600855002162763e-04,-5.853302681715829301e-05,-9.566636705080658367e-06,1.174943439484816854e-05,1.840885321318403787e-05,9.999999999999998890e-01,-3.114613601763074853e-05,-2.892877231009917447e-06,-1.920289781239185151e-05,1.938520702291075771e-04,1.684456751477904007e-05,4.793388843636056863e-05,-1.870101408307751152e-04,-7.660516395972569539e-05,6.441613315123622676e-05,-6.998882803355611795e-05,1.777308889063998026e-05,3.983061128319639183e-02,1.204142064268568790e-01,1.378988940706790233e-04,-1.258341528089736961e-06,-2.797325700541711810e-07,4.816084486072620566e-05,-8.476575829504567113e-06,-1.420518230565510076e-01,-1.421042447567879980e-05,-3.649401959515420992e-06,-2.442096484951092553e-05,3.253105342831274930e-05,-8.621309959244818953e-06,-5.459478312211527766e-05,-9.499481026605841006e-05
-6.077037051831750701e-05,5.146766905134574771e-02,-3.374159898189295456e-04,2.306284550878559103e-04,-1.366768958938948406e-03,7.133146914253667712e-04,-2.420277425679076815e-04,-4.115773003457673038e-03,-3.626402706900985588e-03,-1.612173281841618872e-02,4.978125099011332030e-03,8.136246643018652403e-04,-9.992675492905881383e-04,-1.565638737781608865e-03,-3.114613601761237130e-05,1.000000000000000000e+00,2.460338297049616848e-04,1.633170754559337733e-03,-1.648675813941655535e-02,-1.432599147644473148e-03,-4.076688086942961697e-03,1.590486476545651187e-02,1.373316394312823208e-01,-5.478472354131122719e-03,5.952419692434193776e-03,-1.511568164240490808e-03,-1.442936972641247102e-02,1.274851576280867753e-02,6.918206541389716746e-02,1.070196073009894582e-04,2.379073496997675607e-05,-4.095990308850092944e-03,4.083354078717187780e-02,2.333530028543593163e-03,1.208570179891115849e-03,3.103748512407170546e-04,2.076957653995569874e-03,-2.766705608350408623e-03,7.332263822360045834e-04,4.643184795244724959e-03,8.079131987115116889e-03
-5.644399070660434898e-06,4.780356954955789286e-03,-3.133945840902659829e-05,2.142094949336174748e-05,-1.269465592499099591e-04,6.625322088757437601e-05,-2.247972414143152380e-05,-3.822761835681703999e-04,-3.368230914850665219e-04,-1.497399027874548325e-03,4.623721139567796789e-04,7.557008884235190155e-05,-9.281274375078817562e-05,-1.454177383016117485e-04,-2.892877231007755819e-06,2.460338297049594622e-04,1.000000000000000222e+00,1.516901643126577245e-04,-1.531302862342738677e-03,1.091158134071489906e-02,-3.786459462572735915e-04,1.477256155186080057e-03,6.051300184885016926e-04,-5.088447544511253209e-04,5.528653502290140163e-04,-1.455629877194821731e-01,-1.340211033425151976e-03,1.184092015733427018e-03,-1.089309858569413592e-03,9.940063995661734184e-06,2.209701886125426157e-06,-3.804387515744861101e-04,6.695933045766450846e-05,2.167400759964299760e-04,1.122529341523306799e-04,-1.991277156505283363e-02,1.929094351741752924e-04,-2.569737592739703780e-04,6.810263414848127795e-05,4.312625991853128761e-04,7.503960349570432987e-04
-3.746747957514181122e-05,3.173197435714517761e-02,-2.080310947430614467e-04,1.421921054084429841e-04,-8.426703279281085035e-04,4.397883936477404196e-04,-1.492202437460434070e-04,-2.537546498856525865e-03,-2.235829207444077482e-03,-9.939723749221541713e-03,3.069222696502844471e-03,5.016336947028043154e-04,-6.160903113444418915e-04,-9.652818788097138189e-04,-1.920289781240766392e-05,1.633170754559347491e-03,1.516901643126572366e-04,1.000000000000000000e+00,-1.016477715341079432e-02,-8.832573974113899599e-04,-2.513449010249472343e-03,9.806015508256805957e-03,4.016848618283515478e-03,1.674585788146203819e-02,-1.599567854716403004e-01,-9.319451047784013372e-04,-8.896310996549545297e-03,7.859994103745300900e-03,-7.230830840629006231e-03,6.598207179732336900e-05,1.466798489070486020e-05,-2.525349638777703559e-03,4.444755437879025135e-04,1.438719032593550667e-03,-3.161986088585533317e-02,1.913590998428108805e-04,1.280531413841837652e-03,-1.705789926688928808e-03,4.520647852904273174e-04,2.862717965937116617e-03,4.981123368679611640e-03
3.782318977512966738e-04,-3.203323259689275226e-01,2.100061083589707493e-03,-1.435420542927841542e-03,8.506705039279312264e-03,-4.439636736300202509e-03,1.506369166406992159e-03,2.561637555496097673e-02,2.257055808847113765e-02,1.003408988120439438e-01,-3.098361401095744636e-02,-5.063961239851204506e-03,1.753901749066071880e-01,9.744461090715061599e-03,1.938520702290592759e-04,-1.648675813941657964e-02,-1.531302862342716125e-03,-1.016477715341067289e-02,1.000000000000000222e+00,8.916429004939703182e-03,2.537311289224027100e-02,3.447336634138644107e-01,-4.054983930333637410e-02,3.409775154582022488e-02,-3.704757725317727596e-02,9.407928410915230091e-03,8.980771136373179309e-02,-7.934615618356352651e-02,7.299479180831362768e-02,-6.660849493068461864e-04,-1.480724037033825599e-04,2.549324900397501731e-02,-4.486953228166268987e-03,-1.452377998731534808e-02,-7.522083357514777052e-03,-1.931758322317087516e-03,-1.292688572275591322e-02,1.721984420763250298e-02,-4.563566153522932017e-03,-3.114099004327808284e-01,-5.028413349477069832e-02
3.286605466935259534e-05,-2.783493354275023632e-02,1.824825531442173659e-04,-1.247293269495711133e-04,7.391810012302238182e-04,-3.857774676192242294e-04,1.308943314133520540e-04,2.225907451025205958e-03,1.961244412392893280e-03,8.719014672044030426e-03,-2.692287874165038338e-03,-4.400274750541228910e-04,5.404275409904763829e-04,8.467344844125394062e-04,1.684456751478051730e-05,-1.432599147644473582e-03,1.091158134071541774e-02,-8.832573974113907189e-04,8.916429004939689304e-03,1.000000000000000222e+00,2.204769403125162244e-03,-8.601727296242039564e-03,-3.523534750242643659e-03,2.962887511787304362e-03,-3.219209449570580202e-03,-3.581894402592700200e-01,7.803744657598051145e-03,-6.894699052184987027e-03,6.342804063890783786e-03,-5.787873653307367046e-05,-1.286659254301651665e-05,2.215208501571148524e-03,-3.898889833789425849e-04,-1.262028268653930807e-03,-6.536233573247339154e-04,-3.600216394639038087e-01,-1.123267856028181775e-03,1.496299874469919416e-03,-3.965461812729348758e-04,-2.511144230631641699e-03,-4.369385792857794978e-03
9.352557116599427166e-05,-7.920871805707638269e-02,5.192830469717592138e-04,-3.549370820887297415e-04,2.103456774188770893e-03,-1.097790968981234190e-03,3.724805800691452897e-04,6.334172684070315043e-03,-3.156004204409703084e-01,2.481133909778363358e-02,-7.661332146732100293e-03,-1.252167969267781698e-03,1.537872280487015365e-03,3.181648234250008533e-01,4.793388843636160539e-05,-4.076688086942963432e-03,-3.786459462572745131e-04,-2.513449010249489690e-03,2.537311289224023284e-02,2.204769403125163112e-03,1.000000000000000000e+00,-2.447757926798967490e-02,-1.002677696958153251e-02,8.431366333084652775e-03,-9.160771060081283543e-03,2.326302681901754391e-03,2.220679310851430416e-02,-1.961995966234851910e-02,1.804945494180486276e-02,-1.647031244571481583e-04,-3.661392974155380244e-05,6.303727126529756579e-03,-1.109490939167927541e-03,-3.591301597984425734e-03,-1.859988928888210409e-03,-4.776667476315436594e-04,-3.196436836253425430e-03,4.257958608153235291e-03,-2.215017340926746237e-01,-7.145859179410956642e-03,-1.243378026455572820e-02
-3.648823578805300821e-04,3.090263277629552996e-01,-2.025940288032533100e-03,1.384757962952282498e-03,-8.206464370087046198e-03,4.282941576597066279e-03,-1.453202483833153889e-03,-2.471225607469351021e-02,-2.177393948782201105e-02,-9.679940789780934474e-02,2.989006004832554450e-02,4.885230802578932954e-03,4.634394244385201533e-01,-9.400534328791957522e-03,-1.870101408308722597e-04,1.590486476545650146e-02,1.477256155186080057e-03,9.806015508256837182e-03,3.447336634138647993e-01,-8.601727296242018747e-03,-2.447757926798961245e-02,1.000000000000000000e+00,3.911864933826100788e-02,-3.289428537474724246e-02,3.573999819229703445e-02,-9.075879432049327109e-03,-8.663798498507321866e-02,7.654566610892418743e-02,-7.041847053716548954e-02,6.425757539138757116e-04,1.428462488794488363e-04,-2.459347522488005908e-02,4.328588052268135533e-03,1.401116912300804686e-02,7.256594507184123584e-03,1.863577703765942166e-03,1.247063658727383915e-02,-1.661207686123769567e-02,4.402496955812395911e-03,1.799384337894530950e-01,4.850937560431699963e-02
-1.494671504296832200e-04,1.265867850854042187e-01,-8.298880865379112569e-04,5.672398850948516666e-04,-3.361622775144554754e-03,1.754425937798777214e-03,-5.952768873714553389e-04,-1.012290788085306627e-02,-8.919282115411836936e-03,-3.965204496541691742e-02,1.224389725923146453e-02,2.001142317469522050e-03,-2.457738398423916799e-03,-3.850750929155630914e-03,-7.660516395970757566e-05,1.373316394312822653e-01,6.051300184885018011e-04,4.016848618283495528e-03,-4.054983930333627695e-02,-3.523534750242638021e-03,-1.002677696958150823e-02,3.911864933826100094e-02,9.999999999999998890e-01,-1.347452129213129630e-02,1.464021367652346313e-02,-3.717762196647351070e-03,-3.548961043199703319e-02,3.135548305897781912e-02,2.281510141117777946e-01,2.632189931861795792e-04,5.851426167491288077e-05,-1.007425155433084446e-02,3.366721258214330215e-01,5.739410190092202740e-03,2.972526567501600041e-03,7.633793275294185280e-04,5.108360200177903925e-03,-6.804822808070775525e-03,1.803399535628098750e-03,1.142009822129473606e-02,1.987094740018763642e-02
1.256846845061048313e-04,-1.064449285368961190e-01,6.978404420773529418e-04,-4.769835097041310039e-04,2.826738160913471430e-03,-1.475270451384585188e-03,5.005594043104154723e-04,8.512201374227246903e-03,7.500090524732805006e-03,3.334280975567849997e-02,-1.029570952364967755e-02,-1.682730553836955150e-03,2.066675348505899509e-03,3.238038687773096228e-03,6.441613315123830030e-05,-5.478472354131120985e-03,-5.088447544511195747e-04,1.674585788146291249e-02,3.409775154582015549e-02,2.962887511787303061e-03,8.431366333084651041e-03,-3.289428537474730491e-02,-1.347452129213131365e-02,1.000000000000000000e+00,3.629155949926519686e-01,3.126210457689635683e-03,2.984268100092388881e-02,-2.636635531268889665e-02,2.425582673899498096e-02,-2.213369025870552090e-04,-4.920376481773455155e-05,8.471286999191718695e-03,-1.490993499566084166e-03,-4.826183926830250083e-03,-3.113947340109356476e-01,-6.419142243844058520e-04,-4.295543457255855332e-03,5.722073414082243584e-03,-1.516451615102580672e-03,-9.602989271193804535e-03,-1.670918156698868173e-02
-1.365577742721252969e-04,1.156535705259134211e-01,-7.582112167575242104e-04,5.182477618944813158e-04,-3.071281701675233032e-03,1.602897362412738754e-03,-5.438632273472508412e-04,-9.248599209907219787e-03,-8.148929783463158133e-03,-3.622732480179956249e-02,1.118640017776893238e-02,1.828305016117647052e-03,-2.245465204006846013e-03,-3.518164189590255227e-03,-6.998882803355385468e-05,5.952419692434194644e-03,5.528653502290158594e-04,-1.599567854716403004e-01,-3.704757725317722739e-02,-3.219209449570578467e-03,-9.160771060081280073e-03,3.573999819229703445e-02,1.464021367652348048e-02,3.629155949926520242e-01,1.000000000000000222e+00,-3.396661603487598040e-03,-3.242439690892678222e-02,2.864733130625745500e-02,-2.635421909697003087e-02,2.404849477114005232e-04,5.346042467881255590e-05,-9.204145297224524888e-03,1.619980624966774327e-03,5.243701234288647428e-03,2.348390131907556744e-01,6.974467740442495981e-04,4.667154602942552404e-03,-6.217094888843184217e-03,1.647641143895456784e-03,1.043375210262500324e-02,1.815470718380142803e-02
3.467772684638634211e-05,-2.936927574342842670e-02,1.925415202959315135e-04,-1.316047689083954867e-04,7.799268001158289653e-04,-4.070426395920563839e-04,1.381096062839964249e-04,2.348605920258717457e-03,2.069353887960959006e-03,9.199632027896630440e-03,-2.840694583861726706e-03,-4.642830646497105658e-04,5.702174731732500721e-04,8.934089429740549012e-04,1.777308889063825909e-05,-1.511568164240490375e-03,-1.455629877194820065e-01,-9.319451047783962414e-04,9.407928410915231826e-03,-3.581894402592700200e-01,2.326302681901754824e-03,-9.075879432049334047e-03,-3.717762196647353672e-03,3.126210457689636985e-03,-3.396661603487601076e-03,1.000000000000000000e+00,8.233909677862234419e-03,-7.274754844324586404e-03,6.692437804920325570e-03,-6.106918021953827507e-05,-1.357583641052427045e-05,2.337317213705902147e-03,-4.113807940153497620e-04,-1.331594924096810104e-03,-6.896529709378587756e-04,-2.368696127803885110e-01,-1.185185635408626164e-03,1.578780259729061723e-03,-4.184049559493814899e-04,-2.649565777754426393e-03,-4.610238999951998817e-03
3.310322046835858199e-04,-2.803579410603837530e-01,1.837993713919962215e-03,-1.256293902757925612e-03,7.445150291362347648e-03,-3.885612888678310721e-03,1.318388822274766487e-03,2.241969893701906136e-02,1.975397011565222308e-02,8.781932235531457465e-02,-2.711715779681969293e-02,-4.432027715342054530e-03,5.443273376302988978e-03,8.528446324836090608e-03,3.983061128319688449e-02,-1.442936972641254215e-02,-1.340211033425080635e-03,-8.896310996550114286e-03,8.980771136373204289e-02,7.803744657598072829e-03,2.220679310851438396e-02,-8.663798498507371826e-02,-3.548961043199731769e-02,2.984268100092390963e-02,-3.242439690892700427e-02,8.233909677862265644e-03,1.000000000000000222e+00,2.698907213373065717e-01,6.388574577233048502e-02,-5.829639715383943665e-04,-1.295943957718744400e-04,2.231193739213008578e-02,-3.927024738692792144e-03,-3.670086437468371710e-01,-6.583399899521800124e-03,-1.690693514096401357e-03,-1.131373505496995925e-02,1.507097372339723934e-02,-3.994077109840767949e-03,-2.529264979649690354e-02,-4.400915858853055723e-02
-2.924707980613389883e-04,2.476994975251424203e-01,-1.623888796123981173e-03,1.109950256019376445e-03,-6.577876764234131569e-03,3.432984121878459183e-03,-1.164811838698331025e-03,-1.980806443491644683e-02,-1.745286205650890474e-02,-7.758939139778028848e-02,2.395832390256975863e-02,3.915747968313420570e-03,-4.809195256259411744e-03,-7.534981393222086460e-03,1.204142064268570178e-01,1.274851576280866539e-02,1.184092015733359581e-03,7.859994103745561109e-03,-7.934615618356344324e-02,-6.894699052184966211e-03,-1.961995966234849481e-02,7.654566610892406253e-02,3.135548305897786076e-02,-2.636635531268887236e-02,2.864733130625739602e-02,-7.274754844324573394e-03,2.698907213373067937e-01,1.000000000000000222e+00,-5.644379847766424485e-02,5.150554404814261219e-04,1.144981540146704972e-04,-1.971285585826413125e-02,3.469571972399985039e-03,1.590156988577105246e-01,5.816510283072026319e-03,1.493747358561524135e-03,9.995816339816330706e-03,-1.331538034692617001e-02,3.528813521180581766e-03,2.234634989105712191e-02,3.888260281714452787e-02
2.690595996245772454e-04,-2.278720750006170970e-01,1.493902544172361112e-03,-1.021102870670654358e-03,6.051342220475161050e-03,-3.158186524852403618e-03,1.071572987920699476e-03,1.822250262769378390e-02,1.605582543062098605e-02,7.137864950272089504e-02,-2.204054927750226725e-02,-3.602306922840887906e-03,4.424237081933166116e-03,6.931834187472563948e-03,1.378988940708575372e-04,6.918206541389720909e-02,-1.089309858569398630e-03,-7.230830840629041793e-03,7.299479180831346115e-02,6.342804063890775113e-03,1.804945494180484888e-02,-7.041847053716558669e-02,2.281510141117781276e-01,2.425582673899493238e-02,-2.635421909697011761e-02,6.692437804920326437e-03,6.388574577233015195e-02,-5.644379847766451547e-02,9.999999999999998890e-01,-4.738271701618864957e-04,-1.053330030934555075e-04,1.813491514311515659e-02,-3.386579302493640808e-01,-1.033165751396259401e-02,-5.350920291356321343e-03,-1.374178444134934981e-03,-9.195688458947394450e-03,1.224953372692457951e-02,-3.246345137539217302e-03,-2.055760778379504133e-02,-3.577019523210061419e-02
-2.455196396026226964e-06,2.079356016574657531e-03,-1.363201367869483547e-05,1.740329765117853422e-01,-3.399607602512104698e-01,2.058647308351608807e-01,-9.778213234885210601e-06,-1.662822023095193345e-04,-1.465110510366122130e-04,-6.513374852888596496e-04,2.011222689250556758e-04,3.287141951701390535e-05,-4.037161637750344363e-05,-6.325369672251389603e-05,-1.258341528089484333e-06,1.070196073009891600e-04,9.940063995661752819e-06,6.598207179732255585e-05,-6.660849493068461864e-04,-5.787873653307346717e-05,-1.647031244571475349e-04,6.425757539138725674e-04,2.632189931861789287e-04,-2.213369025870545043e-04,2.404849477113997101e-04,-6.106918021953804468e-05,-5.829639715383897044e-04,5.150554404814250377e-04,-4.738271701618843273e-04,1.000000000000000000e+00,9.611744384460475785e-07,-1.654829575445137038e-04,2.912591841256015768e-05,9.427743269019956632e-05,4.882769554809669689e-05,1.253951900710712594e-05,8.391159874945899291e-05,-1.117782495079567483e-04,2.962323177862743654e-05,1.875902759541748057e-04,3.264066940616445881e-04
-2.186792134954577277e-02,4.622462102614788336e-04,-4.171441880052415008e-01,2.071341704565373374e-06,-1.227535233706170257e-05,6.406488168451265115e-06,-2.161348660461697990e-01,-3.696496282446402410e-05,-3.256978485803636332e-05,-1.447940043821770043e-04,4.470999957137883541e-05,7.307401414927124950e-06,-8.974714538481506709e-06,-1.406146006838034951e-05,-2.797325700541689046e-07,2.379073496997656295e-05,2.209701886125398205e-06,1.466798489070477380e-05,-1.480724037033813402e-04,-1.286659254301641500e-05,-3.661392974155352461e-05,1.428462488794476708e-04,5.851426167491239288e-05,-4.920376481773419241e-05,5.346042467881216966e-05,-1.357583641052416203e-05,-1.295943957718730035e-04,1.144981540146697112e-04,-1.053330030934544639e-04,9.611744384460435551e-07,1.000000000000000000e+00,-3.678728864998389816e-05,6.474766850540889892e-06,2.095811666056847516e-05,1.085452276714472077e-05,2.787567445562026864e-06,1.865376501654333793e-05,-2.484859341683582525e-05,6.585320895613112477e-06,4.170180260163682971e-05,7.256105069612829713e-05
9.396839418559664505e-05,-7.958375392450363350e-02,5.217417380443880193e-04,-3.566176311460609693e-04,2.113416179608451281e-03,-1.102988767890301100e-03,3.742441937327999069e-04,-3.789867602917253442e-01,5.607456991480277465e-03,2.492881533409721517e-02,-7.697606870244574385e-03,-1.251582590348192525e-01,1.545153767662355406e-03,2.420925803303385169e-03,4.816084486072414567e-05,-4.095990308850092944e-03,-3.804387515744881158e-04,-2.525349638777700089e-03,2.549324900397500690e-02,2.215208501571148091e-03,6.303727126529755712e-03,-2.459347522488003826e-02,-1.007425155433084099e-02,8.471286999191722164e-03,-9.204145297224528358e-03,2.337317213705901713e-03,2.231193739212998170e-02,-1.971285585826415901e-02,1.813491514311511496e-02,-1.654829575445142459e-04,-3.678728864998417598e-05,9.999999999999997780e-01,-1.114744134863754257e-03,-3.608305621569561465e-03,-1.868795567582300955e-03,-4.799283946753710693e-04,-3.809051869685951552e-01,4.278119106129320975e-03,-1.133777943520417487e-03,-7.179693251740369882e-03,-1.249265148077156884e-02
-1.653895859138650176e-05,1.400718211811487028e-02,-9.182943984198477867e-05,6.276668113359225223e-05,-3.719729701017717360e-04,1.941321410991852776e-04,-6.586905391815604804e-05,-1.120128093594804615e-03,-9.869435333959160860e-04,-4.387609771521997111e-03,1.354821505497869234e-03,2.214319991312742038e-04,-2.719556336167361669e-04,-4.260963695364606706e-04,-8.476575829358784273e-06,4.083354078717175289e-02,6.695933045766227229e-05,4.444755437878834315e-04,-4.486953228166085973e-03,-3.898889833789269724e-04,-1.109490939167882871e-03,4.328588052267990684e-03,3.366721258214322443e-01,-1.490993499566027570e-03,1.619980624966712961e-03,-4.113807940153353963e-04,-3.927024738692477292e-03,3.469571972400204915e-03,-3.386579302493642474e-01,2.912591841255922595e-05,6.474766850541001701e-06,-1.114744134863761846e-03,1.000000000000000000e+00,6.350818035938211653e-04,3.289183855474231270e-04,8.447005948286402416e-05,5.652543557413712083e-04,-7.529726921324533199e-04,1.995512067884813994e-04,1.263665835928383559e-03,2.198775953636270247e-03
-5.353481161620973815e-05,4.533972630887141142e-02,-2.972419173552445651e-04,2.031689257636549344e-04,-1.204036080669028874e-03,6.283846437470932359e-04,-2.132109693220308447e-04,-3.625732910889097656e-03,-3.194628963138206046e-03,-1.420221601414504639e-02,4.385409980298991123e-03,7.167513174298180629e-04,-8.802908316864788444e-04,-1.379227642867749282e-03,-1.420518230565510909e-01,2.333530028543590994e-03,2.167400759964037654e-04,1.438719032593087496e-03,-1.452377998731536890e-02,-1.262028268653920399e-03,-3.591301597984405351e-03,1.401116912300797920e-02,5.739410190092165444e-03,-4.826183926830248348e-03,5.243701234288676051e-03,-1.331594924096820729e-03,-3.670086437468371154e-01,1.590156988577102748e-01,-1.033165751396253849e-02,9.427743269020042013e-05,2.095811666056863779e-05,-3.608305621569567103e-03,6.350818035938289715e-04,1.000000000000000222e+00,1.064673069352728126e-03,2.734204029013207263e-04,1.829666921447892572e-03,-2.437290776364527730e-03,6.459255704752985038e-04,4.090348984094951089e-03,7.117198813562158541e-03
-2.772648138829421883e-05,2.348212386858643252e-02,-1.539460444626959961e-04,1.052242320240097813e-04,-6.235883339019042881e-04,3.254498260766872054e-04,-1.104251569066415839e-04,-1.877821421944695550e-03,-1.654546225434692193e-03,-7.355540555773532919e-03,2.271269563260833180e-03,3.712162509363514011e-04,-4.559158167215993009e-04,-7.143226699730193191e-04,-1.421042447567730902e-05,1.208570179891114548e-03,1.122529341523296228e-04,-3.161986088585668625e-02,-7.522083357514766644e-03,-6.536233573247323975e-04,-1.859988928888206940e-03,7.256594507184101900e-03,2.972526567501599173e-03,-3.113947340109359252e-01,2.348390131907554246e-01,-6.896529709378569324e-04,-6.583399899521773235e-03,5.816510283072035860e-03,-5.350920291356290118e-03,4.882769554809675787e-05,1.085452276714477668e-05,-1.868795567582296402e-03,3.289183855474349990e-04,1.064673069352729644e-03,1.000000000000000222e+00,1.416085250578884606e-04,9.476119241436171048e-04,-1.262309426494190746e-03,3.345345349563903759e-04,2.118453050552974309e-03,3.686103947758547460e-03
-7.120482268638836802e-06,6.030481989209131137e-03,-3.953513121886797907e-05,2.702280422334525702e-05,-1.601447227397978631e-04,8.357929314784981988e-05,-2.835846210537773827e-05,-4.822463388474688322e-04,-4.249066766122334862e-04,-1.888988197606328084e-03,5.832883886711165075e-04,9.533264230703353021e-05,-1.170844739905829409e-04,-1.834463534841827392e-04,-3.649401959515353653e-06,3.103748512407167293e-04,-1.991277156504994358e-02,1.913590998428099318e-04,-1.931758322317086215e-03,-3.600216394639038087e-01,-4.776667476315432800e-04,1.863577703765939781e-03,7.633793275294182027e-04,-6.419142243844055268e-04,6.974467740442495981e-04,-2.368696127803888996e-01,-1.690693514096377505e-03,1.493747358561531291e-03,-1.374178444134932812e-03,1.253951900710716321e-05,2.787567445562046345e-06,-4.799283946753708525e-04,8.447005948286684309e-05,2.734204029013169316e-04,1.416085250578886774e-04,1.000000000000000222e+00,2.433577419695255410e-04,-3.241757135718733077e-04,8.591235184317285573e-05,5.440433343184554286e-04,9.466342819632153800e-04
-4.764864192079575636e-05,4.035460886957074195e-02,-2.645600732743097982e-04,1.808304372591444079e-04,-1.071651927699054582e-03,5.592935507662467236e-04,-1.897683549097448389e-04,-9.115874338487339745e-02,-2.843378484744401441e-03,-1.264067781149876175e-02,3.903232747416267301e-03,-2.852639298965778478e-03,-7.835025726043154653e-04,-1.227581121484133241e-03,-2.442096484951304989e-05,2.076957653995569874e-03,1.929094351741716333e-04,1.280531413841841772e-03,-1.292688572275590975e-02,-1.123267856028181341e-03,-3.196436836253424563e-03,1.247063658727384609e-02,5.108360200177903925e-03,-4.295543457255855332e-03,4.667154602942555873e-03,-1.185185635408625513e-03,-1.131373505496990374e-02,9.995816339816346319e-03,-9.195688458947375368e-03,8.391159874945930462e-05,1.865376501654348023e-05,-3.809051869685951552e-01,5.652543557413731599e-04,1.829666921447889970e-03,9.476119241436193816e-04,2.433577419695257037e-04,1.000000000000000222e+00,-2.169309874337687228e-03,5.749058469787190519e-04,3.640613802313591874e-03,6.334660522908285019e-03
6.347253377021747013e-05,-5.375618634662169409e-02,3.524192402601512126e-04,-2.408833824622582656e-04,1.427542536970189411e-03,-7.450323316136723585e-04,2.527895408970814734e-04,4.298781441093462753e-03,3.787651224025374158e-03,-3.966926304222371802e-01,-9.742898144235530300e-02,-8.498026018389298001e-04,1.043700124367559923e-03,1.635255089087370465e-03,3.253105342831468731e-05,-2.766705608350397780e-03,-2.569737592739704322e-04,-1.705789926688916448e-03,1.721984420763239196e-02,1.496299874469912477e-03,4.257958608153217077e-03,-1.661207686123763322e-02,-6.804822808070753841e-03,5.722073414082220165e-03,-6.217094888843161665e-03,1.578780259729054567e-03,1.507097372339711965e-02,-1.331538034692613011e-02,1.224953372692451359e-02,-1.117782495079566805e-04,-2.484859341683591673e-05,4.278119106129303628e-03,-7.529726921324735945e-04,-2.437290776364516454e-03,-1.262309426494188360e-03,-3.241757135718721693e-04,-2.169309874337677687e-03,1.000000000000000222e+00,-7.658293986155819376e-04,-4.849644673940198096e-03,2.032888422121003139e-02
-1.682135467077678395e-05,1.424634913045151087e-02,-9.339739066795077558e-05,6.383839702008691234e-05,-3.783242592603651075e-04,1.974468694859291581e-04,-6.699374157468853839e-05,-1.139253831185732665e-03,-3.952021038437784628e-01,-4.462526447232014956e-03,1.377954538893665613e-03,2.252128616360507280e-04,-2.765991669007164316e-04,5.820637294456501749e-03,-8.621309959244263300e-06,7.332263822360057760e-04,6.810263414848171163e-05,4.520647852904246611e-04,-4.563566153522938956e-03,-3.965461812729355264e-04,-2.215017340926744571e-01,4.402496955812416728e-03,1.803399535628103954e-03,-1.516451615102584142e-03,1.647641143895460470e-03,-4.184049559493821947e-04,-3.994077109840755806e-03,3.528813521180596078e-03,-3.246345137539221205e-03,2.962323177862759917e-05,6.585320895613176005e-06,-1.133777943520419655e-03,1.995512067884867120e-04,6.459255704752988290e-04,3.345345349563918396e-04,8.591235184317308612e-05,5.749058469787200277e-04,-7.658293986155865997e-04,9.999999999999998890e-01,1.285242422855173644e-03,2.236319170479917143e-03
-1.065218875575429019e-04,9.021556407795405796e-02,-5.914426359598264332e-04,4.042591504857353840e-04,-2.395753195504220483e-03,1.250340037506488975e-03,-4.242404935124357147e-04,-7.214369524940441800e-03,-6.356572423175193241e-03,-2.825912358060153964e-02,8.725951109421483179e-03,1.426169270741619362e-03,1.389325527765387057e-02,-2.744343866250351614e-03,-5.459478312248313391e-05,4.643184795244619141e-03,4.312625991853040399e-04,2.862717965937024676e-03,-3.114099004327801623e-01,-2.511144230631577080e-03,-7.145859179410773629e-03,1.799384337894523733e-01,1.142009822129452443e-02,-9.602989271193598103e-03,1.043375210262473089e-02,-2.649565777754369147e-03,-2.529264979649616801e-02,2.234634989105652170e-02,-2.055760778379452439e-02,1.875902759541710381e-04,4.170180260163618597e-05,-7.179693251740187736e-03,1.263665835928382258e-03,4.090348984094875628e-03,2.118453050552918798e-03,5.440433343184446950e-04,3.640613802313534195e-03,-4.849644673940109625e-03,1.285242422855151310e-03,9.999999999999998890e-01,1.416157877192175327e-02
-1.853478651066029035e-04,1.569748958138197370e-01,-1.029108969261905478e-03,7.034100897983404377e-04,-4.168605629234230399e-03,2.175589091809398100e-03,-7.381775855391663243e-04,-1.255298812476931224e-02,-1.106042293321716531e-02,1.237149869658084878e-01,8.605228283739940753e-01,2.481531595746511512e-03,-3.047737003273555921e-03,-4.775152678862615817e-03,-9.499481026604149651e-05,8.079131987115160257e-03,7.503960349570478524e-04,4.981123368679662815e-03,-5.028413349477103139e-02,-4.369385792857815795e-03,-1.243378026455579065e-02,4.850937560431726331e-02,1.987094740018776479e-02,-1.670918156698876500e-02,1.815470718380152865e-02,-4.610238999952020501e-03,-4.400915858853057805e-02,3.888260281714479155e-02,-3.577019523210071827e-02,3.264066940616473528e-04,7.256105069612921871e-05,-1.249265148077163129e-02,2.198775953636310579e-03,7.117198813562182827e-03,3.686103947758574348e-03,9.466342819632208010e-04,6.334660522908315376e-03,2.032888422121052752e-02,2.236319170479923648e-03,1.416157877192212623e-02,1.000000000000000000e+00
