8.916948288202783957e+00,-2.030746267265321481e-01,-1.860029359774901039e-02,5.090476131314580332e-04,7.163937621791278997e-05,-5.908544185706780143e-05,8.782869864066309429e-01,-2.198565612817152622e-05,2.346611420494520910e-05,2.666056945259979646e-04,-1.011762691178351214e-04,-5.522687479959818499e-04,1.825110213457124602e-03,1.633463285255396219e-04,1.498657110537324980e-03,3.573732257551588925e-04,-7.079825521755609297e-04,-3.776230242826971091e-04,2.235838241530636178e-03,5.148534732469222394e-04,-4.743868804169903237e-04,-2.681002383091990934e-05,-8.631729385911887610e-04,1.131887853112789003e-03,-5.885100132667064063e-04,-4.492638395756671653e-04,5.157428316842851577e-05,-4.390654856498003075e-04,1.284523988288441461e-04,2.694482898098265353e-06,1.464812157659160091e-02,8.090405326166232427e-04,-1.632101625549168514e-05,-8.207273539778762950e-07,-1.519993030012186720e-04,-2.539500305358172012e-05,9.199842230259897317e-05,-7.931677835022924071e-06,1.033090754409988752e-06,7.992053481557757368e-05,-2.001654642818255015e-04
-2.030746267265320093e-01,8.504710821107578056e+01,-8.867593187257388418e-03,-2.131877730686705941e-01,-3.000237833544558072e-02,2.474482434521086543e-02,4.972423108088596527e-02,9.207533732621774394e-03,-9.827545598638251848e-03,-1.116537487599341821e-01,4.237234974532255727e-02,2.312886682572104780e-01,-7.643512551179214576e-01,-6.840900363540278195e-02,-6.276335724738476562e-01,-1.496669470355316001e-01,2.965011911976195846e-01,1.581475082675571908e-01,-9.363630500524496858e-01,-2.156192516903850664e-01,1.986719513071866228e-01,1.122796596819681386e-02,3.614945081843956576e-01,-4.740315926130846402e-01,2.464664128079211980e-01,1.881504892837662923e-01,-2.159917126151212480e-02,1.838794460525696173e-01,-5.379551960413202910e-02,-1.128442200295410583e-03,-4.877713013864280376e-04,-3.388240019628362409e-01,6.835197769265102460e-03,3.437184113579212687e-04,6.365689982412441050e-02,1.063535906741810283e-02,-3.852869215095864469e-02,3.321765372682343280e-03,-4.326556330470838260e-04,-3.347050531281107327e-02,8.382875879329355906e-02
-1.860029359774885774e-02,-8.867593187257395357e-03,5.638755552212081253e-03,2.222841533163524198e-05,3.128253168451273453e-06,-2.580064630050485595e-06,2.814878432290273541e-02,-9.600404424827502035e-07,1.024687120244692341e-06,1.164178350871193116e-05,-4.418030992860693545e-06,-2.411573846623011997e-05,7.969648968820105758e-05,7.132790606810575526e-06,6.544136900633969786e-05,1.560529955464203084e-05,-3.091524213324520112e-05,-1.648954087203741882e-05,9.763161591381791374e-05,2.248193792298972918e-05,-2.071489647288569363e-05,-1.170704526240123227e-06,-3.769188988826128052e-05,4.942577601542874377e-05,-2.569827392224799953e-05,-1.961785688010716502e-05,2.252077324647319851e-06,-1.917252870074751436e-05,5.609088811845664536e-06,1.176591018558601860e-07,-1.127978112397567132e-03,3.532810785321501782e-05,-7.126844691986675130e-07,-3.583843245237465959e-08,-6.637303761126794427e-06,-1.108915277591893838e-06,4.017264963128800378e-06,-3.463499771839317193e-07,4.511163547753889167e-08,3.489863807589087204e-06,-8.740559743980159406e-06
5.090476131314624784e-04,-2.131877730686711214e-01,2.222841533163531314e-05,6.091859067009695039e+00,1.560331065944920229e-02,2.043595760532187500e-01,-1.246438393340415247e-04,-2.308054504381935228e-05,2.463473015102112798e-05,2.798826974083967268e-04,-1.062148622322671893e-04,-5.797718130450432673e-04,1.916000971090184128e-03,1.714809997617172926e-04,1.573290455529055640e-03,3.751704650709884216e-04,-7.432401876234204273e-04,-3.964287065500845999e-04,2.347183315498948229e-03,5.404932520988411145e-04,-4.980114169816114841e-04,-2.814516696922799696e-05,-9.061590781560595548e-04,1.188256035026654051e-03,-6.178178986678525874e-04,-4.716372450035026314e-04,5.414269007174652158e-05,-4.609310115489969294e-04,1.348493472231140130e-04,-2.021729332810436215e-03,1.222697393205869799e-06,8.493308703853793586e-04,-1.713380527056892580e-05,-8.615996971729255864e-07,-1.595688906938404206e-04,-2.665967794861797994e-05,9.657995729291003349e-05,-8.326676560256695805e-06,1.084538826246808009e-06,8.390058922887645850e-05,-2.101337339054385259e-04
7.163937621791285773e-05,-3.000237833544559113e-02,3.128253168451272182e-06,1.560331065944948851e-02,6.360933605053372027e-03,9.620765606860808006e-03,-1.754139822867696675e-05,-3.248175233623284038e-06,3.466899079359752624e-06,3.938849989528596938e-05,-1.494784825447398204e-05,-8.159254648061617181e-05,2.696429781046225820e-04,2.413289354326260370e-05,2.214125829023234286e-04,5.279855439795340600e-05,-1.045978058788690095e-04,-5.579027289293997496e-05,3.303242059363374855e-04,7.606478928789869301e-05,-7.008622836376674566e-05,-3.960930477251406124e-06,-1.275257351939171617e-04,1.672258526325697849e-04,-8.694685474420838563e-05,-6.637453385811428947e-05,7.619618368582898000e-06,-6.486782237074215638e-05,1.897764151967787596e-05,-1.276022929399868834e-03,1.720728597737604413e-07,1.195281780867759149e-04,-2.411277629359519910e-06,-1.212547967277702424e-07,-2.245647656172999930e-05,-3.751874380984946691e-06,1.359190715590296513e-05,-1.171831277383974863e-06,1.526295045732058416e-07,1.180751214939865939e-05,-2.957257677080741531e-05
-5.908544185706803183e-05,2.474482434521083074e-02,-2.580064630050482207e-06,2.043595760532184447e-01,9.620765606860814945e-03,1.906919783572332550e-01,1.446748031389216882e-05,2.678971803495846724e-06,-2.859366940252808026e-06,-3.248614160627114972e-05,1.232841860936193426e-05,6.729443939302650354e-05,-2.223913069330114834e-04,-1.990389578429520970e-05,-1.826127052489237058e-04,-4.354624622258341181e-05,8.626830527995984815e-05,4.601370222959969334e-05,-2.724388833937594658e-04,-6.273535480221693200e-05,5.780446438243954998e-05,3.266825309891636870e-06,1.051783922456321353e-04,-1.379215441891269711e-04,7.171046988205438417e-05,5.474319945408732778e-05,-6.284372392083744598e-06,5.350052093450187419e-05,-1.565203933636198947e-05,2.926275302845410091e-03,-1.419191719427584965e-07,-9.858231030858134692e-05,1.988730383935796396e-06,1.000063599124118413e-07,1.852125060618460553e-05,3.094403766420281944e-06,-1.121008979117777142e-05,9.664820167550843082e-07,-1.258830296163065084e-07,-9.738388431214124713e-06,2.439034030726694991e-05
8.782869864066313870e-01,4.972423108088602078e-02,2.814878432290270419e-02,-1.246438393340402507e-04,-1.754139822867698030e-05,1.446748031389220439e-05,1.467288828653014798e+00,5.383340417285509560e-06,-5.745840847308115594e-06,-6.528025374604245969e-05,2.477371135238848760e-05,1.352268340302506880e-04,-4.468908965384331996e-04,-3.999648167151845441e-05,-3.669565896862239380e-04,-8.750531342106596610e-05,1.733544391689071534e-04,9.246361706321435346e-05,-5.474605034289419187e-04,-1.260654444585119257e-04,1.161569184877064956e-04,6.564620315899632747e-06,2.113538818371160318e-04,-2.771505927307207212e-04,1.441007592371276009e-04,1.100053676593952393e-04,-1.262832100413724076e-05,1.075082299547552037e-04,-3.145246092640024754e-05,-6.597628292034633142e-07,6.634895189410947025e-03,-1.980991867182212629e-04,3.996314048902984869e-06,2.009607859998997457e-07,3.721808375767163756e-05,6.218142662581715740e-06,-2.252645189303551789e-05,1.942126339884554755e-06,-2.529594377587373651e-07,-1.956909735763946923e-05,4.901190247546523087e-05
-2.198565612817150251e-05,9.207533732621703271e-03,-9.600404424827425802e-07,-2.308054504381902024e-05,-3.248175233623261591e-06,2.678971803495795478e-06,5.383340417285455350e-06,2.772606178456943609e-03,-1.063968658214240804e-06,-1.208807306568571590e-05,4.587396888818527798e-06,2.157260487909336971e-02,-8.275166684801465457e-05,-7.406227229087401002e-06,-6.795007392768965182e-05,-1.620353110734806980e-05,3.210038268366497690e-05,1.712166995131344100e-05,-1.013743388892283747e-04,-2.334378646261035440e-05,2.150900520740420683e-05,1.215583663871561522e-06,3.913681427009231784e-05,-5.132052072224309227e-05,2.668342119587389924e-05,2.036991043352069194e-05,-2.338411054417796035e-06,1.990751053007980433e-05,-5.824114092035066891e-06,-1.221695815776217076e-07,-5.280803552042984096e-08,8.842705883657839792e-04,7.400053376706457404e-07,3.721230425903007382e-08,6.891745819153145140e-06,1.151425714896244501e-06,4.415678461656401830e-04,3.596273566988131821e-07,-4.684099694492633274e-08,-3.623648272093368128e-06,9.075630442806023081e-06
2.346611420494519894e-05,-9.827545598638257052e-03,1.024687120244692341e-06,2.463473015102065703e-05,3.466899079359753471e-06,-2.859366940252815649e-06,-5.745840847308113900e-06,-1.063968658214248004e-06,2.253926309609845854e-03,1.290205311242143431e-05,-4.896300509243830368e-06,-2.672636355964936689e-05,8.832395328956641378e-05,-3.344406779749266746e-03,7.252565880799329457e-05,1.729463561477228588e-05,-3.426194068013812302e-05,-1.827459958959616509e-05,1.082006286261011390e-04,2.491569757636458992e-05,1.102179127244869335e-02,-1.297437971183629386e-06,-4.177218764478578326e-05,5.477631385229758389e-05,-2.848021480508386463e-05,-2.174156831121398705e-05,2.495873697886222077e-06,-2.124803157620629051e-05,6.216295098475734252e-06,1.303961699827272311e-07,5.636399410765586174e-08,3.915251675505204579e-05,-7.898354119983500498e-07,-3.971808603213112910e-08,-7.355818426381933589e-06,-1.228959789362133627e-06,4.452149954701608248e-06,-3.838437467737675728e-07,-4.849608748062033802e-04,3.867655515749536843e-06,-9.686760277300667849e-06
2.666056945259986152e-04,-1.116537487599341266e-01,1.164178350871192438e-05,2.798826974083908721e-04,3.938849989528596260e-05,-3.248614160627117682e-05,-6.528025374604236482e-05,-1.208807306568579891e-05,1.290205311242142923e-05,2.961563899840595222e-03,1.046219988083877880e-03,-3.036463837490857576e-04,1.003475424366780198e-03,8.981048110263626782e-05,8.239861729380777797e-04,1.964896403120187343e-04,-3.892603782228172115e-04,-2.076233104985903950e-04,1.229300407006976960e-03,2.830748541889632893e-04,-2.608256600782299871e-04,-1.474058927655431320e-05,-4.745865890553592177e-04,6.223304408485460766e-04,-3.235724237103931584e-04,-2.470126016208563902e-04,2.835638379932117572e-05,-2.414053799538327027e-04,7.062522826034947371e-05,1.481470735127036688e-06,6.403685614111660226e-07,4.448237075280964473e-04,-8.973561482653669489e-06,-4.512493129181211004e-07,-8.357170101726585951e-05,-1.396258772653415051e-05,5.058223617427766260e-05,-4.848851853457341525e-04,5.680101812740788813e-07,4.394161623684652261e-05,9.169591130542792227e-04
-1.011762691178373576e-04,4.237234974532259890e-02,-4.418030992860762155e-06,-1.062148622322680024e-04,-1.494784825447409046e-05,1.232841860936210706e-05,2.477371135238896194e-05,4.587396888816217092e-06,-4.896300509243905754e-06,1.046219988083865304e-03,7.252452802688825750e-01,1.152331284351374704e-04,-3.808166954924845343e-04,-3.408287816881795413e-05,-3.127009231021105496e-04,-7.456738222497773542e-05,1.477234492459133597e-04,7.879258534023732665e-05,-4.665167749966185736e-04,-1.074262786428297682e-04,9.898275887853812984e-05,5.594020901360474822e-06,1.801045568038249121e-04,-2.361730205180351911e-04,1.227950163579050267e-04,9.374073386362608430e-05,-1.076118469108307618e-05,9.161280569091848514e-05,-2.680211731291775397e-05,-5.622148546148023297e-07,-2.430184472208260351e-07,-1.688096093478983276e-04,3.405446658326687999e-06,1.712481123263857582e-07,3.171527497861816031e-05,5.298771040554269529e-06,-1.919584631847967451e-05,-1.678591441818673338e-03,-2.155586026188727019e-07,-1.667574579663867466e-05,-4.808838070024856531e-04
-5.522687479959846688e-04,2.312886682572111441e-01,-2.411573846623016741e-05,-5.797718130450428336e-04,-8.159254648061637510e-05,6.729443939302686946e-05,1.352268340302510133e-04,2.157260487909336971e-02,-2.672636355964943465e-05,-3.036463837490865165e-04,1.152331284351434606e-04,1.453094115850054990e+00,-2.078680717023237944e-03,-1.860407447172257405e-04,-1.706872064017893320e-03,-4.070246430490924070e-04,8.063456487970657467e-04,4.300878341991130568e-04,-2.546472977239775792e-03,-5.863843065694140759e-04,5.402955139151517433e-04,3.053485710033033469e-05,9.830973108780648780e-04,-1.289145957734599097e-03,6.702742701962010252e-04,5.116820196917372388e-04,-5.873972274443516289e-05,5.000667640788036654e-04,-1.462988495336519225e-04,-3.068839131646957327e-06,-1.326511589691671148e-06,-1.080583554919532091e-02,1.858856606158071543e-05,9.347545765007533900e-07,1.731172275624419290e-04,2.892324132921007498e-05,1.265686239231887580e-03,9.033660349789131956e-06,-1.176622548212740307e-06,-9.102424247609892027e-05,2.279753232154088356e-04
1.825110213457136529e-03,-7.643512551179245662e-01,7.969648968820132863e-05,1.916000971090189115e-03,2.696429781046235036e-04,-2.223913069330127302e-04,-4.468908965384341754e-04,-8.275166684801571167e-05,8.832395328956665773e-05,1.003475424366783884e-03,-3.808166954924765112e-04,-2.078680717023237510e-03,1.800342033039771250e+00,6.148181741854589653e-04,5.640785665326784708e-03,1.345114739614136547e-03,-2.664770882901644489e-03,-1.421332823428641439e-03,-5.057284279576678560e-02,1.937853609885234561e-03,-1.785541666643040547e-03,9.216817052968778734e-02,-3.248890960092580896e-03,4.260305263761746640e-03,-2.215088977588719650e-03,-1.690981218058269396e-03,1.941201060272354582e-04,-1.652595700630376824e-03,4.834811411469518887e-04,1.014174650104683313e-05,4.383789340607653962e-06,3.045142352419745978e-03,-6.143056599820555187e-05,-3.089130302661503309e-06,-5.721091792648438619e-04,-9.558408537107857222e-05,3.462722580825182547e-04,-2.985399016172960977e-05,3.888443512184123136e-06,3.998425462525483955e-03,-7.534014776799562510e-04
1.633463285255381040e-04,-6.840900363540305951e-02,7.132790606810597549e-06,1.714809997617152326e-04,2.413289354326258676e-05,-1.990389578429511822e-05,-3.999648167151847474e-05,-7.406227229087340015e-06,-3.344406779749325726e-03,8.981048110263620005e-05,-3.408287816881769663e-05,-1.860407447172267705e-04,6.148181741854564716e-04,1.246996282847098847e+00,5.048471164299131279e-04,1.203870059690044091e-04,-2.384954820121413274e-04,-1.272084812237193939e-04,7.531786164453340869e-04,1.734367985345504522e-04,-4.922125561066058030e-01,-9.031394257759464423e-06,-2.907738974873677650e-04,3.812949037830073756e-04,-1.982492066389344846e-04,-1.513418595429645683e-04,1.737363934448328775e-05,-1.479063775133497669e-04,4.327128780244854611e-05,9.076805573537152358e-07,3.923466585950729811e-07,2.725385127088847457e-04,-5.498000800754533629e-06,-2.764754092964775925e-07,-5.120344692589742455e-05,-8.554721405707550394e-06,3.099117062134684633e-05,-2.671915180135259090e-06,-1.693104913857759394e-03,2.692253702430607768e-05,-6.742900476767657711e-05
1.498657110537338424e-03,-6.276335724738557609e-01,6.544136900633998246e-05,1.573290455529083830e-03,2.214125829023231033e-04,-1.826127052489246274e-04,-3.669565896862268112e-04,-6.795007392767573337e-05,7.252565880799319970e-05,8.239861729380843934e-04,-3.127009231021083812e-04,-1.706872064017809620e-03,5.640785665326812463e-03,5.048471164299142121e-04,2.013756348189764722e+01,1.104517280188158654e-03,-2.188129682343261783e-03,-1.167102417468233967e-03,6.910204222092403148e-03,1.591234365038057472e-03,-1.466166095145861326e-03,-8.286052918747567576e-05,-2.667769597037291524e-03,3.498274640906264693e-03,-1.818881304953111865e-03,-1.388519448054491897e-03,-1.837530546676795565e-02,4.854140797221471182e-01,3.970020246712102564e-04,8.327716537332228416e-06,3.599671415982565620e-06,2.500465015976996528e-03,-5.044262744174612462e-05,9.937324944338623775e-03,-4.697773773809013750e-04,-7.848718841161589463e-05,2.843353666704725026e-04,-2.451407827532754735e-05,3.192926912298137981e-06,2.470067855787356072e-04,-6.186423555625565878e-04
3.573732257551518452e-04,-1.496669470355286580e-01,1.560529955464225107e-05,3.751704650709744896e-04,5.279855439795182713e-05,-4.354624622258436049e-05,-8.750531342106442111e-05,-1.620353110736171042e-05,1.729463561477160826e-05,1.964896403120150480e-04,-7.456738222497349348e-05,-4.070246430490177055e-04,1.345114739614070411e-03,1.203870059690027692e-04,1.104517280188154317e-03,1.850459885971954543e+00,-5.217864429770912010e-04,-2.783099301270081506e-04,1.647823211935724261e-03,3.794494110545364022e-04,-3.496253434030982218e-04,-1.975911260507752992e-05,-1.792955415757156376e-02,8.342066268578690949e-04,-4.337346245825314918e-04,-3.311095451294181723e-04,3.801048723708458544e-05,-3.235933107210262776e-04,-5.318146762904233001e-03,1.985846462940256852e-06,8.583859353438546364e-07,5.962666458956182667e-04,-1.754678706782078685e-04,-6.048798877460567875e-07,-1.120241952351170645e-04,-1.871623569253624294e-05,6.780326631680831542e-05,-5.845683557679868623e-06,7.613927043253219878e-07,5.890180690767639527e-05,-1.475228807454721065e-04
-7.079825521755584361e-04,2.965011911976176973e-01,-3.091524213324515368e-05,-7.432401876233857329e-04,-1.045978058788695788e-04,8.626830527995915697e-05,1.733544391689090778e-04,3.210038268365771952e-05,-3.426194068013824499e-05,-3.892603782228129831e-04,1.477234492459111100e-04,8.063456487971248357e-04,-2.664770882901627141e-03,-2.384954820121400535e-04,-2.188129682343279130e-03,-5.217864429771085482e-04,7.455847233320568312e-01,5.513523689696802916e-04,-3.264458552134940662e-03,-9.984065963984415162e-03,6.926334293923098019e-04,3.914425021994035874e-05,1.260284500468334063e-03,-1.652624466974923030e-03,8.592600797946512835e-04,-1.953312998739048945e-03,-7.530156101281454883e-05,6.410620647563126939e-04,-1.875482421357934585e-04,-3.934107386166031648e-06,-1.700525449191611297e-06,-1.181247926019999899e-03,2.382966714904133186e-05,1.198311389391885455e-06,2.219281410363304079e-04,3.061030382070967270e-04,-1.343232398882720287e-04,1.158072755907129609e-05,-1.508374749890833466e-06,-1.166887964092155986e-04,2.922536387379786552e-04
-3.776230242827126131e-04,1.581475082675577737e-01,-1.648954087203744593e-05,-3.964287065498250961e-04,-5.579027289293971747e-05,4.601370222960567678e-05,9.246361706321088402e-05,1.712166995130724411e-05,-1.827459958959596858e-05,-2.076233104985917232e-04,7.879258534026874141e-05,4.300878341991075274e-04,-1.421332823428527381e-03,-1.272084812237779408e-04,-1.167102417467946653e-03,-2.783099301264591106e-04,5.513523689704919253e-04,4.365678230186268438e-01,-1.741193631558667597e-03,-4.009501099639879631e-04,3.694361245523631113e-04,2.087872095987409904e-05,6.722092840579763605e-04,1.381901478448162995e-02,3.215031145168377458e-02,3.498711677027276524e-04,-4.016427116104500375e-05,3.419290417571831456e-04,-1.000342934675355489e-04,-2.098370255667774823e-06,-9.070245601677167614e-07,-6.300528351730743390e-04,1.271024398669055375e-05,6.391541281689277989e-07,4.948659359157197256e-03,1.977675163120836216e-05,-7.164519510012690010e-05,6.176916861598213803e-06,-8.045354127091726273e-07,-6.223935330687419281e-05,1.558819529926703401e-04
2.235838241530646153e-03,-9.363630500524495748e-01,9.763161591381783243e-05,2.347183315498938688e-03,3.303242059363373771e-04,-2.724388833937599536e-04,-5.474605034289413766e-04,-1.013743388892292014e-04,1.082006286261010848e-04,1.229300407006977177e-03,-4.665167749966171100e-04,-2.546472977239767552e-03,-5.057284279576687580e-02,7.531786164453364721e-04,6.910204222092425699e-03,1.647823211935827694e-03,-3.264458552134888621e-03,-1.741193631558628782e-03,1.092562681189057361e-01,2.373953734696677455e-03,-2.187365075649243089e-03,-2.572607068653655436e-04,-3.980030683943573504e-03,5.219056558381644437e-03,-2.713578943325628892e-03,-2.071524472970433153e-03,2.378054504903298583e-04,-2.024500568795542608e-03,5.922851214489781649e-04,1.242407417138848466e-05,5.370329845439328687e-06,3.730429906229084779e-03,-7.525507645781734205e-05,-3.784317030739106200e-06,-7.008582670238018911e-04,-1.170946016183731621e-04,4.241983584846342097e-04,-3.657241758536806676e-05,4.763509973518197682e-06,-1.767153728808117455e-02,-9.229491033485498269e-04
5.148534732469209384e-04,-2.156192516903849832e-01,2.248193792298971562e-05,5.404932520988404640e-04,7.606478928789865235e-05,-6.273535480221706752e-05,-1.260654444585117631e-04,-2.334378646261048315e-05,2.491569757636457298e-05,2.830748541889632351e-04,-1.074262786428274643e-04,-5.863843065694126664e-04,1.937853609885228055e-03,1.734367985345494222e-04,1.591234365038056387e-03,3.794494110545560263e-04,-9.984065963984307610e-03,-4.009501099639771211e-04,2.373953734696677021e-03,6.485097571518657483e-03,-5.036914055491121004e-04,-2.846617211321502550e-05,-9.164941287768826146e-04,1.201808496805819530e-03,-6.248643206605427550e-04,2.203166869024824649e-03,5.476020575539334543e-05,-4.661880855572015986e-04,1.363873496151134918e-04,2.860930464557065166e-06,1.236642670318214117e-06,8.590177760853492028e-04,-1.732922211190239702e-05,-8.714265329899974261e-07,-1.613888278357708474e-04,-1.038528108063920159e-03,9.768148435547805005e-05,-8.421645121327282161e-06,1.096908358197332491e-06,8.485750381231089848e-05,-2.125303801780504718e-04
-4.743868804169930884e-04,1.986719513071867060e-01,-2.071489647288568347e-05,-4.980114169816136525e-04,-7.008622836376671855e-05,5.780446438243964485e-05,1.161569184877064007e-04,2.150900520740480653e-05,1.102179127244872284e-02,-2.608256600782302040e-04,9.898275887853781813e-05,5.402955139151518517e-04,-1.785541666643034476e-03,-4.922125561066053590e-01,-1.466166095145854170e-03,-3.496253434031052691e-04,6.926334293923103440e-04,3.694361245523422404e-04,-2.187365075649242655e-03,-5.036914055491124257e-04,2.415156300965372260e+00,2.622878020233311889e-05,8.444592748477790711e-04,-1.107348426850222022e-03,5.757510654295849243e-04,4.395237607919006556e-04,-5.045614826188624726e-05,4.295465080585891739e-04,-1.256675397452850754e-04,-2.636066276511774035e-06,-1.139444694551851466e-06,-7.915004641027948177e-04,1.596717521564805620e-05,8.029339141691286180e-07,1.487039450046567508e-04,2.484443719747033265e-05,-9.000388857369433216e-05,7.759718375580106460e-06,1.255440359085365290e-02,-7.818785072891807253e-05,1.958258597551483168e-04
-2.681002383091962474e-05,1.122796596819665774e-02,-1.170704526240106498e-06,-2.814516696922724818e-05,-3.960930477251351067e-06,3.266825309891595789e-06,6.564620315899534492e-06,1.215583663871569145e-06,-1.297437971183610539e-06,-1.474058927655411160e-05,5.594020901360292710e-06,3.053485710032994844e-05,9.216817052968781510e-02,-9.031394257759301793e-06,-8.286052918747339893e-05,-1.975911260507729275e-05,3.914425021993974888e-05,2.087872095986711610e-05,-2.572607068653623994e-04,-2.846617211321463925e-05,2.622878020233275297e-05,6.122545908141032930e-03,4.772470364907474962e-05,-6.258191138610109852e-05,3.253863127765190992e-05,2.483973100337065259e-05,-2.851534460920406114e-06,2.427586552860865781e-05,-7.102114064332043194e-06,-1.489775594785454124e-07,-6.439583528974798817e-08,-4.473173095791985936e-05,9.023865661455571126e-07,4.537789357624230434e-08,8.404018900821410071e-06,1.404085949308865896e-06,-5.086579113265411496e-06,4.385412901546967794e-07,-5.711943446383513887e-08,1.335192080850016588e-03,1.106711880845219270e-05
-8.631729385911930978e-04,3.614945081843958241e-01,-3.769188988826126696e-05,-9.061590781560428581e-04,-1.275257351939172159e-04,1.051783922456323386e-04,2.113538818371159234e-04,3.913681427009272441e-05,-4.177218764478577649e-05,-4.745865890553596514e-04,1.801045568038229334e-04,9.830973108780611917e-04,-3.248890960092570487e-03,-2.907738974873684155e-04,-2.667769597037295427e-03,-1.792955415757144927e-02,1.260284500468322570e-03,6.722092840579628080e-04,-3.980030683943575238e-03,-9.164941287768833735e-04,8.444592748477793964e-04,4.772470364907542724e-05,1.074158077587152593e-01,-2.014881176326895409e-03,1.047610630814706494e-03,7.997375809590528007e-04,-9.180772817098579953e-05,7.815834225782194609e-04,7.258703844449345549e-03,-4.796467120291602842e-06,-2.073282095183411932e-06,-1.440178490803442884e-03,2.469898972496981700e-03,1.460982280072070601e-06,2.705749810722939217e-04,4.520581565100259552e-05,-1.637670099908836825e-04,1.411923303402089253e-05,-1.839011796772597920e-06,-1.422670812828663546e-04,3.563158885600232551e-04
1.131887853112790304e-03,-4.740315926130849733e-01,4.942577601542874377e-05,1.188256035026690914e-03,1.672258526325699475e-04,-1.379215441891268898e-04,-2.771505927307211549e-04,-5.132052072224318714e-05,5.477631385229761099e-05,6.223304408485468356e-04,-2.361730205180344593e-04,-1.289145957734595628e-03,4.260305263761719752e-03,3.812949037829972384e-04,3.498274640906273367e-03,8.342066268580285810e-04,-1.652624466974884432e-03,1.381901478448164383e-02,5.219056558381645304e-03,1.201808496805819530e-03,-1.107348426850217468e-03,-6.258191138610296877e-05,-2.014881176326893675e-03,2.921059872986406930e-02,4.933298709517282624e-03,-1.048704394096020270e-03,1.203884502081632301e-04,-1.024898653165021416e-03,2.998429502165500093e-04,6.289658339120159105e-06,2.718716858112449837e-06,1.888521369443408367e-03,-3.809770552513837039e-05,-1.915801599532997513e-06,-4.051125478153724119e-03,-5.927886676908384537e-05,2.147494216533456213e-04,-1.851470041746275028e-05,2.411515724641913315e-06,1.865563365143354613e-04,-4.672408136316621042e-04
-5.885100132667151884e-04,2.464664128079212813e-01,-2.569827392224797243e-05,-6.178178986678535631e-04,-8.694685474420823655e-05,7.171046988205522442e-05,1.441007592371268962e-04,2.668342119587384842e-05,-2.848021480508381042e-05,-3.235724237103931584e-04,1.227950163579134835e-04,6.702742701961979894e-04,-2.215088977588688425e-03,-1.982492066389390112e-04,-1.818881304953107961e-03,-4.337346245825283476e-04,8.592600797946464046e-04,3.215031145168376070e-02,-2.713578943325628458e-03,-6.248643206605426466e-04,5.757510654295876348e-04,3.253863127765344813e-05,1.047610630814706928e-03,4.933298709517282624e-03,7.565555611234685111e-03,5.452598816967879321e-04,-6.259437119527546246e-05,5.328824037756338438e-04,-1.558993482654583347e-04,-3.270224079549213877e-06,-1.413560618957154197e-06,-9.819115322504110878e-04,1.980839455284479983e-05,9.960955245318004726e-07,1.388021958914494817e-03,3.082125722329226230e-05,-1.116561014756642460e-04,9.626471879122196600e-06,-1.253835481314670651e-06,-9.699748236992605940e-05,2.429356377249853726e-04
-4.492638395756677616e-04,1.881504892837662646e-01,-1.961785688010715147e-05,-4.716372450035066430e-04,-6.637453385811424881e-05,5.474319945408739554e-05,1.100053676593951173e-04,2.036991043352075293e-05,-2.174156831121397350e-05,-2.470126016208563902e-04,9.374073386362428181e-05,5.116820196917358293e-04,-1.690981218058262674e-03,-1.513418595429650291e-04,-1.388519448054480404e-03,-3.311095451294310201e-04,-1.953312998739002975e-03,3.498711677027291703e-04,-2.071524472970433586e-03,2.203166869024823782e-03,4.395237607919006556e-04,2.483973100337099479e-05,7.997375809590522586e-04,-1.048704394096019836e-03,5.452598816967885826e-04,1.123857811942972386e-02,-4.778404259074059472e-05,4.067981671775792790e-04,-1.190123162056405610e-04,-2.496462920139371125e-06,-1.079100876500865798e-06,-7.495834143140117645e-04,1.512157005323143893e-05,7.604113606347122552e-07,1.408287371567198487e-04,9.504195212603785926e-04,-8.523737528705788331e-05,7.348771678455046235e-06,-9.571679832681845307e-07,-7.404710264281711535e-05,1.854551238104876654e-04
5.157428316842846156e-05,-2.159917126151205888e-02,2.252077324647311804e-06,5.414269007174674520e-05,7.619618368582874283e-06,-6.284372392083736128e-06,-1.262832100413719502e-05,-2.338411054417817634e-06,2.495873697886214453e-06,2.835638379932110456e-05,-1.076118469108301181e-05,-5.873972274443491895e-05,1.941201060272341572e-04,1.737363934448319627e-05,-1.837530546676884383e-02,3.801048723708522241e-05,-7.530156101281402028e-05,-4.016427116104484790e-05,2.378054504903293162e-04,5.476020575539322345e-05,-5.045614826188610496e-05,-2.851534460920437031e-06,-9.180772817098555559e-05,1.203884502081628371e-04,-6.259437119527538115e-05,-4.778404259074046597e-05,7.616769273036889769e-03,5.188834316254999773e-02,1.366229452679211248e-05,2.865872438884864538e-07,1.238778848182404134e-07,8.605016443055428716e-05,-1.735915662861251278e-06,-1.283559351558149434e-03,-1.616676110686522647e-05,-2.701031778231852748e-06,9.785021945546291996e-06,-8.436192680068419860e-07,1.098803158862122508e-07,8.500408675466372303e-06,-2.128975053828500351e-05
-4.390654856498009580e-04,1.838794460525700891e-01,-1.917252870074755502e-05,-4.609310115489969294e-04,-6.486782237074231901e-05,5.350052093450209103e-05,1.075082299547553934e-04,1.990751053008044807e-05,-2.124803157620633456e-05,-2.414053799538333803e-04,9.161280569091694015e-05,5.000667640788064843e-04,-1.652595700630375090e-03,-1.479063775133501464e-04,4.854140797221423442e-01,-3.235933107210440043e-04,6.410620647563087908e-04,3.419290417571828203e-04,-2.024500568795547812e-03,-4.661880855572030080e-04,4.295465080585903666e-04,2.427586552860905761e-05,7.815834225782213041e-04,-1.024898653165023802e-03,5.328824037756355785e-04,4.067981671775803090e-04,5.188834316255002549e-02,2.343206929467035682e+00,-1.163107194705268051e-04,-2.439792851953088596e-06,-1.054605131037213027e-06,-7.325677627464355053e-04,1.477830823304287949e-05,1.472114454178105776e-02,1.376319045208822505e-04,2.299459646568366848e-05,-8.330247457990950599e-05,7.181953501928587615e-06,-9.354401320592002640e-07,-7.236622273792718758e-05,1.812452657641083829e-04
1.284523988288438750e-04,-5.379551960413203604e-02,5.609088811845662842e-06,1.348493472231117633e-04,1.897764151967787596e-05,-1.565203933636200980e-05,-3.145246092640021366e-05,-5.824114092035075362e-06,6.216295098475732558e-06,7.062522826034947371e-05,-2.680211731291747614e-05,-1.462988495336517598e-04,4.834811411469502624e-04,4.327128780244860032e-05,3.970020246712067328e-04,-5.318146762904167948e-03,-1.875482421357955185e-04,-1.000342934675349120e-04,5.922851214489784901e-04,1.363873496151135731e-04,-1.256675397452850754e-04,-7.102114064332143144e-06,7.258703844449342947e-03,2.998429502165500093e-04,-1.558993482654585515e-04,-1.190123162056406017e-04,1.366229452679215653e-05,-1.163107194705265476e-04,3.686147560329911237e-03,7.137824646248931249e-07,3.085338368112712319e-07,2.143190241660500534e-04,-6.318014198143053666e-04,-2.174149236281514581e-07,-4.026540201611444392e-05,-6.727267737173504657e-06,2.437085819290106333e-05,-2.101142507784731366e-06,2.736710874596372545e-07,2.117136329017527049e-05,-5.302486741656659290e-05
2.694482898098271706e-06,-1.128442200295409498e-03,1.176591018558599875e-07,-2.021729332810714638e-03,-1.276022929399868834e-03,2.926275302845407489e-03,-6.597628292034620437e-07,-1.221695815776220782e-07,1.303961699827270458e-07,1.481470735127035205e-06,-5.622148546147917417e-07,-3.068839131646946739e-06,1.014174650104678739e-05,9.076805573537103654e-07,8.327716537332201311e-06,1.985846462940370355e-06,-3.934107386165993532e-06,-2.098370255667591864e-06,1.242407417138847280e-05,2.860930464557062625e-06,-2.636066276511770647e-06,-1.489775594785472917e-07,-4.796467120291596066e-06,6.289658339120161646e-06,-3.270224079549207948e-06,-2.496462920139368161e-06,2.865872438884869832e-07,-2.439792851953078855e-06,7.137824646248920661e-07,1.636632979051004175e-03,6.471962799856540119e-09,4.495664935942475315e-06,-9.069239122229552981e-08,-4.560606098823982051e-09,-8.446275671506544203e-07,-1.411145921291426457e-07,5.112155258404211808e-07,-4.407463469200711616e-08,5.740664024861838448e-09,4.441012922679122210e-07,-1.112276607759110376e-06
1.464812157659160091e-02,-4.877713013864279834e-04,-1.127978112397567782e-03,1.222697393205870222e-06,1.720728597737603619e-07,-1.419191719427587082e-07,6.634895189410927943e-03,-5.280803552043007257e-08,5.636399410765583527e-08,6.403685614111659167e-07,-2.430184472208221705e-07,-1.326511589691667548e-06,4.383789340607637021e-06,3.923466585950744105e-07,3.599671415982519034e-06,8.583859353438609892e-07,-1.700525449191632472e-06,-9.070245601676488929e-07,5.370329845439329534e-06,1.236642670318214541e-06,-1.139444694551851466e-06,-6.439583528974887491e-08,-2.073282095183411085e-06,2.718716858112455343e-06,-1.413560618957144456e-06,-1.079100876500865798e-06,1.238778848182407575e-07,-1.054605131037210275e-06,3.085338368112712319e-07,6.471962799856547563e-09,1.375033273942093083e-03,1.943259775137736004e-06,-3.920195972887714448e-08,-1.971330717117725921e-09,-3.650918828700951066e-07,-6.099705259997170422e-08,2.209738897241275120e-07,-1.905134522284240122e-08,2.481413014770340650e-09,1.919636337777921626e-07,-4.807836930649303136e-07
8.090405326166331089e-04,-3.388240019628384614e-01,3.532810785321521433e-05,8.493308703853776238e-04,1.195281780867767145e-04,-9.858231030858192968e-05,-1.980991867182220760e-04,8.842705883657840877e-04,3.915251675505231684e-05,4.448237075280993204e-04,-1.688096093478879192e-04,-1.080583554919532438e-02,3.045142352419754651e-03,2.725385127088772647e-04,2.500465015977200358e-03,5.962666458956081836e-04,-1.181247926019934414e-03,-6.300528351731272481e-04,3.730429906229113836e-03,8.590177760853542985e-04,-7.915004641027956851e-04,-4.473173095792059119e-05,-1.440178490803452208e-03,1.888521369443417475e-03,-9.819115322504227972e-04,-7.495834143140168602e-04,8.605016443055491058e-05,-7.325677627464320359e-04,2.143190241660514900e-04,4.495664935942513431e-06,1.943259775137753791e-06,2.033799853575275762e-02,-2.723113238185636607e-05,-1.369359289625244559e-06,-2.536063365896835584e-04,-4.237081068754168311e-05,-3.562269002009957591e-03,-1.323376962283642847e-05,1.723681335489395797e-06,1.333450460144886517e-04,-3.339701505597135163e-04
-1.632101625549176984e-05,6.835197769265103328e-03,-7.126844691986669836e-07,-1.713380527056887836e-05,-2.411277629359518639e-06,1.988730383935798514e-06,3.996314048902981481e-06,7.400053376706508226e-07,-7.898354119983497321e-07,-8.973561482653677959e-06,3.405446658326605413e-06,1.858856606158064089e-05,-6.143056599820530793e-05,-5.498000800754548876e-06,-5.044262744174573838e-05,-1.754678706782121782e-04,2.382966714904109469e-05,1.271024398669009805e-05,-7.525507645781734205e-05,-1.732922211190240041e-05,1.596717521564805620e-05,9.023865661455697122e-07,2.469898972496983001e-03,-3.809770552513840427e-05,1.980839455284476256e-05,1.512157005323143893e-05,-1.735915662861255937e-06,1.477830823304284222e-05,-6.318014198143051497e-04,-9.069239122229563569e-08,-3.920195972887714448e-08,-2.723113238185618989e-05,1.082018752674843804e-03,2.762449385978117830e-08,5.116076358484830674e-06,8.547590165268249955e-07,-3.096533629213311944e-06,2.669687863934188034e-07,-3.477233829660392952e-08,-2.690009431978642053e-06,6.737279575480733531e-06
-8.207273539778059912e-07,3.437184113578912906e-04,-3.583843245237151630e-08,-8.615996971728567650e-07,-1.212547967277596280e-07,1.000063599124032519e-07,2.009607859998819844e-07,3.721230425903178774e-08,-3.971808603212764171e-08,-4.512493129180819780e-07,1.712481123263696116e-07,9.347545765007490489e-07,-3.089130302661222941e-06,-2.764754092964523933e-07,9.937324944339201438e-03,-6.048798877460133770e-07,1.198311389391790799e-06,6.391541281691054641e-07,-3.784317030738776281e-06,-8.714265329899216167e-07,8.029339141690583142e-07,4.537789357623896915e-08,1.460982280071942700e-06,-1.915801599532812436e-06,9.960955245317420273e-07,7.604113606346458690e-07,-1.283559351558149000e-03,1.472114454178110113e-02,-2.174149236281324263e-07,-4.560606098823589140e-09,-1.971330717117553867e-09,-1.369359289625272723e-06,2.762449385977876955e-08,2.158395344098007484e-03,2.572697524907404764e-07,4.298286913884304974e-08,-1.557139464983605198e-07,1.342493520142190888e-08,-1.748580404249647736e-09,-1.352712532554640106e-07,3.387944446861530203e-07
-1.519993030012134136e-04,6.365689982412432724e-02,-6.637303761126797815e-06,-1.595688906938420740e-04,-2.245647656172998914e-05,1.852125060618467329e-05,3.721808375767146816e-05,6.891745819153147681e-06,-7.355818426381930201e-06,-8.357170101726603569e-05,3.171527497862043036e-05,1.731172275624410345e-04,-5.721091792648239126e-04,-5.120344692589881368e-05,-4.697773773808553506e-04,-1.120241952351602700e-04,2.219281410363389460e-04,4.948659359157201593e-03,-7.008582670238016742e-04,-1.613888278357709558e-04,1.487039450046565611e-04,8.404018900822551871e-06,2.705749810722940301e-04,-4.051125478153724119e-03,1.388021958914495034e-03,1.408287371567196861e-04,-1.616676110686527391e-05,1.376319045208819524e-04,-4.026540201611437616e-05,-8.446275671506545262e-07,-3.650918828700977006e-07,-2.536063365896818779e-04,5.116076358484840839e-06,2.572697524907600111e-07,5.926444121832496678e-03,7.960458632737593882e-06,-2.883833616683413665e-05,2.486307765377265007e-06,-3.238383628855066733e-07,-2.505233450704161702e-05,6.274497761453986589e-05
-2.539500305358176755e-05,1.063535906741810109e-02,-1.108915277591892991e-06,-2.665967794861813240e-05,-3.751874380984944574e-06,3.094403766420286179e-06,6.218142662581708963e-06,1.151425714896248524e-06,-1.228959789362132780e-06,-1.396258772653415729e-05,5.298771040554200919e-06,2.892324132921002754e-05,-9.558408537107820630e-05,-8.554721405707579193e-06,-7.848718841161543384e-05,-1.871623569253620567e-05,3.061030382070872944e-04,1.977675163120847396e-05,-1.170946016183731486e-04,-1.038528108063919942e-03,2.484443719747032926e-05,1.404085949308885378e-06,4.520581565100258197e-05,-5.927886676908403511e-05,3.082125722329231651e-05,9.504195212603783758e-04,-2.701031778231859524e-06,2.299459646568359733e-05,-6.727267737173501269e-06,-1.411145921291427780e-07,-6.099705259997170422e-08,-4.237081068754158824e-05,8.547590165268249955e-07,4.298286913884679521e-08,7.960458632737656563e-06,1.396075564019285363e-03,-4.818111797598892101e-06,4.153952817362468696e-07,-5.410469687666075962e-08,-4.185572556872810038e-06,1.048300134708805941e-05
9.199842230259797028e-05,-3.852869215095817979e-02,4.017264963128748709e-06,9.657995729290935587e-05,1.359190715590279065e-05,-1.121008979117768672e-05,-2.252645189303524684e-05,4.415678461656401287e-04,4.452149954701531168e-06,5.058223617427708662e-05,-1.919584631847193602e-05,1.265686239231887146e-03,3.462722580825112616e-04,3.099117062135406983e-05,2.843353666703711839e-04,6.780326631675861831e-05,-1.343232398883345330e-04,-7.164519510009906321e-05,4.241983584846304150e-04,9.768148435547765703e-05,-9.000388857369621596e-05,-5.086579113265513987e-06,-1.637670099908789933e-04,2.147494216533447811e-04,-1.116561014756604512e-04,-8.523737528705670424e-05,9.785021945546254726e-06,-8.330247457991214874e-05,2.437085819290104300e-05,5.112155258404149339e-07,2.209738897241243092e-07,-3.562269002009959759e-03,-3.096533629213211994e-06,-1.557139464984313529e-07,-2.883833616683338110e-05,-4.818111797598889559e-06,2.789613144864478735e-03,-1.504851583244334492e-06,1.960049676430751691e-07,1.516306459396306241e-05,-3.797674616904976933e-05
-7.931677835023020633e-06,3.321765372682381444e-03,-3.463499771839354780e-07,-8.326676560256694110e-06,-1.171831277383987992e-06,9.664820167550961666e-07,1.942126339884575084e-06,3.596273566988280582e-07,-3.838437467737712257e-07,-4.848851853457342067e-04,-1.678591441818682011e-03,9.033660349789184472e-06,-2.985399016172982661e-05,-2.671915180135314147e-06,-2.451407827532755751e-05,-5.845683557679992290e-06,1.158072755907137741e-05,6.176916861598297660e-06,-3.657241758536851399e-05,-8.421645121327378723e-06,7.759718375580323301e-06,4.385412901547097496e-07,1.411923303402092641e-05,-1.851470041746299084e-05,9.626471879122276221e-06,7.348771678455127550e-06,-8.436192680068533151e-07,7.181953501928688412e-06,-2.101142507784763553e-06,-4.407463469200767202e-08,-1.905134522284262291e-08,-1.323376962283649454e-05,2.669687863934189622e-07,1.342493520142346067e-08,2.486307765377367074e-06,4.153952817362485107e-07,-1.504851583244360539e-06,6.822579348488615409e-04,-1.689864041684855652e-08,-1.307289194105700119e-06,6.538234169890199104e-04
1.033090754409988117e-06,-4.326556330470848017e-04,4.511163547753897770e-08,1.084538826246790433e-06,1.526295045732061858e-07,-1.258830296163070378e-07,-2.529594377587376298e-07,-4.684099694492442692e-08,-4.849608748062030550e-04,5.680101812740791989e-07,-2.155586026188653697e-07,-1.176622548212731202e-06,3.888443512184117207e-06,-1.693104913857892318e-03,3.192926912298139252e-06,7.613927043253588337e-07,-1.508374749890842360e-06,-8.045354127091663804e-07,4.763509973518208694e-06,1.096908358197335455e-06,1.255440359085366504e-02,-5.711943446383605869e-08,-1.839011796772601308e-06,2.411515724641895104e-06,-1.253835481314681450e-06,-9.571679832681868600e-07,1.098803158862127802e-07,-9.354401320591998405e-07,2.736710874596377839e-07,5.740664024861857474e-09,2.481413014770346440e-09,1.723681335489372292e-06,-3.477233829660400893e-08,-1.748580404249804280e-09,-3.238383628855047146e-07,-5.410469687666088535e-08,1.960049676430883511e-07,-1.689864041684905944e-08,7.531955137624386397e-04,1.702727226019213616e-07,-4.264575888135936818e-07
7.992053481557811578e-05,-3.347050531281110103e-02,3.489863807589086781e-06,8.390058922887679732e-05,1.180751214939866109e-05,-9.738388431214141654e-06,-1.956909735763946246e-05,-3.623648272093222862e-06,3.867655515749536843e-06,4.394161623684651583e-05,-1.667574579663847137e-05,-9.102424247609833751e-05,3.998425462525499567e-03,2.692253702430619287e-05,2.470067855787333303e-04,5.890180690767559567e-05,-1.166887964092155579e-04,-6.223935330687403017e-05,-1.767153728808117455e-02,8.485750381231097980e-05,-7.818785072891812674e-05,1.335192080850018106e-03,-1.422670812828664088e-04,1.865563365143360305e-04,-9.699748236992577479e-05,-7.404710264281718312e-05,8.500408675466402796e-06,-7.236622273792705205e-05,2.117136329017527726e-05,4.441012922679130151e-07,1.919636337777922950e-07,1.333450460144869983e-04,-2.690009431978644171e-06,-1.352712532554758955e-07,-2.505233450704157298e-05,-4.185572556872813426e-06,1.516306459396411442e-05,-1.307289194105711343e-06,1.702727226019210704e-07,1.819254122812432456e-02,-3.299102080688856386e-05
-2.001654642818259894e-04,8.382875879329404478e-02,-8.740559743980205146e-06,-2.101337339054368454e-04,-2.957257677080758811e-05,2.439034030726713965e-05,4.901190247546546804e-05,9.075630442806156912e-06,-9.686760277300718671e-06,9.169591130542785722e-04,-4.808838070024720464e-04,2.279753232154094048e-04,-7.534014776799584194e-04,-6.742900476767682105e-05,-6.186423555625571299e-04,-1.475228807454779612e-04,2.922536387379797936e-04,1.558819529926697167e-04,-9.229491033485551395e-04,-2.125303801780518270e-04,1.958258597551502413e-04,1.106711880845241970e-05,3.563158885600262909e-04,-4.672408136316651942e-04,2.429356377249870260e-04,1.854551238104888309e-04,-2.128975053828517969e-05,1.812452657641092232e-04,-5.302486741656681652e-05,-1.112276607759118000e-06,-4.807836930649330664e-07,-3.339701505597138416e-04,6.737279575480795364e-06,3.387944446861862134e-07,6.274497761454093654e-05,1.048300134708821865e-05,-3.797674616905042663e-05,6.538234169890199104e-04,-4.264575888135910349e-07,-3.299102080688859774e-05,5.540306064487036421e-03
