0.000000000000000000e+00,0.000000000000000000e+00,7.986027002334594727e-02,-6.315430456946979909e+00,2.248506938686897902e-04,0.000000000000000000e+00,-7.746249844412551600e-01,3.657934931134864537e-02,0.000000000000000000e+00
0.000000000000000000e+00,0.000000000000000000e+00,-5.615445226430892944e-02,-2.456903445103492345e+00,-2.762258701325156877e-03,0.000000000000000000e+00,-2.863443161647190038e+00,9.637117846098663954e-01,0.000000000000000000e+00
0.000000000000000000e+00,0.000000000000000000e+00,1.035674512386322021e-01,1.505529815515835201e+00,4.630737404856322299e-03,0.000000000000000000e+00,3.722845238179921523e+00,-1.356688642110587040e+00,0.000000000000000000e+00
0.000000000000000000e+00,0.000000000000000000e+00,-8.810155838727951050e-02,-6.600605018626661824e+00,5.574050572528984335e-06,0.000000000000000000e+00,-8.023035586435619537e-01,2.998311840083007010e-02,0.000000000000000000e+00
0.000000000000000000e+00,0.000000000000000000e+00,8.907901868224143982e-02,6.078128040875343530e+00,2.430005663098311735e-05,0.000000000000000000e+00,9.383071926712165389e-01,-1.572367762906230412e-02,0.000000000000000000e+00
0.000000000000000000e+00,0.000000000000000000e+00,-2.352192164398729801e-01,6.417426967814316541e+00,7.194081450461310787e-04,0.000000000000000000e+00,1.303273602638947537e+00,-8.346279327852365593e-02,0.000000000000000000e+00
0.000000000000000000e+00,0.000000000000000000e+00,2.805079892277717590e-01,-5.663320275650884028e+00,-2.722729058698516221e-04,0.000000000000000000e+00,-1.564535716207432037e+00,6.074043828388495103e-02,0.000000000000000000e+00
0.000000000000000000e+00,0.000000000000000000e+00,5.629284381866455078e-01,4.544542031874518884e-01,6.303596681140376592e-03,0.000000000000000000e+00,4.753536490337078924e+00,-1.478265929320814465e+00,0.000000000000000000e+00
0.000000000000000000e+00,0.000000000000000000e+00,1.720751300454139709e-01,-9.631756013012635065e-02,4.929293027142556821e-03,0.000000000000000000e+00,4.800033445029157519e+00,-1.193231615969675863e+00,0.000000000000000000e+00
0.000000000000000000e+00,0.000000000000000000e+00,3.948765993118286133e-02,6.869893781949363287e+00,-6.812792951417261567e-05,0.000000000000000000e+00,5.854621929363460486e-01,-9.507062228400749854e-03,0.000000000000000000e+00
0.000000000000000000e+00,0.000000000000000000e+00,-2.577280327677726746e-01,6.858999798039614681e+00,-1.674192720929870075e-04,0.000000000000000000e+00,6.729174059253426599e-01,-1.442970449610035157e-02,0.000000000000000000e+00
0.000000000000000000e+00,0.000000000000000000e+00,-2.649756222963333130e-01,7.170871857957008544e+00,7.731081694914571090e-04,0.000000000000000000e+00,5.805940435767642516e-01,-2.784677422420248627e-01,0.000000000000000000e+00
0.000000000000000000e+00,0.000000000000000000e+00,-1.185790449380874634e-01,6.599874786771928292e+00,8.510941265222702473e-04,0.000000000000000000e+00,6.535250354556381147e-01,-4.588815963766916250e-01,0.000000000000000000e+00
0.000000000000000000e+00,0.000000000000000000e+00,1.942647714167833328e-01,4.845689772053737299e-01,6.982598610067879477e-03,0.000000000000000000e+00,4.281726061918277537e+00,-1.319835672411407979e+00,0.000000000000000000e+00
0.000000000000000000e+00,0.000000000000000000e+00,8.100092969834804535e-02,1.510786202490198848e-01,-1.027654872839416089e-02,0.000000000000000000e+00,-4.640111436899412745e+00,1.843864696995823005e+00,0.000000000000000000e+00
0.000000000000000000e+00,0.000000000000000000e+00,-3.383159637451171875e-02,-5.422607309923905383e+00,-4.083514367692590678e-03,0.000000000000000000e+00,-1.100265709565393824e+00,1.793042353184217008e+00,0.000000000000000000e+00
0.000000000000000000e+00,0.000000000000000000e+00,9.108607470989227295e-02,-5.910404479192768790e+00,-8.274783411807720701e-03,0.000000000000000000e+00,-1.616363316585428533e+00,3.550627008612043944e+00,0.000000000000000000e+00
0.000000000000000000e+00,0.000000000000000000e+00,1.733800508081912994e-01,7.570285679088936348e+00,1.917936406324920618e-03,0.000000000000000000e+00,9.459859647037753838e-01,-7.696722411428135180e-01,0.000000000000000000e+00
0.000000000000000000e+00,0.000000000000000000e+00,-1.080899089574813843e-01,-6.520733676736163886e+00,-2.680546691303267465e-03,0.000000000000000000e+00,-1.011580173241698022e+00,1.103783003840616450e+00,0.000000000000000000e+00
0.000000000000000000e+00,0.000000000000000000e+00,2.205210551619529724e-02,-3.070505371330109590e+00,-3.052491031565532798e-03,0.000000000000000000e+00,-3.333575603811384180e+00,6.135961409365631170e-01,0.000000000000000000e+00
0.000000000000000000e+00,0.000000000000000000e+00,1.733635738492012024e-01,-1.760742571298798076e+00,-5.097762427306364377e-03,0.000000000000000000e+00,-3.894164197990351628e+00,9.332298380877708244e-01,0.000000000000000000e+00
0.000000000000000000e+00,0.000000000000000000e+00,-1.986675728112459183e-01,5.429335713080170045e+00,1.925452697913474431e-03,0.000000000000000000e+00,1.531467311888835114e+00,-8.939807398574630692e-01,0.000000000000000000e+00
0.000000000000000000e+00,0.000000000000000000e+00,-7.146514952182769775e-02,-5.674022066025040445e+00,1.445796681419689493e-05,0.000000000000000000e+00,-1.570225641794349647e+00,9.906953770117508939e-02,0.000000000000000000e+00
0.000000000000000000e+00,0.000000000000000000e+00,-1.507608965039253235e-02,5.824409256259082568e+00,1.101189828808701171e-03,0.000000000000000000e+00,1.180170478978523452e+00,-4.978606953505191890e-01,0.000000000000000000e+00
0.000000000000000000e+00,0.000000000000000000e+00,-6.587567925453186035e-02,7.781274681784058345e-01,5.028788580151193760e-03,0.000000000000000000e+00,4.554227909869729807e+00,-1.057473035313791332e+00,0.000000000000000000e+00
0.000000000000000000e+00,0.000000000000000000e+00,1.591149717569351196e-02,6.662927453135918832e+00,8.631932615289610857e-04,0.000000000000000000e+00,9.923521731445306138e-01,-3.603308616916151563e-01,0.000000000000000000e+00
0.000000000000000000e+00,0.000000000000000000e+00,1.432348601520061493e-01,2.177743432944533042e-01,6.594454407454243550e-03,0.000000000000000000e+00,4.251737675112805981e+00,-1.407353715796218596e+00,0.000000000000000000e+00
0.000000000000000000e+00,0.000000000000000000e+00,1.591443121433258057e-01,6.730828041137780104e+00,4.127890481259757468e-04,0.000000000000000000e+00,8.252327605012045320e-01,-2.037795175118199964e-01,0.000000000000000000e+00
0.000000000000000000e+00,0.000000000000000000e+00,-2.484931275248527527e-01,-2.857071123941701263e+00,-1.826971475173003092e-03,0.000000000000000000e+00,-3.339723304049588837e+00,3.591488394698767461e-01,0.000000000000000000e+00
0.000000000000000000e+00,0.000000000000000000e+00,-5.567844212055206299e-01,-1.437148049132754180e+00,-1.278422986499898849e-02,0.000000000000000000e+00,-3.733303576849543948e+00,3.293790381013856905e+00,0.000000000000000000e+00
0.000000000000000000e+00,0.000000000000000000e+00,-3.702785484492778778e-01,-1.204334874101987030e+00,-2.310405653598203955e-03,0.000000000000000000e+00,-3.719324375766333457e+00,5.214667455166218657e-01,0.000000000000000000e+00
0.000000000000000000e+00,0.000000000000000000e+00,3.156021451577544212e-01,2.763935393378293082e+00,9.738489410336595778e-03,0.000000000000000000e+00,2.910811027065213441e+00,-3.168481968428860540e+00,0.000000000000000000e+00
0.000000000000000000e+00,0.000000000000000000e+00,-6.968695949763059616e-02,3.899420179557961941e+00,8.171564098664057694e-04,0.000000000000000000e+00,2.461131831425349858e+00,-1.844492009768502194e-01,0.000000000000000000e+00
0.000000000000000000e+00,0.000000000000000000e+00,-1.920308470726013184e-01,-4.865059477184556336e+00,-2.368658758727726148e-04,0.000000000000000000e+00,-1.973292703825312744e+00,8.728213027687385661e-02,0.000000000000000000e+00
0.000000000000000000e+00,0.000000000000000000e+00,-2.222982794046401978e-01,-4.140706143832189490e+00,-7.150427568269664830e-03,0.000000000000000000e+00,-2.596354036995086823e+00,2.658355335845750567e+00,0.000000000000000000e+00
0.000000000000000000e+00,0.000000000000000000e+00,-3.022415935993194580e-02,6.488989736742152736e+00,1.197090272320624864e-04,0.000000000000000000e+00,1.011937644350986876e+00,-6.804639186152816599e-02,0.000000000000000000e+00
0.000000000000000000e+00,0.000000000000000000e+00,-4.270377708598971367e-01,7.216392539197007849e+00,3.139028500121352947e-04,0.000000000000000000e+00,8.987140381434804981e-01,-2.224783052297545083e-02,0.000000000000000000e+00
0.000000000000000000e+00,0.000000000000000000e+00,2.686241418123245239e-01,6.705924025192667060e+00,-1.575942533468132234e-04,0.000000000000000000e+00,6.128665043682107738e-01,2.398448070931901571e-02,0.000000000000000000e+00
0.000000000000000000e+00,0.000000000000000000e+00,1.263335570693016052e-01,6.751137762322954927e+00,2.450455588754738901e-04,0.000000000000000000e+00,5.537359789402851451e-01,-2.595809916203997009e-02,0.000000000000000000e+00
0.000000000000000000e+00,0.000000000000000000e+00,3.528008311986923218e-01,1.396800766382417791e-01,-5.180078508273608384e-03,0.000000000000000000e+00,-4.839100511513382941e+00,1.136306678120672320e+00,0.000000000000000000e+00
0.000000000000000000e+00,0.000000000000000000e+00,4.655749350786209106e-01,-5.037515374497510967e-01,-3.362363757812452270e-03,0.000000000000000000e+00,-4.575846293702584333e+00,7.782295106741449198e-01,0.000000000000000000e+00
0.000000000000000000e+00,0.000000000000000000e+00,6.240765303373336792e-01,-1.929550408342289636e+00,-3.043068542240224845e-03,0.000000000000000000e+00,-4.458225195383448636e+00,7.036641716999672003e-01,0.000000000000000000e+00
0.000000000000000000e+00,0.000000000000000000e+00,5.068911612033843994e-02,-3.468019367702013245e+00,-2.150391470881080850e-03,0.000000000000000000e+00,-3.634528511811260465e+00,4.275650453097839532e-01,0.000000000000000000e+00
0.000000000000000000e+00,0.000000000000000000e+00,1.439337879419326782e-01,6.755414629651189884e+00,5.812733753571872974e-05,0.000000000000000000e+00,5.642930337319490564e-01,-6.970170458963065308e-02,0.000000000000000000e+00
0.000000000000000000e+00,0.000000000000000000e+00,-1.325164139270782471e-01,-3.605135069431296468e+00,-1.674203559505894195e-02,0.000000000000000000e+00,-2.280219259904932461e+00,5.504199552010619279e+00,0.000000000000000000e+00
0.000000000000000000e+00,0.000000000000000000e+00,-4.529345035552978516e-02,4.247154186482870131e+00,1.072164450214583252e-02,0.000000000000000000e+00,1.701884302170260765e+00,-4.408371376089809779e+00,0.000000000000000000e+00
0.000000000000000000e+00,0.000000000000000000e+00,2.033874392509460449e-03,6.807356944174117963e+00,4.492437879880641170e-04,0.000000000000000000e+00,6.733258571049456354e-01,-3.112516743593030794e-02,0.000000000000000000e+00
0.000000000000000000e+00,0.000000000000000000e+00,4.095847345888614655e-02,6.950178018385153145e+00,1.040527715406819282e-04,0.000000000000000000e+00,5.811867542280750865e-01,-7.067381421842479361e-02,0.000000000000000000e+00
0.000000000000000000e+00,0.000000000000000000e+00,-4.927210509777069092e-03,6.561553841813040577e+00,4.454551854661162433e-04,0.000000000000000000e+00,1.041995514100628073e+00,-1.100285094622825838e-01,0.000000000000000000e+00
0.000000000000000000e+00,0.000000000000000000e+00,-1.781022787617985159e-01,-5.742500901426152105e+00,-2.914816549137843466e-04,0.000000000000000000e+00,-6.963224647414276713e-01,9.121940276629346422e-02,0.000000000000000000e+00
0.000000000000000000e+00,0.000000000000000000e+00,-1.082083955407142639e-02,1.428218153765229870e+00,2.206117408874948629e-02,0.000000000000000000e+00,3.645801527131573128e+00,-3.421687904494050247e+00,0.000000000000000000e+00
0.000000000000000000e+00,0.000000000000000000e+00,4.895413517951965332e-01,2.414483879030602687e+00,1.954329473321030075e-02,0.000000000000000000e+00,2.730075205556218521e+00,-4.540424081563024572e+00,0.000000000000000000e+00
0.000000000000000000e+00,0.000000000000000000e+00,1.381589472293853760e-02,2.474921714034879899e-02,1.500090722976081016e-02,0.000000000000000000e+00,4.328184585436082088e+00,-1.898703159838091237e+00,0.000000000000000000e+00
0.000000000000000000e+00,0.000000000000000000e+00,1.170325875282287598e-01,4.083350797826195144e-01,1.891404072833423322e-02,0.000000000000000000e+00,4.155927331297677441e+00,-2.447195882271159917e+00,0.000000000000000000e+00
0.000000000000000000e+00,0.000000000000000000e+00,8.016407489776611328e-02,-5.965917538696889011e+00,-4.719673180601497266e-04,0.000000000000000000e+00,-1.201861985130252553e+00,7.820814815889876037e-02,0.000000000000000000e+00
0.000000000000000000e+00,0.000000000000000000e+00,-4.470944404602050781e-03,-5.135486786293083306e+00,-5.193147641516230499e-04,0.000000000000000000e+00,-1.370627289850981700e+00,8.264048060288799180e-02,0.000000000000000000e+00
0.000000000000000000e+00,0.000000000000000000e+00,9.539972990751266479e-02,-2.754496226117035818e+00,-1.001815008511790315e-03,0.000000000000000000e+00,-2.909462994719014262e+00,2.852285406140908641e-01,0.000000000000000000e+00
0.000000000000000000e+00,0.000000000000000000e+00,-5.065008997917175293e-02,-1.280349489039455335e+00,-1.933387081879191314e-03,0.000000000000000000e+00,-4.039848724615337616e+00,6.968587657410507674e-01,0.000000000000000000e+00
0.000000000000000000e+00,0.000000000000000000e+00,-6.478548049926757812e-03,-5.349190996721558733e+00,-5.315698551529557912e-04,0.000000000000000000e+00,-2.103011946090605822e+00,1.778666920304240728e-01,0.000000000000000000e+00
0.000000000000000000e+00,0.000000000000000000e+00,2.905208617448806763e-03,-4.225623750839350379e+00,-7.731983586446880639e-04,0.000000000000000000e+00,-2.616140940702409878e+00,2.440836095039911058e-01,0.000000000000000000e+00
0.000000000000000000e+00,0.000000000000000000e+00,-6.870806962251663208e-02,-6.655241821774771083e+00,8.464702245286851121e-06,0.000000000000000000e+00,-5.715784344403563866e-01,3.716990112166091570e-02,0.000000000000000000e+00
0.000000000000000000e+00,0.000000000000000000e+00,-1.429190412163734436e-01,-6.712436507424040855e+00,6.644170363399373171e-05,0.000000000000000000e+00,-6.464756511657540061e-01,-3.665303393502570336e-03,0.000000000000000000e+00
0.000000000000000000e+00,0.000000000000000000e+00,2.468990087509155273e-01,5.228199133882278637e-01,2.766407245686580262e-03,0.000000000000000000e+00,4.960249076503451704e+00,-6.463421462023647424e-01,0.000000000000000000e+00
0.000000000000000000e+00,0.000000000000000000e+00,5.820536464452743530e-01,-6.163610541434270118e-01,1.393699335932931842e-03,0.000000000000000000e+00,4.881634784509797598e+00,-6.193250608551640335e-01,0.000000000000000000e+00
0.000000000000000000e+00,0.000000000000000000e+00,1.876663416624069214e-02,-4.866758589451911199e+00,-6.902324645150402982e-04,0.000000000000000000e+00,-1.846443805547522965e+00,9.602879955593843220e-02,0.000000000000000000e+00
0.000000000000000000e+00,0.000000000000000000e+00,1.395626366138458252e-01,-4.251252995051177486e+00,-9.972437586408438095e-04,0.000000000000000000e+00,-2.635830618626910038e+00,2.511599397996631677e-01,0.000000000000000000e+00
0.000000000000000000e+00,0.000000000000000000e+00,-3.140899688005447388e-01,-1.351842811854583326e+00,-5.252289330211741894e-04,0.000000000000000000e+00,-3.915184198751280320e+00,9.494301303929804370e-02,0.000000000000000000e+00
0.000000000000000000e+00,0.000000000000000000e+00,-1.915555819869041443e-01,-2.714430278634676341e+00,-6.742681278364545325e-04,0.000000000000000000e+00,-3.048178792469322662e+00,9.975670172785701395e-02,0.000000000000000000e+00
0.000000000000000000e+00,0.000000000000000000e+00,1.901542529463768005e+00,-8.432142949462386738e-01,-4.532486313831721528e-03,0.000000000000000000e+00,-5.107228598376471140e+00,8.809353668800701254e-01,0.000000000000000000e+00
0.000000000000000000e+00,0.000000000000000000e+00,2.248506098985671997e-01,-6.519346615807141143e-01,-2.094938679418243636e-03,0.000000000000000000e+00,-4.635433896460770420e+00,3.408890204302646998e-01,0.000000000000000000e+00
0.000000000000000000e+00,0.000000000000000000e+00,1.080548269674181938e-01,-5.800242543161425957e+00,-1.970518733955197062e-04,0.000000000000000000e+00,-1.623207345597776241e+00,5.587188387609125229e-02,0.000000000000000000e+00
0.000000000000000000e+00,0.000000000000000000e+00,4.968485981225967407e-02,-6.311432614151909704e+00,-5.735029776051934515e-04,0.000000000000000000e+00,-1.256849835639589186e+00,4.782334514441273499e-02,0.000000000000000000e+00
0.000000000000000000e+00,0.000000000000000000e+00,1.533506661653518677e-01,-4.347666743272992740e+00,-4.591452909802371343e-04,0.000000000000000000e+00,-2.572822428403283013e+00,1.161122433805718973e-01,0.000000000000000000e+00
0.000000000000000000e+00,0.000000000000000000e+00,2.264069616794586182e-01,-4.582181674157484785e+00,-2.543906551690133973e-04,0.000000000000000000e+00,-1.836754411813624754e+00,6.447255191075366987e-02,0.000000000000000000e+00
0.000000000000000000e+00,0.000000000000000000e+00,4.008101820945739746e-01,6.153395819832417679e+00,1.449995062757029863e-04,0.000000000000000000e+00,9.648714165115170882e-01,6.377966750440784705e-02,0.000000000000000000e+00
0.000000000000000000e+00,0.000000000000000000e+00,-2.968009700998663902e-01,-6.477398831367557896e+00,6.813686199038950745e-05,0.000000000000000000e+00,-7.923006787538399154e-01,-3.826321462415276792e-02,0.000000000000000000e+00
0.000000000000000000e+00,0.000000000000000000e+00,2.936950773000717163e-01,3.996151861097781977e-01,1.208397096556304735e-02,0.000000000000000000e+00,4.398720245459363021e+00,-2.593669251650516205e+00,0.000000000000000000e+00
0.000000000000000000e+00,0.000000000000000000e+00,6.219711899757385254e-02,2.587594249021087089e-02,1.070866844110095022e-02,0.000000000000000000e+00,4.604932606173361975e+00,-1.887821851625705039e+00,0.000000000000000000e+00
0.000000000000000000e+00,0.000000000000000000e+00,2.693844139575958252e-01,7.105137496724236001e+00,4.430183338780354545e-05,0.000000000000000000e+00,5.903355546783658481e-01,4.230541119983818876e-03,0.000000000000000000e+00
0.000000000000000000e+00,0.000000000000000000e+00,-2.613768801093101501e-01,7.074168242893023262e+00,4.292686349982459447e-04,0.000000000000000000e+00,7.105328769375821585e-01,-3.177586674190557153e-02,0.000000000000000000e+00
0.000000000000000000e+00,0.000000000000000000e+00,1.637611966580152512e-01,-6.732527847947372024e+00,-2.484412969654402098e-04,0.000000000000000000e+00,-8.295205381482417817e-01,5.199241090058731585e-02,0.000000000000000000e+00
0.000000000000000000e+00,0.000000000000000000e+00,-4.819267988204956055e-02,-6.019203554525858202e+00,-2.035164517610637191e-04,0.000000000000000000e+00,-9.116923277361009825e-01,6.360956071976399395e-02,0.000000000000000000e+00
0.000000000000000000e+00,0.000000000000000000e+00,2.541510015726089478e-02,-5.676986386712600030e+00,-5.060793283361479742e-04,0.000000000000000000e+00,-1.166071483953897925e+00,8.478745585963268216e-02,0.000000000000000000e+00
0.000000000000000000e+00,0.000000000000000000e+00,3.733374401926994324e-01,5.487787625922069701e+00,6.565099629534563389e-04,0.000000000000000000e+00,1.497218510484062959e+00,-1.594739861091385713e-01,0.000000000000000000e+00
0.000000000000000000e+00,0.000000000000000000e+00,-4.696098240092396736e-01,-5.019008798513931779e+00,-8.777985756817995944e-04,0.000000000000000000e+00,-1.991751545685846780e+00,2.281347149626817561e-01,0.000000000000000000e+00
0.000000000000000000e+00,0.000000000000000000e+00,1.370189487934112549e-01,-3.982488073988810662e+00,-1.936719296366182837e-03,0.000000000000000000e+00,-2.436089914037953275e+00,3.767633109908808953e-01,0.000000000000000000e+00
0.000000000000000000e+00,0.000000000000000000e+00,9.981519915163516998e-02,-4.784468023568600792e+00,-1.924419539066585553e-03,0.000000000000000000e+00,-1.899055731816870818e+00,3.295170449604276075e-01,0.000000000000000000e+00
0.000000000000000000e+00,0.000000000000000000e+00,2.839471325278282166e-01,4.330268195874676707e+00,2.796528062111891099e-03,0.000000000000000000e+00,2.492103567129848152e+00,-5.116682398070695470e-01,0.000000000000000000e+00
0.000000000000000000e+00,0.000000000000000000e+00,1.748077711090445518e-01,-3.027024543817689040e+00,-5.067811807783728986e-03,0.000000000000000000e+00,-3.467283571928671204e+00,9.141408255030507579e-01,0.000000000000000000e+00
0.000000000000000000e+00,0.000000000000000000e+00,1.127232685685157776e-01,-1.662259101629947944e+00,-7.404539758944025593e-03,0.000000000000000000e+00,-3.951361083571645061e+00,1.160016468300659298e+00,0.000000000000000000e+00
0.000000000000000000e+00,0.000000000000000000e+00,8.506193757057189941e-03,-4.709774254931377024e-01,-9.849255994740018991e-03,0.000000000000000000e+00,-3.751209513467386625e+00,1.329039821243102937e+00,0.000000000000000000e+00
0.000000000000000000e+00,0.000000000000000000e+00,1.127580665051937103e-01,-1.103387168575859917e-01,-1.364474893561272613e-02,0.000000000000000000e+00,-4.231034254408566397e+00,1.792028004462040025e+00,0.000000000000000000e+00
0.000000000000000000e+00,0.000000000000000000e+00,2.288366854190826416e-02,6.270100607495186829e+00,5.547931369653266200e-03,0.000000000000000000e+00,5.180900819447396000e-01,-3.625774187803994852e+00,0.000000000000000000e+00
0.000000000000000000e+00,0.000000000000000000e+00,-3.826592862606048584e-02,-6.098205984423931802e+00,-8.869979458269431141e-03,0.000000000000000000e+00,-6.521230374028831323e-01,5.795328055206832474e+00,0.000000000000000000e+00
0.000000000000000000e+00,0.000000000000000000e+00,-1.603938043117523193e-01,-5.043551182057535165e+00,-4.384647865271236802e-03,0.000000000000000000e+00,-1.977648071803315810e+00,1.594579513363716838e+00,0.000000000000000000e+00
0.000000000000000000e+00,0.000000000000000000e+00,1.404061540961265564e-01,5.890928510301301380e+00,9.178211888877863597e-04,0.000000000000000000e+00,1.187501622470484630e+00,-1.722584637718118927e-01,0.000000000000000000e+00
0.000000000000000000e+00,0.000000000000000000e+00,1.144425058737397194e-01,-5.435610463597474684e+00,-8.638179224783306071e-04,0.000000000000000000e+00,-1.478295638721303984e+00,1.964403389741777028e-01,0.000000000000000000e+00
0.000000000000000000e+00,0.000000000000000000e+00,-1.306726969778537750e-02,-5.624008390752750053e+00,-1.376669338258941977e-03,0.000000000000000000e+00,-1.540301898193063401e+00,4.283237770741120665e-01,0.000000000000000000e+00
0.000000000000000000e+00,0.000000000000000000e+00,8.509211242198944092e-02,-6.291190159021909700e+00,-8.492910433271509598e-04,0.000000000000000000e+00,-1.275017882410334646e+00,2.384347673416628288e-01,0.000000000000000000e+00
0.000000000000000000e+00,0.000000000000000000e+00,3.093111664056777954e-01,-3.645798224703899471e-01,7.118882590531729407e-03,0.000000000000000000e+00,4.748671858021247694e+00,-1.488814318059905162e+00,0.000000000000000000e+00
0.000000000000000000e+00,0.000000000000000000e+00,-3.269951045513153076e-02,6.229658143619241084e-01,8.192070118338652326e-03,0.000000000000000000e+00,4.257581991818041089e+00,-1.974173557038909177e+00,0.000000000000000000e+00
0.000000000000000000e+00,0.000000000000000000e+00,-3.339470345526933670e-01,6.699081965846959363e+00,-1.332895248257695716e-04,0.000000000000000000e+00,6.310142495042969646e-01,-3.298877692609920170e-02,0.000000000000000000e+00
0.000000000000000000e+00,0.000000000000000000e+00,-5.857273936271667480e-02,7.382284040550846527e+00,-1.805059438563727460e-04,0.000000000000000000e+00,6.167415846486775655e-01,-6.066956777600277656e-02,0.000000000000000000e+00
0.000000000000000000e+00,0.000000000000000000e+00,2.801581360399723053e-01,-3.642764913621872935e+00,-3.411909117955406155e-03,0.000000000000000000e+00,-2.208209057843731227e+00,1.090205517129808621e+00,0.000000000000000000e+00
0.000000000000000000e+00,0.000000000000000000e+00,-1.436197906732559204e-01,-5.030107334124736873e+00,-2.272166006256379905e-03,0.000000000000000000e+00,-1.962430542029331315e+00,7.628956276775494816e-01,0.000000000000000000e+00
0.000000000000000000e+00,0.000000000000000000e+00,-2.709981203079223633e-01,1.559771569528277668e+00,7.059098223164392977e-03,0.000000000000000000e+00,3.727116633855929173e+00,-2.107291163091839614e+00,0.000000000000000000e+00
0.000000000000000000e+00,0.000000000000000000e+00,-1.648126840591430664e-01,2.698295315052577692e+00,4.971178691652888317e-03,0.000000000000000000e+00,2.990122967416203092e+00,-1.723442336154101140e+00,0.000000000000000000e+00
0.000000000000000000e+00,0.000000000000000000e+00,-7.069349288940429688e-03,-3.185730322601843412e+00,-2.553702650157221171e-02,0.000000000000000000e+00,-1.895702206849118054e+00,-8.305821949878589017e-01,0.000000000000000000e+00
0.000000000000000000e+00,0.000000000000000000e+00,-7.413718849420547485e-03,-4.056681603987089879e+00,-2.657752626398226722e-02,0.000000000000000000e+00,-1.557303236261720514e+00,-1.432682001949162065e-01,0.000000000000000000e+00
0.000000000000000000e+00,0.000000000000000000e+00,-8.028761669993400574e-02,-4.093021241043445002e+00,-2.290663107459751241e-02,0.000000000000000000e+00,-1.094100918505353404e+00,2.271849114670100089e+00,0.000000000000000000e+00
0.000000000000000000e+00,0.000000000000000000e+00,-2.012186665087938309e-01,-4.441365915218108640e+00,-2.012368708515897484e-02,0.000000000000000000e+00,-8.834181484467923395e-01,6.120421830990295575e+00,0.000000000000000000e+00
0.000000000000000000e+00,0.000000000000000000e+00,1.107865199446678162e-01,-6.088108753413386948e-02,2.177522073974294536e-02,0.000000000000000000e+00,4.322655933784284699e+00,-1.004636140946929768e+00,0.000000000000000000e+00
0.000000000000000000e+00,0.000000000000000000e+00,-6.900595128536224365e-02,4.408888464120635509e-01,2.329587376025810466e-02,0.000000000000000000e+00,3.705039024003221382e+00,-6.668876463872944749e-01,0.000000000000000000e+00
0.000000000000000000e+00,0.000000000000000000e+00,8.632471784949302673e-02,1.338454443186642084e+00,2.284992465233789266e-02,0.000000000000000000e+00,2.916031814366073505e+00,5.396920198270403757e-02,0.000000000000000000e+00
0.000000000000000000e+00,0.000000000000000000e+00,8.703518658876419067e-02,-2.344581942338267222e+00,-2.515273862560622742e-02,0.000000000000000000e+00,-2.437203565695359231e+00,-6.388206949945972601e-01,0.000000000000000000e+00
0.000000000000000000e+00,0.000000000000000000e+00,-2.545268684625625610e-01,-5.830835225924880127e+00,-1.950908170669544278e-02,0.000000000000000000e+00,-9.006820834556166222e-01,1.011744346053338361e+01,0.000000000000000000e+00
0.000000000000000000e+00,0.000000000000000000e+00,-4.520189613103866577e-01,-5.869536623817784182e+00,-1.264068686549722417e-02,0.000000000000000000e+00,-7.142150437249061845e-01,8.280946274908345117e+00,0.000000000000000000e+00
0.000000000000000000e+00,0.000000000000000000e+00,-3.047764673829078674e-01,-5.805218628870572495e+00,-1.445009693835207091e-04,0.000000000000000000e+00,-1.172881563071130007e+00,5.444554993337118176e-02,0.000000000000000000e+00
0.000000000000000000e+00,0.000000000000000000e+00,1.941532939672470093e-01,6.969825672590136634e+00,7.813118099672803404e-04,0.000000000000000000e+00,5.447935322463822727e-01,-1.307346338191034130e-01,0.000000000000000000e+00
0.000000000000000000e+00,0.000000000000000000e+00,1.272815465927124023e-01,6.867770986901067687e+00,5.076084857425537059e-04,0.000000000000000000e+00,6.405735250715761664e-01,-1.238292270423727998e-01,0.000000000000000000e+00
0.000000000000000000e+00,0.000000000000000000e+00,-4.984204098582267761e-02,2.627193771737429628e+00,7.880944395878115849e-03,0.000000000000000000e+00,2.903860222269490698e+00,-9.592049432488807259e-01,0.000000000000000000e+00
0.000000000000000000e+00,0.000000000000000000e+00,-4.377051386982202530e-01,-1.804958777548368865e+00,-1.313146804021257663e-02,0.000000000000000000e+00,-3.962541984606007262e+00,1.330239032500222685e+00,0.000000000000000000e+00
0.000000000000000000e+00,0.000000000000000000e+00,-1.859670281410217285e-01,-4.915941879398224579e+00,-3.525288097147476814e-03,0.000000000000000000e+00,-1.958276222956451651e+00,5.240741803803158350e-01,0.000000000000000000e+00
0.000000000000000000e+00,0.000000000000000000e+00,8.236813172698020935e-02,-3.749489557117668515e+00,-5.699466894518348536e-03,0.000000000000000000e+00,-2.366456268740410263e+00,7.356031354937219158e-01,0.000000000000000000e+00
0.000000000000000000e+00,0.000000000000000000e+00,1.882509980350732803e-01,-6.232662130118647781e+00,-1.620381193954717903e-03,0.000000000000000000e+00,-1.236667734348788183e+00,3.058111073618363651e-01,0.000000000000000000e+00
0.000000000000000000e+00,0.000000000000000000e+00,5.051474086940288544e-02,5.349029034999363219e+00,2.563798678743286780e-03,0.000000000000000000e+00,1.459441886368786356e+00,-4.025155128403157812e-01,0.000000000000000000e+00
0.000000000000000000e+00,0.000000000000000000e+00,8.290979266166687012e-02,6.577791532758202386e+00,4.387885733171248545e-04,0.000000000000000000e+00,7.951451167117640217e-01,-1.701534792405939023e-01,0.000000000000000000e+00
0.000000000000000000e+00,0.000000000000000000e+00,1.022806987166404724e-01,6.123361189139366445e+00,1.075943687020201791e-03,0.000000000000000000e+00,9.446361085195037477e-01,-1.715887661246171259e-01,0.000000000000000000e+00
0.000000000000000000e+00,0.000000000000000000e+00,2.731480635702610016e-03,-6.153658321950771004e+00,-2.801854920343750102e-04,0.000000000000000000e+00,-9.424419499753480256e-01,5.628747996931238867e-02,0.000000000000000000e+00
0.000000000000000000e+00,0.000000000000000000e+00,-2.271651774644851685e-01,7.018105288584894907e+00,4.767765496757667533e-04,0.000000000000000000e+00,6.774034574903213812e-01,-1.117612647277099330e-01,0.000000000000000000e+00
0.000000000000000000e+00,0.000000000000000000e+00,-1.870416393503546715e-01,6.832219953888932551e+00,-3.300554401612208771e-05,0.000000000000000000e+00,5.732467529753692004e-01,-3.445856066551181845e-02,0.000000000000000000e+00
0.000000000000000000e+00,0.000000000000000000e+00,2.996807531453669071e-01,-7.051950797731507237e+00,-4.403319859945578336e-04,0.000000000000000000e+00,-6.993741799513947255e-01,6.392623203090957995e-02,0.000000000000000000e+00
0.000000000000000000e+00,0.000000000000000000e+00,-4.067946374416351318e-01,6.524355142526748530e+00,5.582221340029915740e-04,0.000000000000000000e+00,8.107129871185841941e-01,-1.608824535841511805e-01,0.000000000000000000e+00
0.000000000000000000e+00,0.000000000000000000e+00,5.500093847513198853e-02,6.421916788341333948e+00,5.667281233258954611e-04,0.000000000000000000e+00,9.733153326305419295e-01,-1.139765490638389167e-01,0.000000000000000000e+00
0.000000000000000000e+00,0.000000000000000000e+00,-3.122565150260925293e-02,-1.625164427467300568e-02,-1.949868145789481963e-02,0.000000000000000000e+00,-4.091957745681103376e+00,1.078047323852909134e+00,0.000000000000000000e+00
0.000000000000000000e+00,0.000000000000000000e+00,-1.270940424874424934e-01,4.051481976614527136e-01,1.576196221211457679e-02,0.000000000000000000e+00,4.048396685516662430e+00,-1.265796542638814470e+00,0.000000000000000000e+00
0.000000000000000000e+00,0.000000000000000000e+00,1.265224870294332504e-01,6.665306999300583790e+00,6.025142580072036941e-05,0.000000000000000000e+00,6.525756259596281472e-01,3.401396852498232010e-02,0.000000000000000000e+00
0.000000000000000000e+00,0.000000000000000000e+00,-4.055579006671905518e-01,7.235826351597698824e+00,4.621450361170969037e-04,0.000000000000000000e+00,6.397629493326394412e-01,-1.417673283589499234e-01,0.000000000000000000e+00
0.000000000000000000e+00,0.000000000000000000e+00,-4.140848666429519653e-02,5.731770236949260244e+00,4.307920759332472030e-04,0.000000000000000000e+00,8.867745251900542858e-01,-5.609230944843733579e-02,0.000000000000000000e+00
0.000000000000000000e+00,0.000000000000000000e+00,1.242200434207916260e-01,7.029809656686474284e+00,5.640685461036716499e-04,0.000000000000000000e+00,8.515782881874172094e-01,-5.690884505174632901e-02,0.000000000000000000e+00
0.000000000000000000e+00,0.000000000000000000e+00,-1.266104727983474731e-02,5.317364706608872282e+00,6.787548136247069418e-04,0.000000000000000000e+00,1.499406177647409244e+00,-2.054056450370947695e-01,0.000000000000000000e+00
0.000000000000000000e+00,0.000000000000000000e+00,3.755102306604385376e-02,-5.878984109363879718e+00,-5.791743936047859254e-04,0.000000000000000000e+00,-1.207673048108421243e+00,1.249981311218717056e-01,0.000000000000000000e+00
0.000000000000000000e+00,0.000000000000000000e+00,-2.622053817030973732e-01,-4.123268124309789506e+00,-1.463775649743942085e-03,0.000000000000000000e+00,-2.530938476911535062e+00,6.034934350530907210e-01,0.000000000000000000e+00
0.000000000000000000e+00,0.000000000000000000e+00,-1.839869916439056396e-01,-4.834826185782348240e+00,-6.565747792258443778e-04,0.000000000000000000e+00,-1.929797082938639718e+00,3.292083175961700303e-01,0.000000000000000000e+00
2.738866557832111970e-01,-2.351097762584686279e-02,-0.000000000000000000e+00,0.000000000000000000e+00,1.345104962645450293e-03,7.524478099875629988e-01,0.000000000000000000e+00,-0.000000000000000000e+00,9.904735818441278150e-01
5.983667441737735571e-01,4.416075348854064941e-02,-0.000000000000000000e+00,0.000000000000000000e+00,1.143241028124598272e-03,6.564884274643686402e-01,0.000000000000000000e+00,-0.000000000000000000e+00,9.863489739150591573e-01
-2.996076362210625503e-03,9.163133054971694946e-02,-0.000000000000000000e+00,0.000000000000000000e+00,-1.187523427076498739e-03,-8.072106420200940713e-01,0.000000000000000000e+00,-0.000000000000000000e+00,-6.418678802454200749e-01
-8.898253692986179963e-02,5.359277129173278809e-03,-0.000000000000000000e+00,0.000000000000000000e+00,-1.502678026659702787e-03,-8.419371167317669657e-01,0.000000000000000000e+00,-0.000000000000000000e+00,-9.256898601221305034e-01
-1.669577755375267092e+00,5.253707617521286011e-02,-0.000000000000000000e+00,0.000000000000000000e+00,7.262880071707497586e-06,-1.619775273811593086e-01,0.000000000000000000e+00,-0.000000000000000000e+00,-6.948429543133235325e-03
-1.556219873020908917e+00,6.388567946851253510e-02,-0.000000000000000000e+00,0.000000000000000000e+00,3.917821412511760361e-05,-1.297448195245189395e-01,0.000000000000000000e+00,-0.000000000000000000e+00,-1.699236684075943957e-02
1.381347783862931111e+00,2.432691305875778198e-02,-0.000000000000000000e+00,0.000000000000000000e+00,2.053137166380975150e-05,2.069380078373734555e-01,0.000000000000000000e+00,-0.000000000000000000e+00,2.261310657809907990e-02
-1.642503016291872120e+00,1.421613991260528564e-02,-0.000000000000000000e+00,0.000000000000000000e+00,7.308382035047103010e-06,-2.046826553407046223e-01,0.000000000000000000e+00,-0.000000000000000000e+00,-3.511728625343175231e-02
1.297329178559068819e+00,8.153937757015228271e-03,-0.000000000000000000e+00,0.000000000000000000e+00,5.536080771885726207e-04,3.650727038547568748e-01,0.000000000000000000e+00,-0.000000000000000000e+00,5.878419438025628274e-01
9.368219233984527161e-01,-4.154197126626968384e-02,-0.000000000000000000e+00,0.000000000000000000e+00,7.348713111818212015e-04,5.897721824502283328e-01,0.000000000000000000e+00,-0.000000000000000000e+00,7.239224242841310053e-01
1.120697379882783506e+00,8.638828247785568237e-02,-0.000000000000000000e+00,0.000000000000000000e+00,5.921591664580757100e-04,4.277613569027955975e-01,0.000000000000000000e+00,-0.000000000000000000e+00,4.318780759005860226e-01
1.506060402931135744e+00,-6.616638042032718658e-03,-0.000000000000000000e+00,0.000000000000000000e+00,2.395097543431245319e-04,3.058942008788873013e-01,0.000000000000000000e+00,-0.000000000000000000e+00,3.202314504270222795e-01
-1.441526818551198019e+00,3.414645791053771973e-02,-0.000000000000000000e+00,0.000000000000000000e+00,-1.104739828060079064e-04,-1.781928132345526883e-01,0.000000000000000000e+00,-0.000000000000000000e+00,-8.022386978536606705e-02
1.434370472776339112e+00,1.930320635437965393e-02,-0.000000000000000000e+00,0.000000000000000000e+00,3.381197256514098981e-04,2.228545346397764193e-01,0.000000000000000000e+00,-0.000000000000000000e+00,1.473856420546327817e-01
1.064922154507707441e+00,7.848670706152915955e-02,-0.000000000000000000e+00,0.000000000000000000e+00,5.427612829207047705e-04,4.259118893735966416e-01,0.000000000000000000e+00,-0.000000000000000000e+00,3.158984074495287953e-01
-9.013911747769097760e-01,1.720562577247619629e-02,-0.000000000000000000e+00,0.000000000000000000e+00,-9.451068209096994029e-04,-5.737070567039012081e-01,0.000000000000000000e+00,-0.000000000000000000e+00,-5.073816425689429144e-01
1.242877951051875041e+00,1.859897002577781677e-02,-0.000000000000000000e+00,0.000000000000000000e+00,2.202390030310147329e-04,2.585658820406201985e-01,0.000000000000000000e+00,-0.000000000000000000e+00,1.467204452766771305e-01
-1.281090569465085371e+00,-4.376011341810226440e-02,-0.000000000000000000e+00,0.000000000000000000e+00,-4.099153421740690350e-04,-3.530542728510809858e-01,0.000000000000000000e+00,-0.000000000000000000e+00,-2.698282602554165632e-01
-1.272694217161378094e-01,-1.148894131183624268e-01,-0.000000000000000000e+00,0.000000000000000000e+00,-2.494770589090381831e-03,-8.172435746806615553e-01,0.000000000000000000e+00,-0.000000000000000000e+00,-9.083586625038935214e-01
-3.665161676612884584e-02,-3.294098377227783203e-02,-0.000000000000000000e+00,0.000000000000000000e+00,-2.967936527682291971e-03,-7.520606277802195372e-01,0.000000000000000000e+00,-0.000000000000000000e+00,-8.470820143572209693e-01
5.739583045178316967e-01,-1.147536188364028931e-02,-0.000000000000000000e+00,0.000000000000000000e+00,1.151503144264052212e-03,6.352524314278590323e-01,0.000000000000000000e+00,-0.000000000000000000e+00,6.588681446442929968e-01
2.779519084717251287e-01,-5.581508576869964600e-02,-0.000000000000000000e+00,0.000000000000000000e+00,1.746413424607516293e-03,7.653051208674668260e-01,0.000000000000000000e+00,-0.000000000000000000e+00,8.329410064542299708e-01
1.191942901634842178e+00,1.420915126800537109e-03,-0.000000000000000000e+00,0.000000000000000000e+00,6.946081530896915730e-05,3.272504818368724977e-01,0.000000000000000000e+00,-0.000000000000000000e+00,4.544916660026512151e-02
1.424438073475267297e+00,5.217815190553665161e-02,-0.000000000000000000e+00,0.000000000000000000e+00,4.377349458988023326e-06,2.882416749109254495e-01,0.000000000000000000e+00,-0.000000000000000000e+00,3.488959717201862987e-02
-1.452089305478955206e+00,8.212215825915336609e-02,-0.000000000000000000e+00,0.000000000000000000e+00,6.409305127168382285e-05,-2.243187406900983560e-01,0.000000000000000000e+00,-0.000000000000000000e+00,6.361998275974473311e-04
-1.739525448732429203e+00,-6.353515386581420898e-02,-0.000000000000000000e+00,0.000000000000000000e+00,-2.854152564303197314e-05,-2.107412716621912263e-01,0.000000000000000000e+00,-0.000000000000000000e+00,-2.597075630754297482e-02
-1.619180076784401345e+00,4.482216387987136841e-02,-0.000000000000000000e+00,0.000000000000000000e+00,3.025854969840860841e-05,-1.585872304310361192e-01,0.000000000000000000e+00,-0.000000000000000000e+00,-8.844323392418634334e-04
-1.757449904495007376e+00,6.073109805583953857e-03,-0.000000000000000000e+00,0.000000000000000000e+00,4.563366937834947005e-05,-1.454072352047583172e-01,0.000000000000000000e+00,-0.000000000000000000e+00,2.038516215256901479e-02
1.907526661760843489e-03,1.223095506429672241e-02,-0.000000000000000000e+00,0.000000000000000000e+00,-7.144486386526560564e-04,-8.742128444265967468e-01,0.000000000000000000e+00,-0.000000000000000000e+00,-4.458037979268230644e-01
-8.756689832373486249e-02,4.956531524658203125e-02,-0.000000000000000000e+00,0.000000000000000000e+00,-8.697954752381019394e-04,-8.625801461136661796e-01,0.000000000000000000e+00,-0.000000000000000000e+00,-5.244449977906395777e-01
2.249999600198206440e-01,1.208463311195373535e-02,-0.000000000000000000e+00,0.000000000000000000e+00,4.502520596844351267e-04,6.765840789956726331e-01,0.000000000000000000e+00,-0.000000000000000000e+00,3.867873870871936792e-01
5.601871551305475094e-01,1.034413650631904602e-02,-0.000000000000000000e+00,0.000000000000000000e+00,3.996377846751909216e-04,6.629450324608564538e-01,0.000000000000000000e+00,-0.000000000000000000e+00,3.574313359749074492e-01
-1.271002149640673373e+00,6.452828645706176758e-03,-0.000000000000000000e+00,0.000000000000000000e+00,-1.077221586053056296e-04,-2.552299670796250863e-01,0.000000000000000000e+00,-0.000000000000000000e+00,-1.388012299980441733e-01
1.356593342337210073e+00,5.585536360740661621e-03,-0.000000000000000000e+00,0.000000000000000000e+00,2.576753620964848646e-04,3.669951669972685293e-01,0.000000000000000000e+00,-0.000000000000000000e+00,2.564666314134836367e-01
1.495630413082358556e+00,-3.112109750509262085e-02,-0.000000000000000000e+00,0.000000000000000000e+00,1.581380206111857007e-05,1.833673082982368585e-01,0.000000000000000000e+00,-0.000000000000000000e+00,3.321831016523118379e-02
1.473640205410675863e+00,-3.496985137462615967e-02,-0.000000000000000000e+00,0.000000000000000000e+00,6.481729868919929591e-05,2.299687147408430166e-01,0.000000000000000000e+00,-0.000000000000000000e+00,7.286905011988496772e-02
-1.696932351460959110e+00,-2.560302615165710449e-02,-0.000000000000000000e+00,0.000000000000000000e+00,-1.043953341580487445e-04,-1.377724039098352504e-01,0.000000000000000000e+00,-0.000000000000000000e+00,-1.830400799716042776e-02
-1.577220285225064522e+00,2.772881463170051575e-02,-0.000000000000000000e+00,0.000000000000000000e+00,-5.713722588601115456e-05,-1.558680234827315159e-01,0.000000000000000000e+00,-0.000000000000000000e+00,-4.676992951777991792e-02
9.905161315260115062e-02,1.179634034633636475e-02,-0.000000000000000000e+00,0.000000000000000000e+00,8.809651939940716129e-04,8.686745818077611370e-01,0.000000000000000000e+00,-0.000000000000000000e+00,5.587035491021303812e-01
-2.313942829115475316e-03,-4.476235690526664257e-02,-0.000000000000000000e+00,0.000000000000000000e+00,1.152905400869111852e-03,8.114924827662628459e-01,0.000000000000000000e+00,-0.000000000000000000e+00,6.671242467008996480e-01
5.397955304745429839e-01,-7.888914644718170166e-02,-0.000000000000000000e+00,0.000000000000000000e+00,3.351637014666983966e-04,6.325357755048833797e-01,0.000000000000000000e+00,-0.000000000000000000e+00,2.273206542604437608e-01
1.425859476245019408e+00,1.273423619568347931e-02,-0.000000000000000000e+00,0.000000000000000000e+00,2.143978321172276217e-04,2.202049093982161865e-01,0.000000000000000000e+00,-0.000000000000000000e+00,1.894109709233677830e-01
-1.526165062406678263e+00,-4.191429913043975830e-02,-0.000000000000000000e+00,0.000000000000000000e+00,-2.672008366964863900e-04,-1.864276181755734341e-01,0.000000000000000000e+00,-0.000000000000000000e+00,-1.148035407717549611e-01
1.193069874839581601e+00,5.486287921667098999e-02,-0.000000000000000000e+00,0.000000000000000000e+00,5.575966543629937416e-04,3.281874537774243095e-01,0.000000000000000000e+00,-0.000000000000000000e+00,3.197171656440829235e-01
-1.256799205809899345e+00,1.151466900482773781e-01,-0.000000000000000000e+00,0.000000000000000000e+00,-3.510030265672280862e-04,-2.600757184413708956e-01,0.000000000000000000e+00,-0.000000000000000000e+00,-2.187597438228455204e-01
1.829319733760587097e+00,8.596073463559150696e-02,-0.000000000000000000e+00,0.000000000000000000e+00,1.775275134018349166e-05,1.797014719833274210e-01,0.000000000000000000e+00,-0.000000000000000000e+00,1.664567472419213601e-02
3.709846842567887104e-01,2.668665349483489990e-02,-0.000000000000000000e+00,0.000000000000000000e+00,6.143713008416358404e-04,7.965200789604485188e-01,0.000000000000000000e+00,-0.000000000000000000e+00,4.654906446261834474e-01
-1.661129543675079479e+00,9.759002551436424255e-02,-0.000000000000000000e+00,0.000000000000000000e+00,-2.193830490524649023e-03,-1.667012193835504807e-01,0.000000000000000000e+00,-0.000000000000000000e+00,-3.858310081927431412e+00
-1.551677781464886108e+00,4.503158852458000183e-02,-0.000000000000000000e+00,0.000000000000000000e+00,-1.283112429313606681e-03,-1.291153085501537678e-01,0.000000000000000000e+00,-0.000000000000000000e+00,-2.257581348153554046e+00
6.313632495998663940e-02,-5.127891898155212402e-03,-0.000000000000000000e+00,0.000000000000000000e+00,-3.499607937033500336e-03,-7.724193850433666020e-01,0.000000000000000000e+00,-0.000000000000000000e+00,-6.938228527551811853e-01
-2.035475633815991003e-01,-2.437324002385139465e-01,-0.000000000000000000e+00,0.000000000000000000e+00,-3.335231488611994748e-03,-8.222325215730975634e-01,0.000000000000000000e+00,-0.000000000000000000e+00,-1.035826755354982698e+00
-2.597670812594253253e-01,3.747694194316864014e-02,-0.000000000000000000e+00,0.000000000000000000e+00,-2.152356808896345539e-03,-6.954323097343709792e-01,0.000000000000000000e+00,-0.000000000000000000e+00,-8.956605951509971630e-01
6.114282623902914660e-01,2.415399253368377686e-02,-0.000000000000000000e+00,0.000000000000000000e+00,1.674493027620423515e-03,6.423192982465936174e-01,0.000000000000000000e+00,-0.000000000000000000e+00,8.272415265594100786e-01
-8.389674592983911161e-01,6.064138934016227722e-02,-0.000000000000000000e+00,0.000000000000000000e+00,-1.316178436962229517e-03,-5.305287377938269211e-01,0.000000000000000000e+00,-0.000000000000000000e+00,-6.409945689573991467e-01
1.133077148850426985e+00,5.025842785835266113e-02,-0.000000000000000000e+00,0.000000000000000000e+00,1.011807802690512133e-03,4.480756243023344965e-01,0.000000000000000000e+00,-0.000000000000000000e+00,5.105229049105752814e-01
3.037299499825839577e-01,1.788942664861679077e-01,-0.000000000000000000e+00,0.000000000000000000e+00,3.610442488427790457e-04,7.332554435071847454e-01,0.000000000000000000e+00,-0.000000000000000000e+00,1.676376648871052977e-01
-1.604272310037410110e+00,-5.521975457668304443e-02,-0.000000000000000000e+00,0.000000000000000000e+00,6.654750927831579275e-05,-1.300876854189543519e-01,0.000000000000000000e+00,-0.000000000000000000e+00,-9.703293758013459063e-04
-1.713381252045156344e+00,-8.777260780334472656e-02,-0.000000000000000000e+00,0.000000000000000000e+00,-1.006022712737624831e-04,-1.690467220076739274e-01,0.000000000000000000e+00,-0.000000000000000000e+00,-2.915766865388376428e-02
1.559293096774695186e+00,6.663640774786472321e-02,-0.000000000000000000e+00,0.000000000000000000e+00,4.840067787461178032e-05,1.901793093797452816e-01,0.000000000000000000e+00,-0.000000000000000000e+00,4.714622706430325605e-02
1.548181749504067062e+00,4.149025492370128632e-02,-0.000000000000000000e+00,0.000000000000000000e+00,7.302292648102928524e-05,2.378594756444493419e-01,0.000000000000000000e+00,-0.000000000000000000e+00,2.304584060732058765e-02
7.703050058961407043e-01,7.804954051971435547e-02,-0.000000000000000000e+00,0.000000000000000000e+00,1.143412109657099572e-04,7.815757480544458513e-01,0.000000000000000000e+00,-0.000000000000000000e+00,8.320484755412932421e-02
2.607249127862159566e-01,-2.018922865390777588e-01,-0.000000000000000000e+00,0.000000000000000000e+00,1.669000107069420515e-04,7.919524012947136704e-01,0.000000000000000000e+00,-0.000000000000000000e+00,1.356390049909814710e-01
7.042704666959491433e-02,2.697513252496719360e-02,-0.000000000000000000e+00,0.000000000000000000e+00,3.447968932948812320e-04,8.192419570953747288e-01,0.000000000000000000e+00,-0.000000000000000000e+00,2.336115727024462296e-01
-1.025049266639316845e-03,2.776323258876800537e-02,-0.000000000000000000e+00,0.000000000000000000e+00,-3.206391948208960193e-04,-8.047951423006299843e-01,0.000000000000000000e+00,-0.000000000000000000e+00,-2.282342229932849964e-01
1.168971285826876594e+00,4.977981746196746826e-02,-0.000000000000000000e+00,0.000000000000000000e+00,1.146243551847832834e-04,4.535345974794429691e-01,0.000000000000000000e+00,-0.000000000000000000e+00,7.566528551456366825e-02
8.943886644384606566e-01,-6.476229429244995117e-02,-0.000000000000000000e+00,0.000000000000000000e+00,6.521632615110978888e-05,5.634266067902292674e-01,0.000000000000000000e+00,-0.000000000000000000e+00,3.178564133025230110e-02
9.168831806039443588e-01,-1.142685115337371826e-02,-0.000000000000000000e+00,0.000000000000000000e+00,1.548145576266934248e-03,5.666378493490763502e-01,0.000000000000000000e+00,-0.000000000000000000e+00,1.441844620388412768e+00
1.067180407292888322e+00,2.081568539142608643e-02,-0.000000000000000000e+00,0.000000000000000000e+00,8.511101033939249064e-04,4.073923575422490062e-01,0.000000000000000000e+00,-0.000000000000000000e+00,8.616080395366862987e-01
-1.620932103941116864e+00,1.079799272119998932e-01,-0.000000000000000000e+00,0.000000000000000000e+00,-3.386813087728929826e-03,-1.992677870052593780e-01,0.000000000000000000e+00,-0.000000000000000000e+00,-5.492623457975066792e+00
-1.398823908167671659e+00,1.276322081685066223e-01,-0.000000000000000000e+00,0.000000000000000000e+00,-4.289138377218888569e-03,-2.131131108033457455e-01,0.000000000000000000e+00,-0.000000000000000000e+00,-5.629388972393860158e+00
3.710883690240647514e-03,-2.466244995594024658e-02,-0.000000000000000000e+00,0.000000000000000000e+00,-1.873571293505031351e-03,-8.036858298692266533e-01,0.000000000000000000e+00,-0.000000000000000000e+00,-8.969779063955551912e-01
-8.551503151816174098e-02,-2.093849889934062958e-02,-0.000000000000000000e+00,0.000000000000000000e+00,-2.245746956305899773e-03,-7.862434095060205630e-01,0.000000000000000000e+00,-0.000000000000000000e+00,-1.153107864779896907e+00
3.100009240525284371e-01,-6.528319418430328369e-02,-0.000000000000000000e+00,0.000000000000000000e+00,2.665686482328074192e-03,8.031269355794208309e-01,0.000000000000000000e+00,-0.000000000000000000e+00,1.677982888322262278e+00
5.777209242614461671e-01,-7.373879104852676392e-02,-0.000000000000000000e+00,0.000000000000000000e+00,2.039167039945999349e-03,6.315228514326939324e-01,0.000000000000000000e+00,-0.000000000000000000e+00,1.627020742634861517e+00
5.373104837421366353e-01,5.600173026323318481e-03,-0.000000000000000000e+00,0.000000000000000000e+00,5.650080237618970540e-03,5.558713913407657969e-01,0.000000000000000000e+00,-0.000000000000000000e+00,-5.576512977276184557e-01
-3.116884161819623023e-01,-1.710605621337890625e-02,-0.000000000000000000e+00,0.000000000000000000e+00,-5.474150701253929600e-03,-6.973249297103574218e-01,0.000000000000000000e+00,-0.000000000000000000e+00,2.876887563473838894e-01
-7.213261388064871882e-02,6.975361704826354980e-02,-0.000000000000000000e+00,0.000000000000000000e+00,-4.450437938171288715e-03,-7.381486129993024559e-01,0.000000000000000000e+00,-0.000000000000000000e+00,-1.425098696839527945e-01
-2.040966039542677080e-02,-4.420672059059143066e-01,-0.000000000000000000e+00,0.000000000000000000e+00,-3.526746097672737393e-03,-7.808139584549691481e-01,0.000000000000000000e+00,-0.000000000000000000e+00,-5.504487319719809646e-01
1.319987936703924447e+00,-4.908052086830139160e-02,-0.000000000000000000e+00,0.000000000000000000e+00,5.541157479000258408e-03,2.546447946077297075e-01,0.000000000000000000e+00,-0.000000000000000000e+00,4.267840759440488796e+00
1.239318538012967430e+00,-2.205191738903522491e-02,-0.000000000000000000e+00,0.000000000000000000e+00,6.646357377244531059e-03,3.280261553412799347e-01,0.000000000000000000e+00,-0.000000000000000000e+00,1.836324029873450669e+00
-9.722627553189545635e-01,1.009584963321685791e-02,-0.000000000000000000e+00,0.000000000000000000e+00,-6.155435801656474609e-03,-3.678523245005042019e-01,0.000000000000000000e+00,-0.000000000000000000e+00,6.041028910024701104e-02
-7.893826543116684302e-01,-2.561818808317184448e-02,-0.000000000000000000e+00,0.000000000000000000e+00,-6.236997919478423288e-03,-4.706525956475670069e-01,0.000000000000000000e+00,-0.000000000000000000e+00,6.411565911379293325e-01
-1.621526021201812329e+00,-4.590377584099769592e-02,-0.000000000000000000e+00,0.000000000000000000e+00,-9.273891100506965904e-05,-1.314554534432134936e-01,0.000000000000000000e+00,-0.000000000000000000e+00,-1.416351893168367806e-02
9.750306596937151002e-03,4.412540793418884277e-02,-0.000000000000000000e+00,0.000000000000000000e+00,-2.515557846623096578e-03,-7.913824033859697682e-01,0.000000000000000000e+00,-0.000000000000000000e+00,-9.191260566900159024e-01
-2.626923714381190211e-01,-8.340600878000259399e-02,-0.000000000000000000e+00,0.000000000000000000e+00,-2.187505529595801853e-03,-7.785751234526145925e-01,0.000000000000000000e+00,-0.000000000000000000e+00,-8.712685169758563886e-01
-1.519989522672980931e+00,1.163862552493810654e-02,-0.000000000000000000e+00,0.000000000000000000e+00,-2.615429529217722765e-04,-1.500524929039209199e-01,0.000000000000000000e+00,-0.000000000000000000e+00,-2.720977431473607377e-01
-1.586062278299272377e+00,-3.157326579093933105e-02,-0.000000000000000000e+00,0.000000000000000000e+00,-6.834539045834248116e-05,-1.332084074074159907e-01,0.000000000000000000e+00,-0.000000000000000000e+00,-1.645005251758433484e-01
-1.566171556378704866e+00,-1.439736783504486084e-02,-0.000000000000000000e+00,0.000000000000000000e+00,-5.019592227018116999e-04,-2.411979479760439082e-01,0.000000000000000000e+00,-0.000000000000000000e+00,-7.665917898717121703e-01
1.407521841278313701e+00,-3.274083696305751801e-02,-0.000000000000000000e+00,0.000000000000000000e+00,3.399784354145443210e-04,1.729645705577054215e-01,0.000000000000000000e+00,-0.000000000000000000e+00,3.967305435932169111e-01
1.232283687324646548e+00,-4.329706728458404541e-02,-0.000000000000000000e+00,0.000000000000000000e+00,1.567593226123904261e-03,3.403870273706587901e-01,0.000000000000000000e+00,-0.000000000000000000e+00,1.856002388644611756e+00
1.320152610384169423e+00,-3.309228271245956421e-02,-0.000000000000000000e+00,0.000000000000000000e+00,9.249937231190611970e-04,2.703415995763699398e-01,0.000000000000000000e+00,-0.000000000000000000e+00,1.134340147338988247e+00
5.744380241380248053e-01,-6.332821398973464966e-02,-0.000000000000000000e+00,0.000000000000000000e+00,1.755672363831812393e-04,6.750680902509302861e-01,0.000000000000000000e+00,-0.000000000000000000e+00,1.269892900346978326e-01
-3.304231803310583304e-01,-4.377389326691627502e-02,-0.000000000000000000e+00,0.000000000000000000e+00,-1.510582535598984548e-03,-8.169565758330206151e-01,0.000000000000000000e+00,-0.000000000000000000e+00,-7.718278183833277017e-01
5.925068258925796361e-01,-2.469164878129959106e-02,-0.000000000000000000e+00,0.000000000000000000e+00,9.152580421923231600e-04,6.683545016510176184e-01,0.000000000000000000e+00,-0.000000000000000000e+00,5.431193543596838369e-01
1.153622333547456913e+00,2.751370519399642944e-02,-0.000000000000000000e+00,0.000000000000000000e+00,2.202543844913034288e-04,4.476783695824975706e-01,0.000000000000000000e+00,-0.000000000000000000e+00,1.587676766945070317e-01
8.604154730031201570e-01,-1.794157177209854126e-02,-0.000000000000000000e+00,0.000000000000000000e+00,3.645592859565770249e-04,5.278943060001515253e-01,0.000000000000000000e+00,-0.000000000000000000e+00,2.463386768466269139e-01
5.485844200881788701e-01,-5.147850513458251953e-02,-0.000000000000000000e+00,0.000000000000000000e+00,6.023994585175108420e-04,6.537640522177612379e-01,0.000000000000000000e+00,-0.000000000000000000e+00,3.807193713826250159e-01
3.267785552816828143e-01,8.975264802575111389e-02,-0.000000000000000000e+00,0.000000000000000000e+00,1.142938765455478543e-03,7.660909871423501327e-01,0.000000000000000000e+00,-0.000000000000000000e+00,5.388879709378554539e-01
-6.670644332989912606e-02,8.969610370695590973e-02,-0.000000000000000000e+00,0.000000000000000000e+00,-1.356016254588396190e-03,-8.084766056191341477e-01,0.000000000000000000e+00,-0.000000000000000000e+00,-6.757487445580916408e-01
-1.109899966869190915e-02,-2.652259171009063721e-02,-0.000000000000000000e+00,0.000000000000000000e+00,-1.758283065092955790e-03,-8.297390660789742967e-01,0.000000000000000000e+00,-0.000000000000000000e+00,-8.906696028221863237e-01
-1.754813830508469952e+00,3.086454793810844421e-02,-0.000000000000000000e+00,0.000000000000000000e+00,-1.306962184554551383e-04,-1.448170957080489318e-01,0.000000000000000000e+00,-0.000000000000000000e+00,-6.628881592767785214e-02
-1.625984320522220861e+00,-3.125013411045074463e-02,-0.000000000000000000e+00,0.000000000000000000e+00,-1.930329498273320658e-04,-1.616144649064146788e-01,0.000000000000000000e+00,-0.000000000000000000e+00,-1.094861643329542444e-01
-1.403229901238664201e+00,-4.060485865920782089e-02,-0.000000000000000000e+00,0.000000000000000000e+00,-6.713118607865804798e-05,-2.845616676903491293e-01,0.000000000000000000e+00,-0.000000000000000000e+00,-8.608835970380082636e-02
1.153356025944907826e+00,-5.776592390611767769e-02,-0.000000000000000000e+00,0.000000000000000000e+00,1.005696836001499894e-04,3.272738987457901039e-01,0.000000000000000000e+00,-0.000000000000000000e+00,7.893130632058181773e-02
-1.415866342160310376e+00,4.820979945361614227e-02,-0.000000000000000000e+00,0.000000000000000000e+00,-2.505273598580710849e-04,-1.768681268771002124e-01,0.000000000000000000e+00,-0.000000000000000000e+00,-1.173791624712964277e-01
-1.462350964949699961e+00,9.825239749625325203e-02,-0.000000000000000000e+00,0.000000000000000000e+00,-2.144080853359811719e-04,-2.274441941163246605e-01,0.000000000000000000e+00,-0.000000000000000000e+00,-1.551635454168447392e-01
-1.674565731463921292e+00,-1.421390101313591003e-02,-0.000000000000000000e+00,0.000000000000000000e+00,-1.004210651365854899e-04,-1.350344406820697118e-01,0.000000000000000000e+00,-0.000000000000000000e+00,-1.041855908047142620e-01
-1.681047707310244776e+00,-6.588503718376159668e-02,-0.000000000000000000e+00,0.000000000000000000e+00,-2.234885493504510463e-04,-1.661733559589239628e-01,0.000000000000000000e+00,-0.000000000000000000e+00,-1.249491321921926273e-01
-9.227906008673895932e-02,8.862830698490142822e-03,-0.000000000000000000e+00,0.000000000000000000e+00,-3.554814510227770515e-03,-7.886406335624892572e-01,0.000000000000000000e+00,-0.000000000000000000e+00,-1.156771686140428468e+00
1.362364591811045245e-02,9.323900938034057617e-02,-0.000000000000000000e+00,0.000000000000000000e+00,-2.552060177611212288e-03,-7.758241284368595503e-01,0.000000000000000000e+00,-0.000000000000000000e+00,-9.441275706452056937e-01
6.084887175763722400e-01,3.850631415843963623e-03,-0.000000000000000000e+00,0.000000000000000000e+00,4.558022504521977263e-03,6.434039784137332019e-01,0.000000000000000000e+00,-0.000000000000000000e+00,2.529919296771436343e+00
2.801859881346313585e-01,-1.631824672222137451e-02,-0.000000000000000000e+00,0.000000000000000000e+00,3.934021197825258130e-03,6.726894548907981219e-01,0.000000000000000000e+00,-0.000000000000000000e+00,1.546214481814428110e+00
-1.161463221867232276e+00,-1.190848834812641144e-02,-0.000000000000000000e+00,0.000000000000000000e+00,-2.793196839977176316e-03,-4.510768211871272193e-01,0.000000000000000000e+00,-0.000000000000000000e+00,-2.854553788872067344e+00
9.546793448408879001e-01,-3.787812613882124424e-02,-0.000000000000000000e+00,0.000000000000000000e+00,4.125849925879804259e-03,5.802451775459596117e-01,0.000000000000000000e+00,-0.000000000000000000e+00,3.348573525466953971e+00
-1.340690037225119591e+00,5.998120456933975220e-02,-0.000000000000000000e+00,0.000000000000000000e+00,-1.334765780070189777e-04,-3.708138060355303245e-01,0.000000000000000000e+00,-0.000000000000000000e+00,-8.400371426087838156e-02
1.588212446370842690e+00,2.570509165525436401e-02,-0.000000000000000000e+00,0.000000000000000000e+00,1.144648267219452493e-04,3.173343931010623176e-01,0.000000000000000000e+00,-0.000000000000000000e+00,7.072864345268708997e-02
9.338236842786672431e-01,6.999716162681579590e-03,-0.000000000000000000e+00,0.000000000000000000e+00,2.694559154620110894e-04,5.711508986932204435e-01,0.000000000000000000e+00,-0.000000000000000000e+00,2.606181772414142839e-01
9.395979280127438882e-01,9.936504065990447998e-03,-0.000000000000000000e+00,0.000000000000000000e+00,1.056819136618708852e-04,3.921148472881227920e-01,0.000000000000000000e+00,-0.000000000000000000e+00,1.130433577932473260e-01
-1.639064082885478779e+00,1.531358808279037476e-03,-0.000000000000000000e+00,0.000000000000000000e+00,-2.861603432456457172e-05,-1.601147288164850857e-01,0.000000000000000000e+00,-0.000000000000000000e+00,-1.664311041731559096e-02
-1.480420783221580994e+00,-2.366639673709869385e-03,-0.000000000000000000e+00,0.000000000000000000e+00,-1.789475433952450125e-05,-1.192617270544482078e-01,0.000000000000000000e+00,-0.000000000000000000e+00,-1.146300588921324998e-02
-1.668652449213007927e+00,4.387034103274345398e-03,-0.000000000000000000e+00,0.000000000000000000e+00,6.555753342418291305e-05,-2.537239293430013642e-01,0.000000000000000000e+00,-0.000000000000000000e+00,-4.256688567102984849e-02
-1.651648677967753276e+00,4.995070397853851318e-03,-0.000000000000000000e+00,0.000000000000000000e+00,-5.181840048468681301e-05,-2.032769956653850130e-01,0.000000000000000000e+00,-0.000000000000000000e+00,-4.680629703945700382e-02
4.480633992414245759e-03,6.728649139404296875e-03,-0.000000000000000000e+00,0.000000000000000000e+00,-6.594269981395074190e-04,-8.280977002293714584e-01,0.000000000000000000e+00,-0.000000000000000000e+00,-3.928686408449174050e-01
8.297714608754135079e-02,-4.692162200808525085e-02,-0.000000000000000000e+00,0.000000000000000000e+00,4.936934975338146212e-04,8.515456243756012178e-01,0.000000000000000000e+00,-0.000000000000000000e+00,3.152730932494983707e-01
-1.262227467876946729e+00,5.378942936658859253e-02,-0.000000000000000000e+00,0.000000000000000000e+00,-3.567734425025418429e-03,-3.415098335484005321e-01,0.000000000000000000e+00,-0.000000000000000000e+00,-4.004423422118233766e+00
1.428412579663059345e+00,-2.338100969791412354e-02,-0.000000000000000000e+00,0.000000000000000000e+00,2.438937972182188448e-03,2.925718935214213778e-01,0.000000000000000000e+00,-0.000000000000000000e+00,3.178025722750617454e+00
1.515712342337312002e+00,-1.846297830343246460e-02,-0.000000000000000000e+00,0.000000000000000000e+00,1.570624679527457589e-03,2.390121777148919990e-01,0.000000000000000000e+00,-0.000000000000000000e+00,2.072505740715253175e+00
-1.568561750135583743e+00,6.136985868215560913e-02,-0.000000000000000000e+00,0.000000000000000000e+00,-8.963110549505702487e-04,-1.956069950292625981e-01,0.000000000000000000e+00,-0.000000000000000000e+00,-1.273687596433150437e+00
-3.261912677129632510e-01,7.794961333274841309e-03,-0.000000000000000000e+00,0.000000000000000000e+00,-5.666491158936600922e-03,-7.761555802095699841e-01,0.000000000000000000e+00,-0.000000000000000000e+00,-9.626269060261211097e-01
-6.010232012067727725e-01,2.880198950879275799e-02,-0.000000000000000000e+00,0.000000000000000000e+00,-6.080290208683582047e-03,-6.434277758783563117e-01,0.000000000000000000e+00,-0.000000000000000000e+00,-1.559741946020978043e+00
-8.049117071977218707e-01,1.009047962725162506e-02,-0.000000000000000000e+00,0.000000000000000000e+00,-5.469050958509312325e-03,-4.808538072593698254e-01,0.000000000000000000e+00,-0.000000000000000000e+00,-2.588604793406688920e+00
1.012875470026553204e+00,-4.396771267056465149e-02,-0.000000000000000000e+00,0.000000000000000000e+00,4.651297998683226811e-03,3.972753527679079855e-01,0.000000000000000000e+00,-0.000000000000000000e+00,3.753280628617374770e+00
1.395644947472509223e+00,-9.178957901895046234e-03,-0.000000000000000000e+00,0.000000000000000000e+00,7.058598218635422342e-05,2.810825798697861866e-01,0.000000000000000000e+00,-0.000000000000000000e+00,8.171519261276792220e-03
-1.170153493350683638e+00,-6.236948072910308838e-03,-0.000000000000000000e+00,0.000000000000000000e+00,-6.973986999208116094e-05,-3.223915975027355496e-01,0.000000000000000000e+00,-0.000000000000000000e+00,-2.851015762519105642e-02
-1.575194394903047801e+00,-2.611401118338108063e-02,-0.000000000000000000e+00,0.000000000000000000e+00,-7.253419820766608044e-05,-1.882302249761920732e-01,0.000000000000000000e+00,-0.000000000000000000e+00,-2.131080992980753305e-02
1.499831368707319701e+00,9.637113660573959351e-02,-0.000000000000000000e+00,0.000000000000000000e+00,2.083028018223429770e-04,2.244291363093217362e-01,0.000000000000000000e+00,-0.000000000000000000e+00,4.576296459952625822e-02
-1.681420288556178866e+00,3.611508756875991821e-02,-0.000000000000000000e+00,0.000000000000000000e+00,-5.807074943057647992e-04,-1.686202539649407361e-01,0.000000000000000000e+00,-0.000000000000000000e+00,-7.965791965171786781e-01
-1.627180463690460543e+00,4.524233937263488770e-02,-0.000000000000000000e+00,0.000000000000000000e+00,-4.276665188078766452e-04,-1.340560890046562648e-01,0.000000000000000000e+00,-0.000000000000000000e+00,-5.114740997761664243e-01
1.201064368922396097e+00,-5.160794034600257874e-02,-0.000000000000000000e+00,0.000000000000000000e+00,3.409813301284476841e-05,4.867599748140625238e-01,0.000000000000000000e+00,-0.000000000000000000e+00,3.102176582228049345e-02
-8.987551555504584844e-01,-1.952678384259343147e-02,-0.000000000000000000e+00,0.000000000000000000e+00,-1.488632977627836690e-04,-5.307287332204883024e-01,0.000000000000000000e+00,-0.000000000000000000e+00,-7.930231951155024273e-02
-1.662018830460323615e+00,6.935700029134750366e-02,-0.000000000000000000e+00,0.000000000000000000e+00,8.496651810270900915e-05,-1.351180783336663194e-01,0.000000000000000000e+00,-0.000000000000000000e+00,2.012861375308767214e-02
1.773895334459379303e+00,-3.383910655975341797e-02,-0.000000000000000000e+00,0.000000000000000000e+00,2.341859449830631832e-05,1.743867784716852665e-01,0.000000000000000000e+00,-0.000000000000000000e+00,2.395886605480662679e-02
1.718730763791894489e+00,3.498032689094543457e-03,-0.000000000000000000e+00,0.000000000000000000e+00,1.075791005788073078e-04,1.407972419125431141e-01,0.000000000000000000e+00,-0.000000000000000000e+00,3.697635169396373822e-02
-1.517808298986956794e+00,3.815930336713790894e-02,-0.000000000000000000e+00,0.000000000000000000e+00,8.448438113762571854e-06,-1.509200591056743257e-01,0.000000000000000000e+00,-0.000000000000000000e+00,-3.240823910350672243e-02
-1.639918765549525093e+00,-4.065183550119400024e-02,-0.000000000000000000e+00,0.000000000000000000e+00,-2.977664776412768398e-05,-2.026820060025919801e-01,0.000000000000000000e+00,-0.000000000000000000e+00,-5.832398278871994690e-02
-1.553507969606421124e+00,4.957154020667076111e-02,-0.000000000000000000e+00,0.000000000000000000e+00,-1.593409944356966870e-04,-2.427031132379837142e-01,0.000000000000000000e+00,-0.000000000000000000e+00,-1.228226562669776645e-01
-1.421728237652768012e+00,5.812017247080802917e-02,-0.000000000000000000e+00,0.000000000000000000e+00,-1.634873882652785454e-04,-2.843579232003130564e-01,0.000000000000000000e+00,-0.000000000000000000e+00,-1.130513667248585624e-01
1.300539162371498136e+00,-1.501361629925668240e-02,-0.000000000000000000e+00,0.000000000000000000e+00,3.280051262697102651e-04,3.654947543712066538e-01,0.000000000000000000e+00,-0.000000000000000000e+00,1.803379183410419584e-01
9.983620077984827201e-01,1.316983997821807861e-02,-0.000000000000000000e+00,0.000000000000000000e+00,4.450464407862542247e-04,3.907724734515818921e-01,0.000000000000000000e+00,-0.000000000000000000e+00,2.478343196980782315e-01
-8.999861819568395482e-01,-8.513217885047197342e-02,-0.000000000000000000e+00,0.000000000000000000e+00,-7.022228181263057015e-04,-5.642726480595249283e-01,0.000000000000000000e+00,-0.000000000000000000e+00,-4.318254591666726983e-01
8.471464257566537759e-01,5.358122289180755615e-03,-0.000000000000000000e+00,0.000000000000000000e+00,3.094669899613279140e-04,5.139233376138406806e-01,0.000000000000000000e+00,-0.000000000000000000e+00,1.428340697868148157e-01
1.051384893422879330e+00,2.160039916634559631e-02,-0.000000000000000000e+00,0.000000000000000000e+00,3.730065228017941245e-05,4.078224937556012564e-01,0.000000000000000000e+00,-0.000000000000000000e+00,9.953978840846365583e-02
1.290959255671817907e+00,-4.763001203536987305e-02,-0.000000000000000000e+00,0.000000000000000000e+00,7.613509468502464763e-05,3.530917701511381845e-01,0.000000000000000000e+00,-0.000000000000000000e+00,4.616707835623582584e-02
1.448794397080053642e+00,6.855325307697057724e-02,-0.000000000000000000e+00,0.000000000000000000e+00,5.218715793784155693e-05,2.904313403466344257e-01,0.000000000000000000e+00,-0.000000000000000000e+00,6.931027988703286624e-02
-1.534592566287902971e+00,7.094391807913780212e-02,-0.000000000000000000e+00,0.000000000000000000e+00,5.505820608309140853e-05,-2.314886413301976420e-01,0.000000000000000000e+00,-0.000000000000000000e+00,-9.236847061550608863e-04
-1.756628779662358308e+00,-5.619068071246147156e-02,-0.000000000000000000e+00,0.000000000000000000e+00,-4.419425195519688349e-05,-2.120162986302250863e-01,0.000000000000000000e+00,-0.000000000000000000e+00,-2.745003585683344210e-02
-9.514013529224643606e-02,-4.666081070899963379e-02,-0.000000000000000000e+00,0.000000000000000000e+00,-3.952602419686542835e-03,-7.151022188499386312e-01,0.000000000000000000e+00,-0.000000000000000000e+00,-7.677761012394149764e-01
-6.827504546426907059e-03,1.884327083826065063e-01,-0.000000000000000000e+00,0.000000000000000000e+00,-3.190566311041215502e-03,-7.612460767555528918e-01,0.000000000000000000e+00,-0.000000000000000000e+00,-7.306423842258907841e-01
3.207375863329441079e-03,-8.378989994525909424e-03,-0.000000000000000000e+00,0.000000000000000000e+00,-3.327252934524151692e-04,-7.811003625090463531e-01,0.000000000000000000e+00,-0.000000000000000000e+00,-2.458507522691218417e-01
8.425210762745945214e-02,7.872104644775390625e-03,-0.000000000000000000e+00,0.000000000000000000e+00,3.363420780120142200e-04,7.497054916758850718e-01,0.000000000000000000e+00,-0.000000000000000000e+00,2.674750758788546068e-01
-1.813549894396184081e+00,-9.667564183473587036e-02,-0.000000000000000000e+00,0.000000000000000000e+00,-1.424973579078159887e-04,-1.805464162006893414e-01,0.000000000000000000e+00,-0.000000000000000000e+00,-1.203619656788531556e-01
1.767668444916993042e+00,7.022389024496078491e-02,-0.000000000000000000e+00,0.000000000000000000e+00,2.249075347625172474e-04,1.465394117606050872e-01,0.000000000000000000e+00,-0.000000000000000000e+00,1.095165484719193977e-01
8.936355016575101562e-01,2.670884132385253906e-03,-0.000000000000000000e+00,0.000000000000000000e+00,7.935894430340141863e-05,5.394565134952710173e-01,0.000000000000000000e+00,-0.000000000000000000e+00,1.078562466950140908e-01
1.056499649212204961e+00,-1.466408371925354004e-02,-0.000000000000000000e+00,0.000000000000000000e+00,1.338238229602597524e-05,4.095418543851470083e-01,0.000000000000000000e+00,-0.000000000000000000e+00,5.940368275032778533e-02
2.459178748251547586e-01,-1.683812886476516724e-01,-0.000000000000000000e+00,0.000000000000000000e+00,1.039516377864203915e-04,7.439329349320533691e-01,0.000000000000000000e+00,-0.000000000000000000e+00,2.110774797354562637e-01
6.082323042707371563e-01,-2.494766190648078918e-02,-0.000000000000000000e+00,0.000000000000000000e+00,2.466449696001625481e-04,6.539161234976188508e-01,0.000000000000000000e+00,-0.000000000000000000e+00,1.950836315366283047e-01
1.248867633724257908e+00,-4.063801467418670654e-02,-0.000000000000000000e+00,0.000000000000000000e+00,1.547605130771235278e-04,3.325101659330035320e-01,0.000000000000000000e+00,-0.000000000000000000e+00,5.505534991198777345e-02
1.387438288891876370e+00,-7.231160998344421387e-03,-0.000000000000000000e+00,0.000000000000000000e+00,3.424795731499811281e-05,2.782003554647083376e-01,0.000000000000000000e+00,-0.000000000000000000e+00,2.266092474411259688e-02
