0.000000000000000000e+00,-0.000000000000000000e+00,-0.000000000000000000e+00,2.953405529260635376e-01,0.000000000000000000e+00,-0.000000000000000000e+00,1.102297733475318342e+00,3.096001987523186796e-02,0.000000000000000000e+00,1.043770829335919359e+00,-3.836583861940196183e+00,0.000000000000000000e+00,0.000000000000000000e+00
0.000000000000000000e+00,-0.000000000000000000e+00,-0.000000000000000000e+00,4.336961992084980011e-01,0.000000000000000000e+00,-0.000000000000000000e+00,7.505673405140559362e-01,3.499329976242949308e-02,0.000000000000000000e+00,1.400027195379767386e+00,-2.923309882584113506e+00,0.000000000000000000e+00,0.000000000000000000e+00
0.000000000000000000e+00,-0.000000000000000000e+00,-0.000000000000000000e+00,-1.361537426710128784e-01,0.000000000000000000e+00,-0.000000000000000000e+00,2.921496495178907082e+00,4.099219901470087029e-04,0.000000000000000000e+00,3.545425212489563549e-01,-1.180464388809724929e-01,0.000000000000000000e+00,0.000000000000000000e+00
0.000000000000000000e+00,-0.000000000000000000e+00,-0.000000000000000000e+00,-2.333100941032171249e-01,0.000000000000000000e+00,-0.000000000000000000e+00,-2.743313251750083115e+00,-6.727102492938670996e-04,0.000000000000000000e+00,-4.238985994357812315e-01,1.298157881382217826e-01,0.000000000000000000e+00,0.000000000000000000e+00
0.000000000000000000e+00,-0.000000000000000000e+00,-0.000000000000000000e+00,1.651754137128591537e-01,0.000000000000000000e+00,-0.000000000000000000e+00,2.651464957026226532e+00,1.631622248179943500e-03,0.000000000000000000e+00,5.621454235443794634e-01,-1.799856440224766874e-01,0.000000000000000000e+00,0.000000000000000000e+00
0.000000000000000000e+00,-0.000000000000000000e+00,-0.000000000000000000e+00,-4.359655454754829407e-01,0.000000000000000000e+00,-0.000000000000000000e+00,2.405648957515027941e+00,9.628376209092537243e-04,0.000000000000000000e+00,6.582299439476126945e-01,-2.080843601926915254e-01,0.000000000000000000e+00,0.000000000000000000e+00
0.000000000000000000e+00,-0.000000000000000000e+00,-0.000000000000000000e+00,-6.650109589099884033e-02,0.000000000000000000e+00,-0.000000000000000000e+00,1.309507206908390453e-01,3.559650913799010385e-02,0.000000000000000000e+00,1.885126655361547776e+00,-2.396990946390758381e+00,0.000000000000000000e+00,0.000000000000000000e+00
0.000000000000000000e+00,-0.000000000000000000e+00,-0.000000000000000000e+00,1.155398972332477570e-01,0.000000000000000000e+00,-0.000000000000000000e+00,3.059697292390412340e-02,2.719129763407344622e-02,0.000000000000000000e+00,1.904930791583045124e+00,-1.937401083141056191e+00,0.000000000000000000e+00,0.000000000000000000e+00
0.000000000000000000e+00,-0.000000000000000000e+00,-0.000000000000000000e+00,-2.774353921413421631e-01,0.000000000000000000e+00,-0.000000000000000000e+00,3.315021024271307848e+00,3.420681956512891747e-04,0.000000000000000000e+00,2.731274531157357188e-01,-3.051380527039385809e-02,0.000000000000000000e+00,0.000000000000000000e+00
0.000000000000000000e+00,-0.000000000000000000e+00,-0.000000000000000000e+00,-3.056295886635780334e-01,0.000000000000000000e+00,-0.000000000000000000e+00,3.220708091405827034e+00,4.999965780923354506e-04,0.000000000000000000e+00,3.312358776765387813e-01,9.401159055755666655e-03,0.000000000000000000e+00,0.000000000000000000e+00
0.000000000000000000e+00,-0.000000000000000000e+00,-0.000000000000000000e+00,-2.901240583742037416e-01,0.000000000000000000e+00,-0.000000000000000000e+00,2.964427934116578900e+00,2.815869487453288378e-05,0.000000000000000000e+00,2.571870695487373237e-01,1.959026969066390497e-02,0.000000000000000000e+00,0.000000000000000000e+00
0.000000000000000000e+00,-0.000000000000000000e+00,-0.000000000000000000e+00,-1.464890502393245697e-01,0.000000000000000000e+00,-0.000000000000000000e+00,2.887793409330284167e+00,1.650828727467019638e-04,0.000000000000000000e+00,2.496653987301620248e-01,-4.285953729311305083e-02,0.000000000000000000e+00,0.000000000000000000e+00
0.000000000000000000e+00,-0.000000000000000000e+00,-0.000000000000000000e+00,2.308438010513782501e-01,0.000000000000000000e+00,-0.000000000000000000e+00,9.095533869850857406e-03,-2.879433141715606517e-03,0.000000000000000000e+00,-2.185019092081403880e+00,3.967924898643288567e-01,0.000000000000000000e+00,0.000000000000000000e+00
0.000000000000000000e+00,-0.000000000000000000e+00,-0.000000000000000000e+00,1.847401857376098633e-01,0.000000000000000000e+00,-0.000000000000000000e+00,-2.504631205302329189e+00,-1.203630345230741910e-04,0.000000000000000000e+00,-5.039684766092940027e-01,8.903535384578556422e-02,0.000000000000000000e+00,0.000000000000000000e+00
0.000000000000000000e+00,-0.000000000000000000e+00,-0.000000000000000000e+00,1.846412792801856995e-01,0.000000000000000000e+00,-0.000000000000000000e+00,2.483356192936822637e+00,3.933497634302973093e-04,0.000000000000000000e+00,6.927508837526080709e-01,-2.698615894642446000e-01,0.000000000000000000e+00,0.000000000000000000e+00
0.000000000000000000e+00,-0.000000000000000000e+00,-0.000000000000000000e+00,1.664059981703758240e-02,0.000000000000000000e+00,-0.000000000000000000e+00,2.825460557815291374e+00,7.774976097967820120e-05,0.000000000000000000e+00,3.415347396884004794e-01,-2.886195742236213196e-02,0.000000000000000000e+00,0.000000000000000000e+00
0.000000000000000000e+00,-0.000000000000000000e+00,-0.000000000000000000e+00,2.412072392180562019e-01,0.000000000000000000e+00,-0.000000000000000000e+00,2.925969717600917175e+00,4.193783083545837647e-04,0.000000000000000000e+00,4.156209067561050241e-01,-1.207801180826311299e-01,0.000000000000000000e+00,0.000000000000000000e+00
0.000000000000000000e+00,-0.000000000000000000e+00,-0.000000000000000000e+00,7.460279762744903564e-02,0.000000000000000000e+00,-0.000000000000000000e+00,-1.723783074676023652e+00,-5.352843007200406428e-03,0.000000000000000000e+00,-1.111417939356852846e+00,5.789195283577355244e-01,0.000000000000000000e+00,0.000000000000000000e+00
0.000000000000000000e+00,-0.000000000000000000e+00,-0.000000000000000000e+00,1.864513866603374481e-01,0.000000000000000000e+00,-0.000000000000000000e+00,-2.159575071138033930e+00,-3.288853354699722720e-03,0.000000000000000000e+00,-9.117499343127646316e-01,4.042687635765892518e-01,0.000000000000000000e+00,0.000000000000000000e+00
0.000000000000000000e+00,-0.000000000000000000e+00,-0.000000000000000000e+00,7.641960829496383667e-01,0.000000000000000000e+00,-0.000000000000000000e+00,1.894779714749576627e+00,3.121452869371400124e-02,0.000000000000000000e+00,2.704012850497580778e-01,-8.132995927466268427e+00,0.000000000000000000e+00,0.000000000000000000e+00
0.000000000000000000e+00,-0.000000000000000000e+00,-0.000000000000000000e+00,-5.100893061608076096e-01,0.000000000000000000e+00,-0.000000000000000000e+00,-2.525660774284400834e+00,-2.389902868257364962e-02,0.000000000000000000e+00,-3.324618383091413887e-01,8.041855234102238015e+00,0.000000000000000000e+00,0.000000000000000000e+00
0.000000000000000000e+00,-0.000000000000000000e+00,-0.000000000000000000e+00,-6.401928663253784180e-01,0.000000000000000000e+00,-0.000000000000000000e+00,-2.749910304977043918e+00,-1.620213683549961980e-02,0.000000000000000000e+00,-2.795794755047113500e-01,5.548849642614906763e+00,0.000000000000000000e+00,0.000000000000000000e+00
0.000000000000000000e+00,-0.000000000000000000e+00,-0.000000000000000000e+00,-3.513248264789581299e-02,0.000000000000000000e+00,-0.000000000000000000e+00,-2.793402612758875581e+00,-1.088057374316893020e-02,0.000000000000000000e+00,-2.770621453105364118e-01,3.523997757243792606e+00,0.000000000000000000e+00,0.000000000000000000e+00
0.000000000000000000e+00,-0.000000000000000000e+00,-0.000000000000000000e+00,-6.864762306213378906e-02,0.000000000000000000e+00,-0.000000000000000000e+00,-9.993368596849560095e-03,-2.407056814296024139e-02,0.000000000000000000e+00,-1.837145460925602380e+00,1.776366837424538048e+00,0.000000000000000000e+00,0.000000000000000000e+00
0.000000000000000000e+00,-0.000000000000000000e+00,-0.000000000000000000e+00,3.150912802666425705e-01,0.000000000000000000e+00,-0.000000000000000000e+00,2.482610524355684245e-01,2.193574763140863915e-02,0.000000000000000000e+00,2.154387366054219655e+00,-1.805060046995660583e+00,0.000000000000000000e+00,0.000000000000000000e+00
0.000000000000000000e+00,-0.000000000000000000e+00,-0.000000000000000000e+00,1.299616666510701180e-01,0.000000000000000000e+00,-0.000000000000000000e+00,-6.442145662762076563e-01,-1.255229698869157230e-02,0.000000000000000000e+00,-1.693495607058093544e+00,1.181658006511531189e+00,0.000000000000000000e+00,0.000000000000000000e+00
0.000000000000000000e+00,-0.000000000000000000e+00,-0.000000000000000000e+00,-1.499044150114059448e-01,0.000000000000000000e+00,-0.000000000000000000e+00,1.095783952190585886e+00,7.692560700318815288e-03,0.000000000000000000e+00,1.442908985581651926e+00,-8.590960813871708623e-01,0.000000000000000000e+00,0.000000000000000000e+00
0.000000000000000000e+00,-0.000000000000000000e+00,-0.000000000000000000e+00,6.945751607418060303e-03,0.000000000000000000e+00,-0.000000000000000000e+00,-1.777124764182508976e+00,-3.072983266790470843e-03,0.000000000000000000e+00,-1.103966000805532977e+00,6.189060576317809703e-01,0.000000000000000000e+00,0.000000000000000000e+00
0.000000000000000000e+00,-0.000000000000000000e+00,-0.000000000000000000e+00,-5.238079093396663666e-01,0.000000000000000000e+00,-0.000000000000000000e+00,2.051921048129462299e+00,8.737544342940051873e-04,0.000000000000000000e+00,8.096716341558066743e-01,-3.279789558202607647e-01,0.000000000000000000e+00,0.000000000000000000e+00
0.000000000000000000e+00,-0.000000000000000000e+00,-0.000000000000000000e+00,-1.839890740811824799e-01,0.000000000000000000e+00,-0.000000000000000000e+00,3.171791342399432168e+00,-8.443779052825365391e-04,0.000000000000000000e+00,2.507092955216863039e-01,4.386864778742226301e-02,0.000000000000000000e+00,0.000000000000000000e+00
0.000000000000000000e+00,-0.000000000000000000e+00,-0.000000000000000000e+00,-3.231396321207284927e-01,0.000000000000000000e+00,-0.000000000000000000e+00,2.936313043427660308e+00,-8.984214325296629067e-05,0.000000000000000000e+00,2.218372138499807300e-01,3.415856437105062315e-02,0.000000000000000000e+00,0.000000000000000000e+00
0.000000000000000000e+00,-0.000000000000000000e+00,-0.000000000000000000e+00,2.791518904268741608e-01,0.000000000000000000e+00,-0.000000000000000000e+00,-2.660590243760510898e+00,-3.472317421406504573e-04,0.000000000000000000e+00,-4.319122855009256967e-01,3.293297836681323421e-02,0.000000000000000000e+00,0.000000000000000000e+00
0.000000000000000000e+00,-0.000000000000000000e+00,-0.000000000000000000e+00,3.776360042393207550e-01,0.000000000000000000e+00,-0.000000000000000000e+00,2.801714487718869329e+00,5.345807685564104563e-04,0.000000000000000000e+00,3.553559742540609578e-01,4.282234076068001070e-03,0.000000000000000000e+00,0.000000000000000000e+00
0.000000000000000000e+00,-0.000000000000000000e+00,-0.000000000000000000e+00,-1.053225137293338776e-01,0.000000000000000000e+00,-0.000000000000000000e+00,4.121643093646166212e-01,8.202011944892098963e-03,0.000000000000000000e+00,1.750164024916205596e+00,-1.292690079227814426e+00,0.000000000000000000e+00,0.000000000000000000e+00
0.000000000000000000e+00,-0.000000000000000000e+00,-0.000000000000000000e+00,-5.928609268739819527e-01,0.000000000000000000e+00,-0.000000000000000000e+00,-1.362459092575458719e+00,-5.973648874998710445e-03,0.000000000000000000e+00,-1.461386414345573703e+00,1.032059095884919397e+00,0.000000000000000000e+00,0.000000000000000000e+00
0.000000000000000000e+00,-0.000000000000000000e+00,-0.000000000000000000e+00,8.315420150756835938e-02,0.000000000000000000e+00,-0.000000000000000000e+00,1.865164883124138112e-02,9.605942291218078424e-03,0.000000000000000000e+00,2.393277752424809890e+00,-1.317883345423557007e+00,0.000000000000000000e+00,0.000000000000000000e+00
0.000000000000000000e+00,-0.000000000000000000e+00,-0.000000000000000000e+00,1.636826768517494202e-01,0.000000000000000000e+00,-0.000000000000000000e+00,1.180060588074414163e-01,1.039723413500242069e-02,0.000000000000000000e+00,2.067698741916580651e+00,-1.445168151115728161e+00,0.000000000000000000e+00,0.000000000000000000e+00
0.000000000000000000e+00,-0.000000000000000000e+00,-0.000000000000000000e+00,4.920966774225234985e-01,0.000000000000000000e+00,-0.000000000000000000e+00,1.948582720877048979e+00,4.126054242286979201e-02,0.000000000000000000e+00,3.474898089711477289e-01,-6.156699979525452449e+00,0.000000000000000000e+00,0.000000000000000000e+00
0.000000000000000000e+00,-0.000000000000000000e+00,-0.000000000000000000e+00,1.692452579736709595e-01,0.000000000000000000e+00,-0.000000000000000000e+00,1.823102737868710355e+00,4.747169350432716567e-02,0.000000000000000000e+00,4.905833890810528675e-01,-2.053795031194951104e+00,0.000000000000000000e+00,0.000000000000000000e+00
0.000000000000000000e+00,-0.000000000000000000e+00,-0.000000000000000000e+00,2.013316899538040161e-01,0.000000000000000000e+00,-0.000000000000000000e+00,-1.231121971032709039e+00,-4.698556991680355455e-02,0.000000000000000000e+00,-1.048408493791691987e+00,-1.128287257089239937e+00,0.000000000000000000e+00,0.000000000000000000e+00
0.000000000000000000e+00,-0.000000000000000000e+00,-0.000000000000000000e+00,-1.805004412453854457e-01,0.000000000000000000e+00,-0.000000000000000000e+00,5.938065630223517966e-01,3.745553840649960137e-02,0.000000000000000000e+00,1.108229740089627491e+00,3.390492959829844444e-01,0.000000000000000000e+00,0.000000000000000000e+00
0.000000000000000000e+00,-0.000000000000000000e+00,-0.000000000000000000e+00,-1.144774109125137329e-01,0.000000000000000000e+00,-0.000000000000000000e+00,1.281558065511001043e+00,4.052253882320066419e-02,0.000000000000000000e+00,4.793097412441508220e-01,5.544396323740092836e-01,0.000000000000000000e+00,0.000000000000000000e+00
0.000000000000000000e+00,-0.000000000000000000e+00,-0.000000000000000000e+00,-4.574806056916713715e-02,0.000000000000000000e+00,-0.000000000000000000e+00,1.330161139139593551e+00,4.338013615299561587e-02,0.000000000000000000e+00,7.083405837780186731e-01,1.280618454091134728e+00,0.000000000000000000e+00,0.000000000000000000e+00
0.000000000000000000e+00,-0.000000000000000000e+00,-0.000000000000000000e+00,-1.696406081318855286e-01,0.000000000000000000e+00,-0.000000000000000000e+00,2.644230870124353316e+00,-7.807987605029264764e-05,0.000000000000000000e+00,2.235798229556144323e-01,-6.098289642615812439e-02,0.000000000000000000e+00,0.000000000000000000e+00
0.000000000000000000e+00,-0.000000000000000000e+00,-0.000000000000000000e+00,-1.775038857012987137e-01,0.000000000000000000e+00,-0.000000000000000000e+00,-3.015297830071749008e+00,-1.220653852796431058e-03,0.000000000000000000e+00,-3.017169954053507408e-01,1.445648965679773024e-01,0.000000000000000000e+00,0.000000000000000000e+00
0.000000000000000000e+00,-0.000000000000000000e+00,-0.000000000000000000e+00,-4.519242793321609497e-02,0.000000000000000000e+00,-0.000000000000000000e+00,3.918145767505193389e-01,4.233997660942020319e-02,0.000000000000000000e+00,1.608358401656701187e+00,-2.343033676401568011e-01,0.000000000000000000e+00,0.000000000000000000e+00
0.000000000000000000e+00,-0.000000000000000000e+00,-0.000000000000000000e+00,-6.498377025127410889e-02,0.000000000000000000e+00,-0.000000000000000000e+00,4.985007070160431264e-02,3.747809295660492479e-02,0.000000000000000000e+00,1.735371236596778832e+00,-9.117833286903900269e-01,0.000000000000000000e+00,0.000000000000000000e+00
0.000000000000000000e+00,-0.000000000000000000e+00,-0.000000000000000000e+00,1.007036715745925903e-01,0.000000000000000000e+00,-0.000000000000000000e+00,5.747396935681906571e-01,2.446072005086143489e-02,0.000000000000000000e+00,1.853098224888893419e+00,-1.587242222233873123e+00,0.000000000000000000e+00,0.000000000000000000e+00
0.000000000000000000e+00,-0.000000000000000000e+00,-0.000000000000000000e+00,-4.448426701128482819e-01,0.000000000000000000e+00,-0.000000000000000000e+00,-1.317704874628307321e+00,-1.773971717524971611e-02,0.000000000000000000e+00,-1.635195592386503582e+00,1.394360776730237728e+00,0.000000000000000000e+00,0.000000000000000000e+00
0.000000000000000000e+00,-0.000000000000000000e+00,-0.000000000000000000e+00,1.206557098776102066e-01,0.000000000000000000e+00,-0.000000000000000000e+00,-3.731126861372483644e-02,3.255807342293677575e-02,0.000000000000000000e+00,1.664528877534792617e+00,-1.011794850082227137e+00,0.000000000000000000e+00,0.000000000000000000e+00
0.000000000000000000e+00,-0.000000000000000000e+00,-0.000000000000000000e+00,-7.090009748935699463e-02,0.000000000000000000e+00,-0.000000000000000000e+00,2.048145895524559335e-01,3.227030282439123654e-02,0.000000000000000000e+00,1.992454877190799056e+00,-1.625452995546590618e+00,0.000000000000000000e+00,0.000000000000000000e+00
0.000000000000000000e+00,-0.000000000000000000e+00,-0.000000000000000000e+00,2.797685408731922507e-01,0.000000000000000000e+00,-0.000000000000000000e+00,2.668450070774342375e+00,5.388923895474695587e-03,0.000000000000000000e+00,7.418319464197431490e-01,-5.146529633563418082e-01,0.000000000000000000e+00,0.000000000000000000e+00
0.000000000000000000e+00,-0.000000000000000000e+00,-0.000000000000000000e+00,-6.769255548715591431e-02,0.000000000000000000e+00,-0.000000000000000000e+00,-2.356188535283882945e+00,-3.216308017506515956e-03,0.000000000000000000e+00,-5.060689119600898511e-01,3.295387465500228541e-01,0.000000000000000000e+00,0.000000000000000000e+00
0.000000000000000000e+00,-0.000000000000000000e+00,-0.000000000000000000e+00,2.081746347248554230e-01,0.000000000000000000e+00,-0.000000000000000000e+00,1.802802395125953527e+00,1.105805448068205958e-02,0.000000000000000000e+00,1.156390511046691438e+00,-8.917095363243626727e-01,0.000000000000000000e+00,0.000000000000000000e+00
0.000000000000000000e+00,-0.000000000000000000e+00,-0.000000000000000000e+00,2.149349153041839600e-01,0.000000000000000000e+00,-0.000000000000000000e+00,2.098559842652561347e+00,6.889486627639868251e-03,0.000000000000000000e+00,8.965416249639152069e-01,-6.515330579470239858e-01,0.000000000000000000e+00,0.000000000000000000e+00
0.000000000000000000e+00,-0.000000000000000000e+00,-0.000000000000000000e+00,-1.448170766234397888e-01,0.000000000000000000e+00,-0.000000000000000000e+00,-2.806278996095409539e+00,-2.228070765970169200e-03,0.000000000000000000e+00,-4.295384953128700278e-01,2.396824439942532581e-01,0.000000000000000000e+00,0.000000000000000000e+00
0.000000000000000000e+00,-0.000000000000000000e+00,-0.000000000000000000e+00,1.526143848896026611e-01,0.000000000000000000e+00,-0.000000000000000000e+00,2.649989253356144214e+00,1.671037666194235194e-03,0.000000000000000000e+00,3.339288412771672654e-01,-1.661554021909023016e-01,0.000000000000000000e+00,0.000000000000000000e+00
0.000000000000000000e+00,-0.000000000000000000e+00,-0.000000000000000000e+00,2.156374603509902954e-01,0.000000000000000000e+00,-0.000000000000000000e+00,-1.980961285779957892e+00,3.114219611206786348e-04,0.000000000000000000e+00,-7.913863377464783744e-01,9.110739610848613002e-02,0.000000000000000000e+00,0.000000000000000000e+00
0.000000000000000000e+00,-0.000000000000000000e+00,-0.000000000000000000e+00,-1.790668815374374390e-01,0.000000000000000000e+00,-0.000000000000000000e+00,-1.692058558385559408e+00,-1.427801705730500324e-03,0.000000000000000000e+00,-1.114506870366240854e+00,1.630547498646325588e-01,0.000000000000000000e+00,0.000000000000000000e+00
0.000000000000000000e+00,-0.000000000000000000e+00,-0.000000000000000000e+00,6.545351631939411163e-02,0.000000000000000000e+00,-0.000000000000000000e+00,-1.298260506025638694e+00,-2.935250240385837029e-03,0.000000000000000000e+00,-1.453053469949818322e+00,3.054606236489937898e-01,0.000000000000000000e+00,0.000000000000000000e+00
0.000000000000000000e+00,-0.000000000000000000e+00,-0.000000000000000000e+00,-2.378433942794799805e-01,0.000000000000000000e+00,-0.000000000000000000e+00,-1.116003505402999085e+00,-5.560518303672447836e-03,0.000000000000000000e+00,-1.911402230600225849e+00,5.540047364929331364e-01,0.000000000000000000e+00,0.000000000000000000e+00
0.000000000000000000e+00,-0.000000000000000000e+00,-0.000000000000000000e+00,1.487198248505592346e-01,0.000000000000000000e+00,-0.000000000000000000e+00,-2.387656139983357351e-01,-6.291323288674511953e-03,0.000000000000000000e+00,-2.035223866419821004e+00,8.054256005768248849e-01,0.000000000000000000e+00,0.000000000000000000e+00
0.000000000000000000e+00,-0.000000000000000000e+00,-0.000000000000000000e+00,-2.187981754541397095e-01,0.000000000000000000e+00,-0.000000000000000000e+00,-1.421850578123818043e-01,-9.447314676271622094e-03,0.000000000000000000e+00,-2.292561862682562790e+00,1.210499044821186754e+00,0.000000000000000000e+00,0.000000000000000000e+00
0.000000000000000000e+00,-0.000000000000000000e+00,-0.000000000000000000e+00,-4.870037287473678589e-01,0.000000000000000000e+00,-0.000000000000000000e+00,2.892820628575086150e+00,-7.013801024571709314e-04,0.000000000000000000e+00,2.034202049182453342e-01,-5.675135825767068515e-02,0.000000000000000000e+00,0.000000000000000000e+00
0.000000000000000000e+00,-0.000000000000000000e+00,-0.000000000000000000e+00,-2.950479201972484589e-01,0.000000000000000000e+00,-0.000000000000000000e+00,-2.925864716117056119e+00,-1.470779886332992427e-03,0.000000000000000000e+00,-2.941626865387839684e-01,1.509663241136644518e-01,0.000000000000000000e+00,0.000000000000000000e+00
0.000000000000000000e+00,-0.000000000000000000e+00,-0.000000000000000000e+00,2.546502798795700073e-01,0.000000000000000000e+00,-0.000000000000000000e+00,-2.582429951876356711e+00,-3.602391997619920410e-04,0.000000000000000000e+00,-5.284144501546242934e-01,6.750483353216590876e-02,0.000000000000000000e+00,0.000000000000000000e+00
0.000000000000000000e+00,-0.000000000000000000e+00,-0.000000000000000000e+00,1.091577336192131042e-01,0.000000000000000000e+00,-0.000000000000000000e+00,-2.253377034489580932e+00,-2.393210159251373968e-04,0.000000000000000000e+00,-6.262677606184280377e-01,4.862957038564860029e-02,0.000000000000000000e+00,0.000000000000000000e+00
0.000000000000000000e+00,-0.000000000000000000e+00,-0.000000000000000000e+00,-1.808472871780395508e-01,0.000000000000000000e+00,-0.000000000000000000e+00,-1.672800204830985349e+00,-1.158357754224144907e-02,0.000000000000000000e+00,-1.071626678697802371e+00,2.240077993237952647e+00,0.000000000000000000e+00,0.000000000000000000e+00
0.000000000000000000e+00,-0.000000000000000000e+00,-0.000000000000000000e+00,1.505693644285202026e-01,0.000000000000000000e+00,-0.000000000000000000e+00,-2.087249517890706230e+00,-5.873922863043301926e-03,0.000000000000000000e+00,-8.466302785311642376e-01,1.412925459057738475e+00,0.000000000000000000e+00,0.000000000000000000e+00
0.000000000000000000e+00,-0.000000000000000000e+00,-0.000000000000000000e+00,2.893990427255630493e-01,0.000000000000000000e+00,-0.000000000000000000e+00,-2.229953726818311388e+00,-3.216465215830486678e-03,0.000000000000000000e+00,-6.039256424816638047e-01,7.397542948678889063e-01,0.000000000000000000e+00,0.000000000000000000e+00
0.000000000000000000e+00,-0.000000000000000000e+00,-0.000000000000000000e+00,2.081392938271164894e-01,0.000000000000000000e+00,-0.000000000000000000e+00,-2.810866024387689066e+00,-2.237193668003414470e-03,0.000000000000000000e+00,-5.268314291057547560e-01,5.088755089117221742e-01,0.000000000000000000e+00,0.000000000000000000e+00
0.000000000000000000e+00,-0.000000000000000000e+00,-0.000000000000000000e+00,-8.245556801557540894e-02,0.000000000000000000e+00,-0.000000000000000000e+00,1.471898422452269095e-01,1.860832463201051584e-02,0.000000000000000000e+00,2.057649101381333612e+00,-1.888943086600406662e+00,0.000000000000000000e+00,0.000000000000000000e+00
0.000000000000000000e+00,-0.000000000000000000e+00,-0.000000000000000000e+00,1.610321365296840668e-01,0.000000000000000000e+00,-0.000000000000000000e+00,-2.331409877275980591e-01,-2.400529586325980333e-02,0.000000000000000000e+00,-2.054654521010407908e+00,2.784479844403854987e+00,0.000000000000000000e+00,0.000000000000000000e+00
0.000000000000000000e+00,-0.000000000000000000e+00,-0.000000000000000000e+00,3.279656730592250824e-01,0.000000000000000000e+00,-0.000000000000000000e+00,7.926593765456884100e-01,2.375030588717791033e-02,0.000000000000000000e+00,1.747865346353234761e+00,-3.329172390748992072e+00,0.000000000000000000e+00,0.000000000000000000e+00
0.000000000000000000e+00,-0.000000000000000000e+00,-0.000000000000000000e+00,-5.439563579857349396e-01,0.000000000000000000e+00,-0.000000000000000000e+00,-1.211966710309632322e+00,-1.718154675243701440e-02,0.000000000000000000e+00,-1.310116771593382134e+00,2.943509087535321811e+00,0.000000000000000000e+00,0.000000000000000000e+00
0.000000000000000000e+00,-0.000000000000000000e+00,-0.000000000000000000e+00,1.567792575806379318e-01,0.000000000000000000e+00,-0.000000000000000000e+00,-2.522680104626736419e+00,-1.402669226026038865e-03,0.000000000000000000e+00,-4.187674592458240919e-01,2.627467695012933313e-01,0.000000000000000000e+00,0.000000000000000000e+00
0.000000000000000000e+00,-0.000000000000000000e+00,-0.000000000000000000e+00,6.906945444643497467e-02,0.000000000000000000e+00,-0.000000000000000000e+00,2.776658120792090845e+00,7.202219707271921524e-04,0.000000000000000000e+00,3.569499178045251742e-01,-1.624376700996288669e-01,0.000000000000000000e+00,0.000000000000000000e+00
0.000000000000000000e+00,-0.000000000000000000e+00,-0.000000000000000000e+00,6.234221160411834717e-02,0.000000000000000000e+00,-0.000000000000000000e+00,3.013986306583104735e+00,-3.434594992641562278e-04,0.000000000000000000e+00,2.695033993144326789e-01,3.092065211949730080e-02,0.000000000000000000e+00,0.000000000000000000e+00
0.000000000000000000e+00,-0.000000000000000000e+00,-0.000000000000000000e+00,3.674753773957490921e-01,0.000000000000000000e+00,-0.000000000000000000e+00,2.628723646922589197e+00,2.237595895156044062e-04,0.000000000000000000e+00,2.605229341364462270e-01,-1.912035918602909487e-02,0.000000000000000000e+00,0.000000000000000000e+00
0.000000000000000000e+00,-0.000000000000000000e+00,-0.000000000000000000e+00,-1.151228733360767365e-01,0.000000000000000000e+00,-0.000000000000000000e+00,-1.322970931457267740e+00,-5.894674573707520647e-03,0.000000000000000000e+00,-1.561786218299426654e+00,5.784187648114487157e-01,0.000000000000000000e+00,0.000000000000000000e+00
0.000000000000000000e+00,-0.000000000000000000e+00,-0.000000000000000000e+00,2.374241752550005913e-01,0.000000000000000000e+00,-0.000000000000000000e+00,-3.923504599968576922e-01,-6.611755698144433299e-03,0.000000000000000000e+00,-1.757308777651301002e+00,8.402498014854391517e-01,0.000000000000000000e+00,0.000000000000000000e+00
0.000000000000000000e+00,-0.000000000000000000e+00,-0.000000000000000000e+00,4.681923985481262207e-02,0.000000000000000000e+00,-0.000000000000000000e+00,-2.272305002647673433e+00,-1.124030617534504690e-03,0.000000000000000000e+00,-9.556990349162228782e-01,2.182244044401810135e-01,0.000000000000000000e+00,0.000000000000000000e+00
0.000000000000000000e+00,-0.000000000000000000e+00,-0.000000000000000000e+00,-9.793433733284473419e-02,0.000000000000000000e+00,-0.000000000000000000e+00,-1.712294585362731159e+00,-3.313563222642419964e-03,0.000000000000000000e+00,-1.135695180112670899e+00,4.128782246917247489e-01,0.000000000000000000e+00,0.000000000000000000e+00
0.000000000000000000e+00,-0.000000000000000000e+00,-0.000000000000000000e+00,-1.496772095561027527e-01,0.000000000000000000e+00,-0.000000000000000000e+00,-2.735909422807231817e+00,-6.802723753932574894e-04,0.000000000000000000e+00,-5.619894174406524501e-01,9.005850017987276912e-02,0.000000000000000000e+00,0.000000000000000000e+00
0.000000000000000000e+00,-0.000000000000000000e+00,-0.000000000000000000e+00,9.755808487534523010e-02,0.000000000000000000e+00,-0.000000000000000000e+00,-2.472992150085249197e+00,-1.060512015701895946e-03,0.000000000000000000e+00,-6.525162791984082666e-01,1.566109377205839315e-01,0.000000000000000000e+00,0.000000000000000000e+00
0.000000000000000000e+00,-0.000000000000000000e+00,-0.000000000000000000e+00,-3.374958336353302002e-01,0.000000000000000000e+00,-0.000000000000000000e+00,-3.192892467515085819e+00,-7.767390349593160728e-04,0.000000000000000000e+00,-3.993696222357341896e-01,5.998383252367468083e-02,0.000000000000000000e+00,0.000000000000000000e+00
0.000000000000000000e+00,-0.000000000000000000e+00,-0.000000000000000000e+00,-1.306886831298470497e-01,0.000000000000000000e+00,-0.000000000000000000e+00,2.698605251703530605e+00,3.026032587317273163e-04,0.000000000000000000e+00,4.167550517589486136e-01,-7.057880222803074310e-02,0.000000000000000000e+00,0.000000000000000000e+00
0.000000000000000000e+00,-0.000000000000000000e+00,-0.000000000000000000e+00,-8.285488188266754150e-02,0.000000000000000000e+00,-0.000000000000000000e+00,-1.896828029258244190e-03,-1.598301448611277181e-02,0.000000000000000000e+00,-1.842319772376443066e+00,1.633724951758665833e+00,0.000000000000000000e+00,0.000000000000000000e+00
0.000000000000000000e+00,-0.000000000000000000e+00,-0.000000000000000000e+00,1.739865727722644806e-02,0.000000000000000000e+00,-0.000000000000000000e+00,-2.338455236864922238e-01,-1.477649813979857452e-02,0.000000000000000000e+00,-2.200763286971973987e+00,1.466409029362738980e+00,0.000000000000000000e+00,0.000000000000000000e+00
0.000000000000000000e+00,-0.000000000000000000e+00,-0.000000000000000000e+00,-1.690588891506195068e-02,0.000000000000000000e+00,-0.000000000000000000e+00,3.296289621702773953e+00,1.954310953815912438e-03,0.000000000000000000e+00,3.011887297990143431e-01,-4.698923564893133786e-01,0.000000000000000000e+00,0.000000000000000000e+00
0.000000000000000000e+00,-0.000000000000000000e+00,-0.000000000000000000e+00,1.246293233707547188e-01,0.000000000000000000e+00,-0.000000000000000000e+00,-3.172178439211168044e+00,-6.538515559678276549e-04,0.000000000000000000e+00,-2.350148310541591290e-01,2.084416249352859518e-01,0.000000000000000000e+00,0.000000000000000000e+00
0.000000000000000000e+00,-0.000000000000000000e+00,-0.000000000000000000e+00,2.069714367389678955e-01,0.000000000000000000e+00,-0.000000000000000000e+00,2.740495979610006572e+00,4.137043886752461361e-03,0.000000000000000000e+00,4.668214595012264434e-01,-1.126108955904170150e+00,0.000000000000000000e+00,0.000000000000000000e+00
0.000000000000000000e+00,-0.000000000000000000e+00,-0.000000000000000000e+00,-8.699618559330701828e-02,0.000000000000000000e+00,-0.000000000000000000e+00,2.804038998772178104e+00,2.190333885184619651e-03,0.000000000000000000e+00,3.277862448768277814e-01,-5.798177941479165654e-01,0.000000000000000000e+00,0.000000000000000000e+00
0.000000000000000000e+00,-0.000000000000000000e+00,-0.000000000000000000e+00,5.060326494276523590e-02,0.000000000000000000e+00,-0.000000000000000000e+00,-2.342907751572601338e+00,-1.265425651097400184e-02,0.000000000000000000e+00,-6.750194853405104833e-01,3.023513370023475311e+00,0.000000000000000000e+00,0.000000000000000000e+00
0.000000000000000000e+00,-0.000000000000000000e+00,-0.000000000000000000e+00,-2.074769297614693642e-01,0.000000000000000000e+00,-0.000000000000000000e+00,2.429157091981914540e+00,6.689937593571539977e-03,0.000000000000000000e+00,4.794705796812094856e-01,-1.650654327289886147e+00,0.000000000000000000e+00,0.000000000000000000e+00
0.000000000000000000e+00,-0.000000000000000000e+00,-0.000000000000000000e+00,-2.126798778772354126e-01,0.000000000000000000e+00,-0.000000000000000000e+00,-1.323165923572438674e+00,-2.533952353856007075e-02,0.000000000000000000e+00,-8.678084871365377984e-01,4.618838204056605612e+00,0.000000000000000000e+00,0.000000000000000000e+00
0.000000000000000000e+00,-0.000000000000000000e+00,-0.000000000000000000e+00,-3.865410983562469482e-01,0.000000000000000000e+00,-0.000000000000000000e+00,-1.869952202224045568e+00,-1.899770491337948383e-02,0.000000000000000000e+00,-7.905870917667965347e-01,4.176308591237312129e+00,0.000000000000000000e+00,0.000000000000000000e+00
-1.150964648982588878e+00,-0.000000000000000000e+00,4.412051290273666382e-03,0.000000000000000000e+00,0.000000000000000000e+00,-0.000000000000000000e+00,0.000000000000000000e+00,8.702642630939821347e-05,-1.418250865150694207e-01,0.000000000000000000e+00,-0.000000000000000000e+00,-8.366294358892428784e-02,0.000000000000000000e+00
-9.719623994296104907e-01,-0.000000000000000000e+00,-8.532666973769664764e-02,0.000000000000000000e+00,0.000000000000000000e+00,-0.000000000000000000e+00,0.000000000000000000e+00,9.313188929189776047e-06,-1.560517997722394301e-01,0.000000000000000000e+00,-0.000000000000000000e+00,6.671340121383679579e-03,0.000000000000000000e+00
8.629800302210304253e-01,-0.000000000000000000e+00,-5.312156677246093750e-02,0.000000000000000000e+00,0.000000000000000000e+00,-0.000000000000000000e+00,0.000000000000000000e+00,6.765803458127361706e-04,3.567325920020407160e-01,0.000000000000000000e+00,-0.000000000000000000e+00,3.526426784404671499e-01,0.000000000000000000e+00
6.992963028097138878e-01,-0.000000000000000000e+00,-3.224271535873413086e-02,0.000000000000000000e+00,0.000000000000000000e+00,-0.000000000000000000e+00,0.000000000000000000e+00,1.039779984784809045e-03,4.113241957975615759e-01,0.000000000000000000e+00,-0.000000000000000000e+00,4.646943642320529588e-01,0.000000000000000000e+00
1.081779084397402668e+00,-0.000000000000000000e+00,2.231782488524913788e-02,0.000000000000000000e+00,0.000000000000000000e+00,-0.000000000000000000e+00,0.000000000000000000e+00,1.887584261857912183e-04,2.155304172113152450e-01,0.000000000000000000e+00,-0.000000000000000000e+00,1.327187035969663031e-01,0.000000000000000000e+00
9.491927653305315404e-01,-0.000000000000000000e+00,-2.532639354467391968e-02,0.000000000000000000e+00,0.000000000000000000e+00,-0.000000000000000000e+00,0.000000000000000000e+00,8.382303526402813448e-05,2.756981593350946724e-01,0.000000000000000000e+00,-0.000000000000000000e+00,1.898171950628446958e-01,0.000000000000000000e+00
8.766547707816571555e-02,-0.000000000000000000e+00,-1.053213253617286682e-01,0.000000000000000000e+00,0.000000000000000000e+00,-0.000000000000000000e+00,0.000000000000000000e+00,3.518780364567914917e-03,6.924619807320068210e-01,0.000000000000000000e+00,-0.000000000000000000e+00,1.440288063695059684e+00,0.000000000000000000e+00
4.137729625475243502e-06,-0.000000000000000000e+00,1.539151519536972046e-01,0.000000000000000000e+00,0.000000000000000000e+00,-0.000000000000000000e+00,0.000000000000000000e+00,-3.485949809679951029e-03,-5.432739565531545800e-01,0.000000000000000000e+00,-0.000000000000000000e+00,-1.427327635302819031e+00,0.000000000000000000e+00
4.918585479607440747e-01,-0.000000000000000000e+00,-2.290923222899436951e-01,0.000000000000000000e+00,0.000000000000000000e+00,-0.000000000000000000e+00,0.000000000000000000e+00,1.553794134739981160e-03,5.100028303015521347e-01,0.000000000000000000e+00,-0.000000000000000000e+00,7.842846185397983616e-01,0.000000000000000000e+00
2.233734402939948072e-01,-0.000000000000000000e+00,-9.459763765335083008e-02,0.000000000000000000e+00,0.000000000000000000e+00,-0.000000000000000000e+00,0.000000000000000000e+00,2.481741127604005469e-03,6.359616389820518245e-01,0.000000000000000000e+00,-0.000000000000000000e+00,1.223112929722897535e+00,0.000000000000000000e+00
9.810843427180109266e-01,-0.000000000000000000e+00,1.425215005874633789e-01,0.000000000000000000e+00,0.000000000000000000e+00,-0.000000000000000000e+00,0.000000000000000000e+00,1.492898474792124714e-04,2.674290021494990510e-01,0.000000000000000000e+00,-0.000000000000000000e+00,4.531950250282490433e-02,0.000000000000000000e+00
-1.092543950161958266e+00,-0.000000000000000000e+00,2.381316795945167542e-01,0.000000000000000000e+00,0.000000000000000000e+00,-0.000000000000000000e+00,0.000000000000000000e+00,-2.247738483456789135e-04,-2.141823684582494225e-01,0.000000000000000000e+00,-0.000000000000000000e+00,-8.078937022107177124e-02,0.000000000000000000e+00
-1.165942070325641788e+00,-0.000000000000000000e+00,1.762432288378477097e-01,0.000000000000000000e+00,0.000000000000000000e+00,-0.000000000000000000e+00,0.000000000000000000e+00,-2.671102544437279507e-04,-1.832041951411509939e-01,0.000000000000000000e+00,-0.000000000000000000e+00,-9.692466638325585027e-02,0.000000000000000000e+00
-1.118987086592924118e+00,-0.000000000000000000e+00,-8.012352790683507919e-02,0.000000000000000000e+00,0.000000000000000000e+00,-0.000000000000000000e+00,0.000000000000000000e+00,-2.755525017844294037e-05,-1.380382044061356783e-01,0.000000000000000000e+00,-0.000000000000000000e+00,1.997258339338640193e-02,0.000000000000000000e+00
1.246689201146556014e+00,-0.000000000000000000e+00,-8.598525659181177616e-03,0.000000000000000000e+00,0.000000000000000000e+00,-0.000000000000000000e+00,0.000000000000000000e+00,-2.752425622138887236e-05,1.186650860676726899e-01,0.000000000000000000e+00,-0.000000000000000000e+00,8.537915354123397360e-03,0.000000000000000000e+00
1.300041225418784974e+00,-0.000000000000000000e+00,-1.267240643501281738e-01,0.000000000000000000e+00,0.000000000000000000e+00,-0.000000000000000000e+00,0.000000000000000000e+00,-3.176995091126580731e-04,1.051058666814899539e-01,0.000000000000000000e+00,-0.000000000000000000e+00,3.974621665673808146e-02,0.000000000000000000e+00
1.035696219778103888e+00,-0.000000000000000000e+00,-3.171834349632263184e-02,0.000000000000000000e+00,0.000000000000000000e+00,-0.000000000000000000e+00,0.000000000000000000e+00,1.513596005063691302e-03,2.989050622585957551e-01,0.000000000000000000e+00,-0.000000000000000000e+00,8.679430740825406776e-01,0.000000000000000000e+00
-1.115511995026150949e+00,-0.000000000000000000e+00,1.724072126671671867e-02,0.000000000000000000e+00,0.000000000000000000e+00,-0.000000000000000000e+00,0.000000000000000000e+00,-9.662458918435761109e-04,-2.331581524419429063e-01,0.000000000000000000e+00,-0.000000000000000000e+00,-6.169289172800153098e-01,0.000000000000000000e+00
-1.112787202815788135e+00,-0.000000000000000000e+00,3.127155974507331848e-01,0.000000000000000000e+00,0.000000000000000000e+00,-0.000000000000000000e+00,0.000000000000000000e+00,-3.042934623664397646e-03,-1.232631799859952998e-01,0.000000000000000000e+00,-0.000000000000000000e+00,-3.291097083148854185e+00,0.000000000000000000e+00
-1.286006512242915178e+00,-0.000000000000000000e+00,8.508180826902389526e-02,0.000000000000000000e+00,0.000000000000000000e+00,-0.000000000000000000e+00,0.000000000000000000e+00,-2.135752677453694147e-03,-1.133975744210100889e-01,0.000000000000000000e+00,-0.000000000000000000e+00,-2.304706273222762114e+00,0.000000000000000000e+00
-5.115999365279288308e-02,-0.000000000000000000e+00,7.463619112968444824e-02,0.000000000000000000e+00,0.000000000000000000e+00,-0.000000000000000000e+00,0.000000000000000000e+00,-1.011382478081962986e-02,-5.737762365967784550e-01,0.000000000000000000e+00,-0.000000000000000000e+00,-1.193523551071026700e+00,0.000000000000000000e+00
1.620117339875715157e-01,-0.000000000000000000e+00,-1.790846362709999084e-01,0.000000000000000000e+00,0.000000000000000000e+00,-0.000000000000000000e+00,0.000000000000000000e+00,9.374809713573963380e-03,6.199233536611732376e-01,0.000000000000000000e+00,-0.000000000000000000e+00,2.416121608063937387e+00,0.000000000000000000e+00
2.103170185547104942e-01,-0.000000000000000000e+00,-1.832508146762847900e-01,0.000000000000000000e+00,0.000000000000000000e+00,-0.000000000000000000e+00,0.000000000000000000e+00,6.445834002021192354e-03,5.464404829437593536e-01,0.000000000000000000e+00,-0.000000000000000000e+00,2.549448451877239119e+00,0.000000000000000000e+00
4.008456519987570466e-01,-0.000000000000000000e+00,-1.183232814073562622e-01,0.000000000000000000e+00,0.000000000000000000e+00,-0.000000000000000000e+00,0.000000000000000000e+00,4.563617198531108934e-03,4.772209021223683401e-01,0.000000000000000000e+00,-0.000000000000000000e+00,2.020011241891773501e+00,0.000000000000000000e+00
6.263448158223344775e-01,-0.000000000000000000e+00,-7.155549526214599609e-02,0.000000000000000000e+00,0.000000000000000000e+00,-0.000000000000000000e+00,0.000000000000000000e+00,3.127880363127244403e-03,3.942870967278951921e-01,0.000000000000000000e+00,-0.000000000000000000e+00,1.522152270076774450e+00,0.000000000000000000e+00
8.092751312219147453e-01,-0.000000000000000000e+00,-1.393431574106216431e-01,0.000000000000000000e+00,0.000000000000000000e+00,-0.000000000000000000e+00,0.000000000000000000e+00,2.149332436030895743e-03,3.391308436305939811e-01,0.000000000000000000e+00,-0.000000000000000000e+00,1.145238636231658669e+00,0.000000000000000000e+00
-1.348168707053905901e+00,-0.000000000000000000e+00,-6.983613967895507812e-02,0.000000000000000000e+00,0.000000000000000000e+00,-0.000000000000000000e+00,0.000000000000000000e+00,1.383722681049451145e-04,-1.088385707283661408e-01,0.000000000000000000e+00,-0.000000000000000000e+00,-3.557935347207291654e-02,0.000000000000000000e+00
1.161725765477569894e+00,-0.000000000000000000e+00,-5.639229249209165573e-02,0.000000000000000000e+00,0.000000000000000000e+00,-0.000000000000000000e+00,0.000000000000000000e+00,1.405300057666147634e-05,1.134427327188750473e-01,0.000000000000000000e+00,-0.000000000000000000e+00,-8.531240789325340163e-03,0.000000000000000000e+00
-1.270878061029039774e+00,-0.000000000000000000e+00,1.069336719810962677e-01,0.000000000000000000e+00,0.000000000000000000e+00,-0.000000000000000000e+00,0.000000000000000000e+00,6.573430264634768478e-05,-1.606975008491436374e-01,0.000000000000000000e+00,-0.000000000000000000e+00,-3.568889676495257818e-02,0.000000000000000000e+00
-1.111090510126746977e+00,-0.000000000000000000e+00,-1.526963561773300171e-01,0.000000000000000000e+00,0.000000000000000000e+00,-0.000000000000000000e+00,0.000000000000000000e+00,3.322139241043643048e-04,-1.675169564849093295e-01,0.000000000000000000e+00,-0.000000000000000000e+00,-1.131053210240124396e-01,0.000000000000000000e+00
4.516217747986475128e-01,-0.000000000000000000e+00,-1.023627072572708130e-02,0.000000000000000000e+00,0.000000000000000000e+00,-0.000000000000000000e+00,0.000000000000000000e+00,3.958492604828755417e-04,4.897699025423412067e-01,0.000000000000000000e+00,-0.000000000000000000e+00,3.787900443486238999e-01,0.000000000000000000e+00
3.958785442755347606e-01,-0.000000000000000000e+00,-2.797574996948242188e-01,0.000000000000000000e+00,0.000000000000000000e+00,-0.000000000000000000e+00,0.000000000000000000e+00,9.086769303251727731e-04,6.314282732823448541e-01,0.000000000000000000e+00,-0.000000000000000000e+00,6.842615427236502512e-01,0.000000000000000000e+00
6.118009767128313597e-02,-0.000000000000000000e+00,-2.125076949596405029e-02,0.000000000000000000e+00,0.000000000000000000e+00,-0.000000000000000000e+00,0.000000000000000000e+00,1.292179245272736870e-03,5.853414115187208777e-01,0.000000000000000000e+00,-0.000000000000000000e+00,5.882609247719187140e-01,0.000000000000000000e+00
-4.215234035203610508e-02,-0.000000000000000000e+00,1.848685592412948608e-01,0.000000000000000000e+00,0.000000000000000000e+00,-0.000000000000000000e+00,0.000000000000000000e+00,-1.902725759680373155e-03,-6.293483058830937615e-01,0.000000000000000000e+00,-0.000000000000000000e+00,-8.140598328435608710e-01,0.000000000000000000e+00
8.576253347013439443e-01,-0.000000000000000000e+00,9.973539412021636963e-02,0.000000000000000000e+00,0.000000000000000000e+00,-0.000000000000000000e+00,0.000000000000000000e+00,1.400685608075498683e-04,3.243471785512121452e-01,0.000000000000000000e+00,-0.000000000000000000e+00,9.170282243752568563e-02,0.000000000000000000e+00
7.195252070970934444e-01,-0.000000000000000000e+00,-9.428048133850097656e-02,0.000000000000000000e+00,0.000000000000000000e+00,-0.000000000000000000e+00,0.000000000000000000e+00,3.789121971932682994e-04,4.144816375335839687e-01,0.000000000000000000e+00,-0.000000000000000000e+00,2.477306154646280456e-01,0.000000000000000000e+00
-1.121769394176508561e+00,-0.000000000000000000e+00,3.800399852916598320e-01,0.000000000000000000e+00,0.000000000000000000e+00,-0.000000000000000000e+00,0.000000000000000000e+00,-5.137586461722826181e-03,-1.434333023700309906e-01,0.000000000000000000e+00,-0.000000000000000000e+00,-5.132541045683069569e+00,0.000000000000000000e+00
1.092565114386001346e+00,-0.000000000000000000e+00,-3.770114891231060028e-01,0.000000000000000000e+00,0.000000000000000000e+00,-0.000000000000000000e+00,0.000000000000000000e+00,8.065573117961220145e-03,1.782156104391396378e-01,0.000000000000000000e+00,-0.000000000000000000e+00,7.757914275520641390e+00,0.000000000000000000e+00
-3.997287981221790965e-01,-0.000000000000000000e+00,8.232398331165313721e-02,0.000000000000000000e+00,0.000000000000000000e+00,-0.000000000000000000e+00,0.000000000000000000e+00,-1.705543059665055872e-02,-3.887000553133687641e-01,0.000000000000000000e+00,-0.000000000000000000e+00,5.444286828747629814e-02,0.000000000000000000e+00
-2.029830418219531474e-01,-0.000000000000000000e+00,-4.660883545875549316e-02,0.000000000000000000e+00,0.000000000000000000e+00,-0.000000000000000000e+00,0.000000000000000000e+00,-1.427863297512162698e-02,-4.457518959130978287e-01,0.000000000000000000e+00,-0.000000000000000000e+00,4.594052593456878636e-02,0.000000000000000000e+00
-1.308189858216048107e-01,-0.000000000000000000e+00,-1.387625932693481445e-03,0.000000000000000000e+00,0.000000000000000000e+00,-0.000000000000000000e+00,0.000000000000000000e+00,-1.346691223807240829e-02,-5.514359449729859808e-01,0.000000000000000000e+00,-0.000000000000000000e+00,-9.498845111524495399e-01,0.000000000000000000e+00
1.522787682424237010e-01,-0.000000000000000000e+00,-1.499429047107696533e-01,0.000000000000000000e+00,0.000000000000000000e+00,-0.000000000000000000e+00,0.000000000000000000e+00,-9.424694357640399020e-03,-5.133637758755318359e-01,0.000000000000000000e+00,-0.000000000000000000e+00,-1.283175566559619174e+00,0.000000000000000000e+00
1.025345285866666734e+00,-0.000000000000000000e+00,-4.851185381412506104e-01,0.000000000000000000e+00,0.000000000000000000e+00,-0.000000000000000000e+00,0.000000000000000000e+00,1.269522255021022193e-02,2.012977752379571106e-01,0.000000000000000000e+00,-0.000000000000000000e+00,9.431846832243172329e+00,0.000000000000000000e+00
8.839935427222643805e-01,-0.000000000000000000e+00,-5.498863942921161652e-01,0.000000000000000000e+00,0.000000000000000000e+00,-0.000000000000000000e+00,0.000000000000000000e+00,1.648013347447489091e-02,2.314797351634635403e-01,0.000000000000000000e+00,-0.000000000000000000e+00,8.467438327562078371e+00,0.000000000000000000e+00
-7.131538792981663155e-01,-0.000000000000000000e+00,2.254507988691329956e-01,0.000000000000000000e+00,0.000000000000000000e+00,-0.000000000000000000e+00,0.000000000000000000e+00,-1.786433043837002549e-02,-2.527296759960058758e-01,0.000000000000000000e+00,-0.000000000000000000e+00,-4.485561287094454563e+00,0.000000000000000000e+00
-6.703615014274422190e-01,-0.000000000000000000e+00,2.156876176595687866e-01,0.000000000000000000e+00,0.000000000000000000e+00,-0.000000000000000000e+00,0.000000000000000000e+00,-1.898580436164992724e-02,-3.318449120642483763e-01,0.000000000000000000e+00,-0.000000000000000000e+00,-1.493988390495639029e+00,0.000000000000000000e+00
-5.709549666952652355e-03,-0.000000000000000000e+00,1.345780491828918457e-01,0.000000000000000000e+00,0.000000000000000000e+00,-0.000000000000000000e+00,0.000000000000000000e+00,-6.195615509386120760e-03,-5.714775136881331541e-01,0.000000000000000000e+00,-0.000000000000000000e+00,-2.131484208734265362e+00,0.000000000000000000e+00
5.754861970380360792e-02,-0.000000000000000000e+00,-1.402356363832950592e-01,0.000000000000000000e+00,0.000000000000000000e+00,-0.000000000000000000e+00,0.000000000000000000e+00,4.667906418959068271e-03,5.792614043871127105e-01,0.000000000000000000e+00,-0.000000000000000000e+00,1.750510103627658465e+00,0.000000000000000000e+00
-1.249371426709951161e+00,-0.000000000000000000e+00,2.414462417364120483e-01,0.000000000000000000e+00,0.000000000000000000e+00,-0.000000000000000000e+00,0.000000000000000000e+00,-5.604483347468486873e-04,-1.215012236646669241e-01,0.000000000000000000e+00,-0.000000000000000000e+00,-3.106274224826787722e-01,0.000000000000000000e+00
-1.237744765883795006e+00,-0.000000000000000000e+00,-1.038788259029388428e-02,0.000000000000000000e+00,0.000000000000000000e+00,-0.000000000000000000e+00,0.000000000000000000e+00,8.456735074316788618e-05,-1.033676788238044042e-01,0.000000000000000000e+00,-0.000000000000000000e+00,-2.458448836344343247e-01,0.000000000000000000e+00
1.067832733007499479e+00,-0.000000000000000000e+00,8.293072693049907684e-02,0.000000000000000000e+00,0.000000000000000000e+00,-0.000000000000000000e+00,0.000000000000000000e+00,6.542866649329101818e-04,1.744803918539232224e-01,0.000000000000000000e+00,-0.000000000000000000e+00,7.629441935269591912e-01,0.000000000000000000e+00
1.186771200108759361e+00,-0.000000000000000000e+00,7.594931528728920966e-03,0.000000000000000000e+00,0.000000000000000000e+00,-0.000000000000000000e+00,0.000000000000000000e+00,9.426216681626530675e-04,1.385636618641849505e-01,0.000000000000000000e+00,-0.000000000000000000e+00,4.463342567856616316e-01,0.000000000000000000e+00
-9.447277649608972760e-01,-0.000000000000000000e+00,5.630077421665191650e-02,0.000000000000000000e+00,0.000000000000000000e+00,-0.000000000000000000e+00,0.000000000000000000e+00,-2.607384264597302753e-03,-2.510250896399847664e-01,0.000000000000000000e+00,-0.000000000000000000e+00,-1.923075636449209425e+00,0.000000000000000000e+00
-1.047468937200213501e+00,-0.000000000000000000e+00,4.285879433155059814e-02,0.000000000000000000e+00,0.000000000000000000e+00,-0.000000000000000000e+00,0.000000000000000000e+00,-1.554540405036410099e-03,-1.991657155774650967e-01,0.000000000000000000e+00,-0.000000000000000000e+00,-1.150004542929586870e+00,0.000000000000000000e+00
2.289393748008005380e-01,-0.000000000000000000e+00,-1.196661740541458130e-01,0.000000000000000000e+00,0.000000000000000000e+00,-0.000000000000000000e+00,0.000000000000000000e+00,3.719697387763581768e-03,5.659719645981633462e-01,0.000000000000000000e+00,-0.000000000000000000e+00,1.468802289721492516e+00,0.000000000000000000e+00
4.839290975833476227e-01,-0.000000000000000000e+00,9.811043739318847656e-03,0.000000000000000000e+00,0.000000000000000000e+00,-0.000000000000000000e+00,0.000000000000000000e+00,2.356450402816026145e-03,5.286195065351014799e-01,0.000000000000000000e+00,-0.000000000000000000e+00,1.199047043505331533e+00,0.000000000000000000e+00
-1.130424238087276878e+00,-0.000000000000000000e+00,1.459028571844100952e-01,0.000000000000000000e+00,0.000000000000000000e+00,-0.000000000000000000e+00,0.000000000000000000e+00,-7.479422197024420326e-04,-1.365685279255901552e-01,0.000000000000000000e+00,-0.000000000000000000e+00,-3.549630580686253811e-01,0.000000000000000000e+00
-1.061082747062192189e+00,-0.000000000000000000e+00,2.222447097301483154e-02,0.000000000000000000e+00,0.000000000000000000e+00,-0.000000000000000000e+00,0.000000000000000000e+00,-1.045158438999889200e-03,-1.660963013886493089e-01,0.000000000000000000e+00,-0.000000000000000000e+00,-3.940437182791623472e-01,0.000000000000000000e+00
-1.163558918319981039e+00,-0.000000000000000000e+00,-2.987560257315635681e-02,0.000000000000000000e+00,0.000000000000000000e+00,-0.000000000000000000e+00,0.000000000000000000e+00,8.935388064421673942e-05,-9.928454694721257356e-02,0.000000000000000000e+00,-0.000000000000000000e+00,-1.277947360122383691e-01,0.000000000000000000e+00
-1.230851565840057837e+00,-0.000000000000000000e+00,8.576110005378723145e-02,0.000000000000000000e+00,0.000000000000000000e+00,-0.000000000000000000e+00,0.000000000000000000e+00,-6.571893054587223072e-04,-1.250069999078773642e-01,0.000000000000000000e+00,-0.000000000000000000e+00,-3.068567223212720352e-01,0.000000000000000000e+00
-1.554029820354419500e-01,-0.000000000000000000e+00,2.361408323049545288e-01,0.000000000000000000e+00,0.000000000000000000e+00,-0.000000000000000000e+00,0.000000000000000000e+00,-8.327012233641167133e-03,-5.481987297930868142e-01,0.000000000000000000e+00,-0.000000000000000000e+00,-2.639434291250579712e+00,0.000000000000000000e+00
-1.156632185791003214e-02,-0.000000000000000000e+00,1.561577096581459045e-01,0.000000000000000000e+00,0.000000000000000000e+00,-0.000000000000000000e+00,0.000000000000000000e+00,-6.404560046168381732e-03,-5.603533495781212181e-01,0.000000000000000000e+00,-0.000000000000000000e+00,-2.052911581453629619e+00,0.000000000000000000e+00
3.382510228016165632e-01,-0.000000000000000000e+00,-1.419133841991424561e-01,0.000000000000000000e+00,0.000000000000000000e+00,-0.000000000000000000e+00,0.000000000000000000e+00,7.969638044172172239e-03,4.157971143124704616e-01,0.000000000000000000e+00,-0.000000000000000000e+00,3.714600146244799728e+00,0.000000000000000000e+00
-2.519483074139199363e-01,-0.000000000000000000e+00,1.527809351682662964e-01,0.000000000000000000e+00,0.000000000000000000e+00,-0.000000000000000000e+00,0.000000000000000000e+00,-9.726464201636692355e-03,-5.313996023640400468e-01,0.000000000000000000e+00,-0.000000000000000000e+00,-3.430495793133894633e+00,0.000000000000000000e+00
8.638998992383938313e-01,-0.000000000000000000e+00,-3.320671133697032928e-01,0.000000000000000000e+00,0.000000000000000000e+00,-0.000000000000000000e+00,0.000000000000000000e+00,4.500522284549590343e-03,3.313656892813063859e-01,0.000000000000000000e+00,-0.000000000000000000e+00,3.118018336271188851e+00,0.000000000000000000e+00
-6.143458952087186287e-01,-0.000000000000000000e+00,1.630773134529590607e-01,0.000000000000000000e+00,0.000000000000000000e+00,-0.000000000000000000e+00,0.000000000000000000e+00,-7.073491285910523015e-03,-4.183068307536100816e-01,0.000000000000000000e+00,-0.000000000000000000e+00,-4.359611177897723344e+00,0.000000000000000000e+00
8.623612336321782035e-01,-0.000000000000000000e+00,-8.423203229904174805e-02,0.000000000000000000e+00,0.000000000000000000e+00,-0.000000000000000000e+00,0.000000000000000000e+00,1.095567622572842219e-03,2.459295991462313591e-01,0.000000000000000000e+00,-0.000000000000000000e+00,5.596383903292182493e-01,0.000000000000000000e+00
-1.031816079162973132e+00,-0.000000000000000000e+00,1.028003431856632233e-01,0.000000000000000000e+00,0.000000000000000000e+00,-0.000000000000000000e+00,0.000000000000000000e+00,-5.180563831734014569e-04,-2.066337213593028854e-01,0.000000000000000000e+00,-0.000000000000000000e+00,-4.219144474473338624e-01,0.000000000000000000e+00
-1.168336143044609310e+00,-0.000000000000000000e+00,4.218515194952487946e-02,0.000000000000000000e+00,0.000000000000000000e+00,-0.000000000000000000e+00,0.000000000000000000e+00,-3.773282688921458165e-04,-1.896090973956247039e-01,0.000000000000000000e+00,-0.000000000000000000e+00,-2.786243480294095520e-01,0.000000000000000000e+00
-1.233232848415967142e+00,-0.000000000000000000e+00,-3.430114709772169590e-02,0.000000000000000000e+00,0.000000000000000000e+00,-0.000000000000000000e+00,0.000000000000000000e+00,-1.453831574620582988e-04,-1.478589761475381792e-01,0.000000000000000000e+00,-0.000000000000000000e+00,-1.274618039828214200e-01,0.000000000000000000e+00
-2.268865787558669300e-01,-0.000000000000000000e+00,1.830601617693901062e-01,0.000000000000000000e+00,0.000000000000000000e+00,-0.000000000000000000e+00,0.000000000000000000e+00,-5.426805718502441395e-03,-6.041935662583730604e-01,0.000000000000000000e+00,-0.000000000000000000e+00,-2.551976523145500497e+00,0.000000000000000000e+00
5.040207730157331145e-01,-0.000000000000000000e+00,-1.649231463670730591e-01,0.000000000000000000e+00,0.000000000000000000e+00,-0.000000000000000000e+00,0.000000000000000000e+00,3.996897246031268398e-03,4.838368504183825913e-01,0.000000000000000000e+00,-0.000000000000000000e+00,2.200165983350570453e+00,0.000000000000000000e+00
7.437199148374592506e-01,-0.000000000000000000e+00,-1.608824133872985840e-01,0.000000000000000000e+00,0.000000000000000000e+00,-0.000000000000000000e+00,0.000000000000000000e+00,2.771126320646892342e-03,4.106827227060363406e-01,0.000000000000000000e+00,-0.000000000000000000e+00,1.675082749126043824e+00,0.000000000000000000e+00
-7.410554317348732045e-01,-0.000000000000000000e+00,5.254242196679115295e-02,0.000000000000000000e+00,0.000000000000000000e+00,-0.000000000000000000e+00,0.000000000000000000e+00,-1.296969106821521276e-03,-3.074613762137063944e-01,0.000000000000000000e+00,-0.000000000000000000e+00,-1.005314354572219626e+00,0.000000000000000000e+00
-1.265558181172928620e+00,-0.000000000000000000e+00,9.492956101894378662e-03,0.000000000000000000e+00,0.000000000000000000e+00,-0.000000000000000000e+00,0.000000000000000000e+00,-3.109067539870838219e-04,-1.246507805036676103e-01,0.000000000000000000e+00,-0.000000000000000000e+00,-1.073139997864150375e-01,0.000000000000000000e+00
-1.244208474749502802e+00,-0.000000000000000000e+00,1.916863525984808803e-01,0.000000000000000000e+00,0.000000000000000000e+00,-0.000000000000000000e+00,0.000000000000000000e+00,-2.374668941939152625e-04,-1.062142378372887830e-01,0.000000000000000000e+00,-0.000000000000000000e+00,-1.430961111322161528e-01,0.000000000000000000e+00
-1.274841993408579066e+00,-0.000000000000000000e+00,1.093607740476727486e-01,0.000000000000000000e+00,0.000000000000000000e+00,-0.000000000000000000e+00,0.000000000000000000e+00,1.104060363877918442e-05,-1.043063773971870667e-01,0.000000000000000000e+00,-0.000000000000000000e+00,-6.145612095672185055e-02,0.000000000000000000e+00
-1.274604099706344806e+00,-0.000000000000000000e+00,-4.073409736156463623e-02,0.000000000000000000e+00,0.000000000000000000e+00,-0.000000000000000000e+00,0.000000000000000000e+00,-1.405807229372905021e-04,-1.227932443542433527e-01,0.000000000000000000e+00,-0.000000000000000000e+00,-1.307895397399758963e-01,0.000000000000000000e+00
-1.209005438256618881e+00,-0.000000000000000000e+00,9.549575578421354294e-02,0.000000000000000000e+00,0.000000000000000000e+00,-0.000000000000000000e+00,0.000000000000000000e+00,1.025492803205719003e-04,-1.571685538592488551e-01,0.000000000000000000e+00,-0.000000000000000000e+00,-1.351506591957251369e-01,0.000000000000000000e+00
1.141561632109567404e+00,-0.000000000000000000e+00,-1.056469269096851349e-01,0.000000000000000000e+00,0.000000000000000000e+00,-0.000000000000000000e+00,0.000000000000000000e+00,1.815240985105644235e-05,1.725341302096943530e-01,0.000000000000000000e+00,-0.000000000000000000e+00,1.985724636041585056e-01,0.000000000000000000e+00
-9.551536361857306812e-01,-0.000000000000000000e+00,-3.487993031740188599e-02,0.000000000000000000e+00,0.000000000000000000e+00,-0.000000000000000000e+00,0.000000000000000000e+00,-3.690479788687071796e-04,-1.947107263692900714e-01,0.000000000000000000e+00,-0.000000000000000000e+00,-2.212341050688082233e-01,0.000000000000000000e+00
1.013921473509689530e+00,-0.000000000000000000e+00,2.580082230269908905e-02,0.000000000000000000e+00,0.000000000000000000e+00,-0.000000000000000000e+00,0.000000000000000000e+00,4.045072825295599364e-04,2.763855374106258811e-01,0.000000000000000000e+00,-0.000000000000000000e+00,3.525685559676886016e-01,0.000000000000000000e+00
-7.557668719059458251e-01,-0.000000000000000000e+00,1.761473417282104492e-01,0.000000000000000000e+00,0.000000000000000000e+00,-0.000000000000000000e+00,0.000000000000000000e+00,-9.355346772596535420e-04,-3.027010998619786286e-01,0.000000000000000000e+00,-0.000000000000000000e+00,-5.308028839317253667e-01,0.000000000000000000e+00
7.389662070131203242e-01,-0.000000000000000000e+00,2.701540291309356689e-02,0.000000000000000000e+00,0.000000000000000000e+00,-0.000000000000000000e+00,0.000000000000000000e+00,1.503710832366542778e-03,4.452740893915008713e-01,0.000000000000000000e+00,-0.000000000000000000e+00,8.741584692104805709e-01,0.000000000000000000e+00
-3.415900939035822897e-02,-0.000000000000000000e+00,2.667582631111145020e-01,0.000000000000000000e+00,0.000000000000000000e+00,-0.000000000000000000e+00,0.000000000000000000e+00,-5.171675108353657353e-03,-5.995238496984068854e-01,0.000000000000000000e+00,-0.000000000000000000e+00,-1.992033833105159912e+00,0.000000000000000000e+00
-5.376453665725569944e-03,-0.000000000000000000e+00,-2.161327004432678223e-02,0.000000000000000000e+00,0.000000000000000000e+00,-0.000000000000000000e+00,0.000000000000000000e+00,-3.871863824068965537e-03,-5.770285277866846751e-01,0.000000000000000000e+00,-0.000000000000000000e+00,-1.577776804630091512e+00,0.000000000000000000e+00
-4.759872778489563673e-03,-0.000000000000000000e+00,1.237878054380416870e-01,0.000000000000000000e+00,0.000000000000000000e+00,-0.000000000000000000e+00,0.000000000000000000e+00,-2.019804250046100189e-03,-6.567173763919371687e-01,0.000000000000000000e+00,-0.000000000000000000e+00,-8.328652951799481174e-01,0.000000000000000000e+00
-1.144127607441387633e-02,-0.000000000000000000e+00,-2.479083836078643799e-02,0.000000000000000000e+00,0.000000000000000000e+00,-0.000000000000000000e+00,0.000000000000000000e+00,-1.828947647037915906e-03,-5.850808082111894626e-01,0.000000000000000000e+00,-0.000000000000000000e+00,-8.057705421149047309e-01,0.000000000000000000e+00
1.234151853397364107e+00,-0.000000000000000000e+00,-3.443816676735877991e-02,0.000000000000000000e+00,0.000000000000000000e+00,-0.000000000000000000e+00,0.000000000000000000e+00,-1.087469181072398970e-04,1.252152334905790032e-01,0.000000000000000000e+00,-0.000000000000000000e+00,3.207545305011513803e-02,0.000000000000000000e+00
-1.309659048098292811e+00,-0.000000000000000000e+00,-8.862751722335815430e-02,0.000000000000000000e+00,0.000000000000000000e+00,-0.000000000000000000e+00,0.000000000000000000e+00,6.715728745672203473e-05,-1.048262889379958512e-01,0.000000000000000000e+00,-0.000000000000000000e+00,-3.705411482486457853e-02,0.000000000000000000e+00
7.332979645114118261e-01,-0.000000000000000000e+00,1.067207753658294678e-02,0.000000000000000000e+00,0.000000000000000000e+00,-0.000000000000000000e+00,0.000000000000000000e+00,7.277560715133323411e-04,4.338902133592359989e-01,0.000000000000000000e+00,-0.000000000000000000e+00,5.112148926792194903e-01,0.000000000000000000e+00
8.363943459362354060e-01,-0.000000000000000000e+00,4.915874451398849487e-02,0.000000000000000000e+00,0.000000000000000000e+00,-0.000000000000000000e+00,0.000000000000000000e+00,4.384093169450241638e-04,3.195662268563364550e-01,0.000000000000000000e+00,-0.000000000000000000e+00,2.646905038041635350e-01,0.000000000000000000e+00
-1.114846135324149279e-01,-0.000000000000000000e+00,-1.882638670504093170e-01,0.000000000000000000e+00,0.000000000000000000e+00,-0.000000000000000000e+00,0.000000000000000000e+00,-1.262653487577014653e-03,-5.255583925818230195e-01,0.000000000000000000e+00,-0.000000000000000000e+00,-7.477127761449670063e-01,0.000000000000000000e+00
4.877657942290050674e-01,-0.000000000000000000e+00,-4.197057336568832397e-02,0.000000000000000000e+00,0.000000000000000000e+00,-0.000000000000000000e+00,0.000000000000000000e+00,1.398712426781686903e-03,5.082245408975758494e-01,0.000000000000000000e+00,-0.000000000000000000e+00,7.795906799196988812e-01,0.000000000000000000e+00
9.931621431858005389e-01,-0.000000000000000000e+00,-2.349761128425598145e-01,0.000000000000000000e+00,0.000000000000000000e+00,-0.000000000000000000e+00,0.000000000000000000e+00,1.677190378426354495e-04,2.587208170965190623e-01,0.000000000000000000e+00,-0.000000000000000000e+00,2.624724264002916696e-01,0.000000000000000000e+00
1.022512608876311901e+00,-0.000000000000000000e+00,4.603880271315574646e-02,0.000000000000000000e+00,0.000000000000000000e+00,-0.000000000000000000e+00,0.000000000000000000e+00,2.331091046829030324e-04,2.044234788556031079e-01,0.000000000000000000e+00,-0.000000000000000000e+00,1.569187210941498933e-01,0.000000000000000000e+00
0.000000000000000000e+00,7.459811866283416748e-02,-0.000000000000000000e+00,0.000000000000000000e+00,-2.035156861282362506e+00,6.840162811559274969e-01,0.000000000000000000e+00,-2.104252244156713109e-03,0.000000000000000000e+00,0.000000000000000000e+00,-0.000000000000000000e+00,0.000000000000000000e+00,-2.592688359687618238e-01
0.000000000000000000e+00,-2.049209326505661011e-01,-0.000000000000000000e+00,0.000000000000000000e+00,-1.931124492839082496e+00,8.963407788614013993e-01,0.000000000000000000e+00,-1.080206959658162619e-03,0.000000000000000000e+00,0.000000000000000000e+00,-0.000000000000000000e+00,0.000000000000000000e+00,-2.990956362648060640e-01
0.000000000000000000e+00,-1.025232523679733276e-01,-0.000000000000000000e+00,0.000000000000000000e+00,-1.137381132921528426e+00,3.539890135157850004e+00,0.000000000000000000e+00,-7.694709176093762065e-03,0.000000000000000000e+00,0.000000000000000000e+00,-0.000000000000000000e+00,0.000000000000000000e+00,-5.106382770777607716e-01
0.000000000000000000e+00,-3.430916815996170044e-01,-0.000000000000000000e+00,0.000000000000000000e+00,-1.010421591362020033e+00,4.870697048184370992e+00,0.000000000000000000e+00,-1.290304981493016999e-02,0.000000000000000000e+00,0.000000000000000000e+00,-0.000000000000000000e+00,0.000000000000000000e+00,-6.639488790088045045e-01
0.000000000000000000e+00,-9.388404339551925659e-02,-0.000000000000000000e+00,0.000000000000000000e+00,-1.508294231359488036e+00,1.340278222643614958e+00,0.000000000000000000e+00,-2.676705957710245453e-03,0.000000000000000000e+00,0.000000000000000000e+00,-0.000000000000000000e+00,0.000000000000000000e+00,-3.079129680969329708e-01
0.000000000000000000e+00,-1.672246605157852173e-01,-0.000000000000000000e+00,0.000000000000000000e+00,-1.391314618382249346e+00,2.247302492872778945e+00,0.000000000000000000e+00,-4.658603387091345832e-03,0.000000000000000000e+00,0.000000000000000000e+00,-0.000000000000000000e+00,0.000000000000000000e+00,-4.157149005994588697e-01
0.000000000000000000e+00,-1.783067584037780762e-01,-0.000000000000000000e+00,0.000000000000000000e+00,-1.055629187094710569e-01,2.321690334168897696e+00,0.000000000000000000e+00,-1.341206694439379433e-02,0.000000000000000000e+00,0.000000000000000000e+00,-0.000000000000000000e+00,0.000000000000000000e+00,-8.521505261388029329e-01
0.000000000000000000e+00,-1.027994453907012939e-01,-0.000000000000000000e+00,0.000000000000000000e+00,7.570675596642409411e-02,1.798729645482702422e+00,0.000000000000000000e+00,-1.068968512062947775e-02,0.000000000000000000e+00,0.000000000000000000e+00,-0.000000000000000000e+00,0.000000000000000000e+00,-8.917002628774640671e-01
0.000000000000000000e+00,-3.268146067857742310e-01,-0.000000000000000000e+00,0.000000000000000000e+00,-6.425701354072127502e-01,4.442836056229644726e+00,0.000000000000000000e+00,-1.573110985078794363e-02,0.000000000000000000e+00,0.000000000000000000e+00,-0.000000000000000000e+00,0.000000000000000000e+00,-7.167596179831524639e-01
0.000000000000000000e+00,-2.469069957733154297e-01,-0.000000000000000000e+00,0.000000000000000000e+00,-3.459632295615935327e-01,3.044094751171642965e+00,0.000000000000000000e+00,-1.476644165274106947e-02,0.000000000000000000e+00,0.000000000000000000e+00,-0.000000000000000000e+00,0.000000000000000000e+00,-7.319365136336974942e-01
0.000000000000000000e+00,3.989937901496887207e-01,-0.000000000000000000e+00,0.000000000000000000e+00,-1.532403615884696313e+00,-5.912195348893442670e+00,0.000000000000000000e+00,-3.613013901481053336e-02,0.000000000000000000e+00,0.000000000000000000e+00,-0.000000000000000000e+00,0.000000000000000000e+00,-3.656264817567339565e-01
0.000000000000000000e+00,-1.658076345920562744e-01,-0.000000000000000000e+00,0.000000000000000000e+00,1.403090544717699339e+00,4.148644832064582566e+00,0.000000000000000000e+00,3.683179126448717089e-02,0.000000000000000000e+00,0.000000000000000000e+00,-0.000000000000000000e+00,0.000000000000000000e+00,2.732413862333283316e-01
0.000000000000000000e+00,-1.489838315173983574e-01,-0.000000000000000000e+00,0.000000000000000000e+00,-1.948211337719846670e+00,2.919736261702118307e-01,0.000000000000000000e+00,-8.137862787608598179e-05,0.000000000000000000e+00,0.000000000000000000e+00,-0.000000000000000000e+00,0.000000000000000000e+00,-1.796296396068200740e-01
0.000000000000000000e+00,2.646680772304534912e-01,-0.000000000000000000e+00,0.000000000000000000e+00,-2.321650898021909715e+00,2.481017317929216093e-01,0.000000000000000000e+00,-9.872782538873291994e-04,0.000000000000000000e+00,0.000000000000000000e+00,-0.000000000000000000e+00,0.000000000000000000e+00,-1.735465780248566514e-01
0.000000000000000000e+00,-4.868204146623611450e-02,-0.000000000000000000e+00,0.000000000000000000e+00,-2.723322263356586781e-02,5.819234576948292270e-01,0.000000000000000000e+00,-1.814893939249711402e-02,0.000000000000000000e+00,0.000000000000000000e+00,-0.000000000000000000e+00,0.000000000000000000e+00,-8.139573551563599185e-01
0.000000000000000000e+00,-1.461189985275268555e-01,-0.000000000000000000e+00,0.000000000000000000e+00,-1.453071764768653074e-01,-8.579492772270126411e-01,0.000000000000000000e+00,-2.050416136181382881e-02,0.000000000000000000e+00,0.000000000000000000e+00,-0.000000000000000000e+00,0.000000000000000000e+00,-7.620048683002330625e-01
0.000000000000000000e+00,1.850507259368896484e-01,-0.000000000000000000e+00,0.000000000000000000e+00,-4.444689737384476813e-01,-2.038478602459456113e+00,0.000000000000000000e+00,-2.447879921615219237e-02,0.000000000000000000e+00,0.000000000000000000e+00,-0.000000000000000000e+00,0.000000000000000000e+00,-7.278253837980265262e-01
0.000000000000000000e+00,8.395053446292877197e-02,-0.000000000000000000e+00,0.000000000000000000e+00,-5.584470465728916810e-01,-2.886769038128992548e+00,0.000000000000000000e+00,-2.554712810447962168e-02,0.000000000000000000e+00,0.000000000000000000e+00,-0.000000000000000000e+00,0.000000000000000000e+00,-6.003461007533159588e-01
0.000000000000000000e+00,1.771299093961715698e-01,-0.000000000000000000e+00,0.000000000000000000e+00,-1.009545270516217119e+00,-3.853756624152267385e+00,0.000000000000000000e+00,-2.762751236787035214e-02,0.000000000000000000e+00,0.000000000000000000e+00,-0.000000000000000000e+00,0.000000000000000000e+00,-4.953873987722148264e-01
0.000000000000000000e+00,2.255732566118240356e-01,-0.000000000000000000e+00,0.000000000000000000e+00,-1.092500956746339957e+00,-4.770915695945113555e+00,0.000000000000000000e+00,-2.914689233895868814e-02,0.000000000000000000e+00,0.000000000000000000e+00,-0.000000000000000000e+00,0.000000000000000000e+00,-3.934025245910197643e-01
0.000000000000000000e+00,-1.096654832363128662e-01,-0.000000000000000000e+00,0.000000000000000000e+00,1.906351967190517138e+00,-5.152160087175669534e-02,0.000000000000000000e+00,2.164001817283562419e-04,0.000000000000000000e+00,0.000000000000000000e+00,-0.000000000000000000e+00,0.000000000000000000e+00,1.584629635672103465e-01
0.000000000000000000e+00,-2.619220055639743805e-01,-0.000000000000000000e+00,0.000000000000000000e+00,1.697200110931903039e+00,-3.278174127558521750e-02,0.000000000000000000e+00,-6.619550795233146781e-05,0.000000000000000000e+00,0.000000000000000000e+00,-0.000000000000000000e+00,0.000000000000000000e+00,1.982936875435697965e-01
0.000000000000000000e+00,-1.266015991568565369e-01,-0.000000000000000000e+00,0.000000000000000000e+00,2.139688556067286473e+00,-1.182994836594002813e-01,0.000000000000000000e+00,8.168432605699894530e-04,0.000000000000000000e+00,0.000000000000000000e+00,-0.000000000000000000e+00,0.000000000000000000e+00,2.529637904335328424e-01
0.000000000000000000e+00,-3.525650501251220703e-02,-0.000000000000000000e+00,0.000000000000000000e+00,1.875161423423941542e+00,-1.004004246472460921e-01,0.000000000000000000e+00,9.907138076802584758e-05,0.000000000000000000e+00,0.000000000000000000e+00,-0.000000000000000000e+00,0.000000000000000000e+00,2.951578093954125293e-01
0.000000000000000000e+00,-7.163517177104949951e-03,-0.000000000000000000e+00,0.000000000000000000e+00,-6.681846323843603219e-01,1.232631597809997093e+00,0.000000000000000000e+00,-2.991585050799313705e-03,0.000000000000000000e+00,0.000000000000000000e+00,-0.000000000000000000e+00,0.000000000000000000e+00,-7.209401681218080560e-01
0.000000000000000000e+00,1.759480903856456280e-01,-0.000000000000000000e+00,0.000000000000000000e+00,3.595323613335630886e-01,-1.593467104309100435e+00,0.000000000000000000e+00,4.730055802854913130e-03,0.000000000000000000e+00,0.000000000000000000e+00,-0.000000000000000000e+00,0.000000000000000000e+00,9.141768734337908375e-01
0.000000000000000000e+00,-3.127675503492355347e-01,-0.000000000000000000e+00,0.000000000000000000e+00,-5.870623452849104557e-02,1.397417094618067956e+00,0.000000000000000000e+00,-5.052366068081322673e-03,0.000000000000000000e+00,0.000000000000000000e+00,-0.000000000000000000e+00,0.000000000000000000e+00,-9.766394091245504949e-01
0.000000000000000000e+00,-1.822344362735748291e-01,-0.000000000000000000e+00,0.000000000000000000e+00,5.094636662790725384e-02,9.915598392632716251e-01,0.000000000000000000e+00,-3.802018127144627183e-03,0.000000000000000000e+00,0.000000000000000000e+00,-0.000000000000000000e+00,0.000000000000000000e+00,-8.650506549671863610e-01
0.000000000000000000e+00,1.836663559079170227e-01,-0.000000000000000000e+00,0.000000000000000000e+00,1.763142624560813276e+00,-3.886184415221092259e-01,0.000000000000000000e+00,7.000380217075326305e-04,0.000000000000000000e+00,0.000000000000000000e+00,-0.000000000000000000e+00,0.000000000000000000e+00,2.304084596793263551e-01
0.000000000000000000e+00,-5.133397877216339111e-03,-0.000000000000000000e+00,0.000000000000000000e+00,1.742434936303577597e+00,-5.188704762348050892e-01,0.000000000000000000e+00,1.439483806628001237e-03,0.000000000000000000e+00,0.000000000000000000e+00,-0.000000000000000000e+00,0.000000000000000000e+00,2.859676065329349037e-01
0.000000000000000000e+00,1.909056305885314941e-01,-0.000000000000000000e+00,0.000000000000000000e+00,5.708163683548334033e-01,-2.609544151238829990e+00,0.000000000000000000e+00,1.045427564710900079e-02,0.000000000000000000e+00,0.000000000000000000e+00,-0.000000000000000000e+00,0.000000000000000000e+00,7.914828837903490344e-01
0.000000000000000000e+00,2.632096409797668457e-01,-0.000000000000000000e+00,0.000000000000000000e+00,3.508686292095044013e-01,-2.877076455658284182e+00,0.000000000000000000e+00,1.495821738640336525e-02,0.000000000000000000e+00,0.000000000000000000e+00,-0.000000000000000000e+00,0.000000000000000000e+00,9.812116516750760686e-01
0.000000000000000000e+00,1.516245901584625244e-01,-0.000000000000000000e+00,0.000000000000000000e+00,1.434138037191425852e-01,-2.181754156365677488e+00,0.000000000000000000e+00,1.732254784567489880e-02,0.000000000000000000e+00,0.000000000000000000e+00,-0.000000000000000000e+00,0.000000000000000000e+00,9.515108137531592680e-01
0.000000000000000000e+00,1.200424730777740479e-01,-0.000000000000000000e+00,0.000000000000000000e+00,-3.066629785110287429e-02,4.056323343860350761e-01,0.000000000000000000e+00,-1.826336013489236396e-02,0.000000000000000000e+00,0.000000000000000000e+00,-0.000000000000000000e+00,0.000000000000000000e+00,-8.369245973441238329e-01
0.000000000000000000e+00,-1.303473599255084991e-01,-0.000000000000000000e+00,0.000000000000000000e+00,2.059563075631316575e+00,-9.411143437864583072e-01,0.000000000000000000e+00,3.735841838429585036e-03,0.000000000000000000e+00,0.000000000000000000e+00,-0.000000000000000000e+00,0.000000000000000000e+00,3.803034297102205752e-01
0.000000000000000000e+00,-1.812437325716018677e-01,-0.000000000000000000e+00,0.000000000000000000e+00,1.719197123780553227e+00,-1.209193994186089194e+00,0.000000000000000000e+00,3.911979343918471283e-03,0.000000000000000000e+00,0.000000000000000000e+00,-0.000000000000000000e+00,0.000000000000000000e+00,4.780010840624395185e-01
0.000000000000000000e+00,-1.100194156169891357e-01,-0.000000000000000000e+00,0.000000000000000000e+00,1.467613428467010150e+00,-1.532507916742018583e+00,0.000000000000000000e+00,5.791379142917060276e-03,0.000000000000000000e+00,0.000000000000000000e+00,-0.000000000000000000e+00,0.000000000000000000e+00,5.362248554327497807e-01
0.000000000000000000e+00,2.874788045883178711e-01,-0.000000000000000000e+00,0.000000000000000000e+00,8.748609117221539666e-01,-1.997967938969059665e+00,0.000000000000000000e+00,7.531903646692525434e-03,0.000000000000000000e+00,0.000000000000000000e+00,-0.000000000000000000e+00,0.000000000000000000e+00,6.551247124777735964e-01
0.000000000000000000e+00,-1.276057064533233643e-01,-0.000000000000000000e+00,0.000000000000000000e+00,2.950594060691061338e-02,1.775301360052756072e+00,0.000000000000000000e+00,-1.519603348435886840e-02,0.000000000000000000e+00,0.000000000000000000e+00,-0.000000000000000000e+00,0.000000000000000000e+00,-8.987579220242792877e-01
0.000000000000000000e+00,-2.290526367723941803e-01,-0.000000000000000000e+00,0.000000000000000000e+00,2.038062435492616134e-02,1.333143532161993550e+00,0.000000000000000000e+00,-1.750484651234178457e-02,0.000000000000000000e+00,0.000000000000000000e+00,-0.000000000000000000e+00,0.000000000000000000e+00,-7.911483550388942465e-01
0.000000000000000000e+00,1.455870568752288818e-01,-0.000000000000000000e+00,0.000000000000000000e+00,-1.868244082351478763e+00,1.800171290354602716e-01,0.000000000000000000e+00,-4.787308820553277770e-04,0.000000000000000000e+00,0.000000000000000000e+00,-0.000000000000000000e+00,0.000000000000000000e+00,-1.941378053915983615e-01
0.000000000000000000e+00,-4.997745156288146973e-03,-0.000000000000000000e+00,0.000000000000000000e+00,-2.062072006234818566e+00,1.632025165373654219e-01,0.000000000000000000e+00,6.927658194473298146e-05,0.000000000000000000e+00,0.000000000000000000e+00,-0.000000000000000000e+00,0.000000000000000000e+00,-1.732414111851904304e-01
0.000000000000000000e+00,-2.003338783979415894e-01,-0.000000000000000000e+00,0.000000000000000000e+00,1.961463699690337403e+00,-3.436282898276134534e-01,0.000000000000000000e+00,1.079954750635230129e-03,0.000000000000000000e+00,0.000000000000000000e+00,-0.000000000000000000e+00,0.000000000000000000e+00,3.043345432427286279e-01
0.000000000000000000e+00,2.294628545641899109e-01,-0.000000000000000000e+00,0.000000000000000000e+00,2.039720218863566803e+00,-2.974286274227497806e-01,0.000000000000000000e+00,6.477482569116782302e-05,0.000000000000000000e+00,0.000000000000000000e+00,-0.000000000000000000e+00,0.000000000000000000e+00,2.604676347477328235e-01
0.000000000000000000e+00,-2.344533670693635941e-01,-0.000000000000000000e+00,0.000000000000000000e+00,-1.688253795938355450e+00,5.838357440196321191e-01,0.000000000000000000e+00,-1.815319013329407156e-03,0.000000000000000000e+00,0.000000000000000000e+00,-0.000000000000000000e+00,0.000000000000000000e+00,-4.521933795704133896e-01
0.000000000000000000e+00,-4.576976820826530457e-01,-0.000000000000000000e+00,0.000000000000000000e+00,-1.412116572201486120e+00,4.013086730123424650e-01,0.000000000000000000e+00,-7.651479106005778900e-04,0.000000000000000000e+00,0.000000000000000000e+00,-0.000000000000000000e+00,0.000000000000000000e+00,-3.449548162084224989e-01
0.000000000000000000e+00,7.101444154977798462e-02,-0.000000000000000000e+00,0.000000000000000000e+00,-3.869578727576007959e-01,1.610477180214917592e+00,0.000000000000000000e+00,-2.137190240689928328e-02,0.000000000000000000e+00,0.000000000000000000e+00,-0.000000000000000000e+00,0.000000000000000000e+00,-6.912211875090210622e-01
0.000000000000000000e+00,-2.254643198102712631e-01,-0.000000000000000000e+00,0.000000000000000000e+00,-5.665955914039129127e-01,3.009739261321894954e+00,0.000000000000000000e+00,-2.547779838533800051e-02,0.000000000000000000e+00,0.000000000000000000e+00,-0.000000000000000000e+00,0.000000000000000000e+00,-6.359262165760209973e-01
0.000000000000000000e+00,5.641211122274398804e-01,-0.000000000000000000e+00,0.000000000000000000e+00,1.588481809192086702e+00,-8.963445781048388739e+00,0.000000000000000000e+00,3.112555712082220108e-02,0.000000000000000000e+00,0.000000000000000000e+00,-0.000000000000000000e+00,0.000000000000000000e+00,1.757544475734506007e-01
0.000000000000000000e+00,2.110054194927215576e-01,-0.000000000000000000e+00,0.000000000000000000e+00,1.641810347525660019e+00,-1.437859346261751492e+00,0.000000000000000000e+00,3.652743467092044866e-02,0.000000000000000000e+00,0.000000000000000000e+00,-0.000000000000000000e+00,0.000000000000000000e+00,2.168691647191418326e-01
0.000000000000000000e+00,-6.100594997406005859e-01,-0.000000000000000000e+00,0.000000000000000000e+00,-2.227338775675222760e+00,1.416932889484121461e+01,0.000000000000000000e+00,-1.966316319465172269e-02,0.000000000000000000e+00,0.000000000000000000e+00,-0.000000000000000000e+00,0.000000000000000000e+00,-1.760046251155463204e-01
0.000000000000000000e+00,8.036014065146446228e-01,-0.000000000000000000e+00,0.000000000000000000e+00,2.183924244387171587e+00,-1.663603096187986452e+01,0.000000000000000000e+00,3.013563907414916129e-02,0.000000000000000000e+00,0.000000000000000000e+00,-0.000000000000000000e+00,0.000000000000000000e+00,1.975813841450493880e-01
0.000000000000000000e+00,1.583018973469734192e-01,-0.000000000000000000e+00,0.000000000000000000e+00,1.184396012532177994e-01,-2.130449143647318522e+00,0.000000000000000000e+00,1.295409086499733908e-02,0.000000000000000000e+00,0.000000000000000000e+00,-0.000000000000000000e+00,0.000000000000000000e+00,1.022837358004710984e+00
0.000000000000000000e+00,-3.331900537014007568e-01,-0.000000000000000000e+00,0.000000000000000000e+00,5.772786435275727157e-02,1.779810420686466887e+00,0.000000000000000000e+00,-1.328568770591323500e-02,0.000000000000000000e+00,0.000000000000000000e+00,-0.000000000000000000e+00,0.000000000000000000e+00,-8.383261665187469180e-01
0.000000000000000000e+00,9.202170372009277344e-02,-0.000000000000000000e+00,0.000000000000000000e+00,7.525357131331010807e-01,-1.587635852431206862e+00,0.000000000000000000e+00,6.242616609987951953e-03,0.000000000000000000e+00,0.000000000000000000e+00,-0.000000000000000000e+00,0.000000000000000000e+00,8.167597389037150046e-01
0.000000000000000000e+00,-2.553264796733856201e-02,-0.000000000000000000e+00,0.000000000000000000e+00,3.295371217444441614e-01,-1.902720928137180190e+00,0.000000000000000000e+00,9.025780319574636459e-03,0.000000000000000000e+00,0.000000000000000000e+00,-0.000000000000000000e+00,0.000000000000000000e+00,8.905092348761005638e-01
0.000000000000000000e+00,4.034711327403783798e-02,-0.000000000000000000e+00,0.000000000000000000e+00,-1.310120222827597880e+00,7.939190873691358563e-01,0.000000000000000000e+00,-2.893923687730341927e-03,0.000000000000000000e+00,0.000000000000000000e+00,-0.000000000000000000e+00,0.000000000000000000e+00,-5.496777825692816810e-01
0.000000000000000000e+00,-1.631780266761779785e-01,-0.000000000000000000e+00,0.000000000000000000e+00,1.142298631620372484e+00,-1.298158779124331419e+00,0.000000000000000000e+00,5.576962076337682248e-03,0.000000000000000000e+00,0.000000000000000000e+00,-0.000000000000000000e+00,0.000000000000000000e+00,7.116983304517131570e-01
0.000000000000000000e+00,3.422994054853916168e-01,-0.000000000000000000e+00,0.000000000000000000e+00,1.627682666471492068e+00,-3.361491887665865597e-01,0.000000000000000000e+00,5.968535080019080627e-04,0.000000000000000000e+00,0.000000000000000000e+00,-0.000000000000000000e+00,0.000000000000000000e+00,4.359217412676160142e-01
0.000000000000000000e+00,2.125419341027736664e-01,-0.000000000000000000e+00,0.000000000000000000e+00,1.310576211948925041e+00,-1.090927039092094708e-01,0.000000000000000000e+00,-7.515483031093638902e-06,0.000000000000000000e+00,0.000000000000000000e+00,-0.000000000000000000e+00,0.000000000000000000e+00,3.122801157459301757e-01
0.000000000000000000e+00,-2.108920887112617493e-01,-0.000000000000000000e+00,0.000000000000000000e+00,1.717008889157816798e+00,-1.370236284044747399e-01,0.000000000000000000e+00,7.251409958885368786e-04,0.000000000000000000e+00,0.000000000000000000e+00,-0.000000000000000000e+00,0.000000000000000000e+00,2.826769854772485102e-01
0.000000000000000000e+00,-8.139955997467041016e-02,-0.000000000000000000e+00,0.000000000000000000e+00,1.882450864507673849e+00,-1.068956722326976222e-01,0.000000000000000000e+00,1.828434592082971177e-04,0.000000000000000000e+00,0.000000000000000000e+00,-0.000000000000000000e+00,0.000000000000000000e+00,2.362220886551176791e-01
0.000000000000000000e+00,1.101724803447723389e-03,-0.000000000000000000e+00,0.000000000000000000e+00,3.423328436175853140e-01,-1.377481186077853748e+00,0.000000000000000000e+00,5.601246602353122071e-03,0.000000000000000000e+00,0.000000000000000000e+00,-0.000000000000000000e+00,0.000000000000000000e+00,8.149609931378540839e-01
0.000000000000000000e+00,9.658932685852050781e-04,-0.000000000000000000e+00,0.000000000000000000e+00,8.044831170276840471e-01,-1.060108963608241250e+00,0.000000000000000000e+00,4.166634181613203432e-03,0.000000000000000000e+00,0.000000000000000000e+00,-0.000000000000000000e+00,0.000000000000000000e+00,7.917022931912893746e-01
0.000000000000000000e+00,-1.691967453807592392e-01,-0.000000000000000000e+00,0.000000000000000000e+00,-1.115656357186853853e+00,7.870329095083432591e-01,0.000000000000000000e+00,-2.404042652383685599e-03,0.000000000000000000e+00,0.000000000000000000e+00,-0.000000000000000000e+00,0.000000000000000000e+00,-6.591810262873625259e-01
0.000000000000000000e+00,1.292253956198692322e-01,-0.000000000000000000e+00,0.000000000000000000e+00,1.250568167638163031e+00,-5.735015486055043965e-01,0.000000000000000000e+00,1.615621490681928493e-03,0.000000000000000000e+00,0.000000000000000000e+00,-0.000000000000000000e+00,0.000000000000000000e+00,5.558842070451774919e-01
0.000000000000000000e+00,2.318171411752700806e-02,-0.000000000000000000e+00,0.000000000000000000e+00,-1.818557219473884601e+00,4.958855793429393921e-02,0.000000000000000000e+00,-1.266015237619120724e-04,0.000000000000000000e+00,0.000000000000000000e+00,-0.000000000000000000e+00,0.000000000000000000e+00,-1.763616355907219047e-01
0.000000000000000000e+00,1.669021099805831909e-01,-0.000000000000000000e+00,0.000000000000000000e+00,-2.398692173886747270e+00,5.453382712832310908e-02,0.000000000000000000e+00,-6.111587387473618868e-04,0.000000000000000000e+00,0.000000000000000000e+00,-0.000000000000000000e+00,0.000000000000000000e+00,-1.765282438764291528e-01
0.000000000000000000e+00,-8.657673001289367676e-02,-0.000000000000000000e+00,0.000000000000000000e+00,-2.241065555421904332e+00,9.810557587662103174e-01,0.000000000000000000e+00,-1.703024567051397405e-03,0.000000000000000000e+00,0.000000000000000000e+00,-0.000000000000000000e+00,0.000000000000000000e+00,-1.824976975189403772e-01
0.000000000000000000e+00,-1.511852443218231201e-02,-0.000000000000000000e+00,0.000000000000000000e+00,-1.956089861507461558e+00,1.367437930614599173e+00,0.000000000000000000e+00,-2.696644548965644421e-03,0.000000000000000000e+00,0.000000000000000000e+00,-0.000000000000000000e+00,0.000000000000000000e+00,-1.954436452597604068e-01
0.000000000000000000e+00,-1.289635151624679565e-02,-0.000000000000000000e+00,0.000000000000000000e+00,-1.885524931212221089e+00,2.025818347514776629e+00,0.000000000000000000e+00,-3.578255079106126401e-03,0.000000000000000000e+00,0.000000000000000000e+00,-0.000000000000000000e+00,0.000000000000000000e+00,-2.162186474094592858e-01
0.000000000000000000e+00,-2.836966961622238159e-01,-0.000000000000000000e+00,0.000000000000000000e+00,-1.575747415822919217e+00,3.314124298357847831e+00,0.000000000000000000e+00,-5.606789129646244305e-03,0.000000000000000000e+00,0.000000000000000000e+00,-0.000000000000000000e+00,0.000000000000000000e+00,-2.748442577703937295e-01
0.000000000000000000e+00,-3.149371743202209473e-01,-0.000000000000000000e+00,0.000000000000000000e+00,-1.671138311499807738e+00,5.395189042891138875e+00,0.000000000000000000e+00,-9.978396730700530085e-03,0.000000000000000000e+00,0.000000000000000000e+00,-0.000000000000000000e+00,0.000000000000000000e+00,-3.468641413334889179e-01
0.000000000000000000e+00,-4.742015153169631958e-01,-0.000000000000000000e+00,0.000000000000000000e+00,-1.472869714140750297e+00,7.350577167245563537e+00,0.000000000000000000e+00,-1.586007113975890226e-02,0.000000000000000000e+00,0.000000000000000000e+00,-0.000000000000000000e+00,0.000000000000000000e+00,-4.137339137264415823e-01
0.000000000000000000e+00,-4.592146873474121094e-01,-0.000000000000000000e+00,0.000000000000000000e+00,-1.150324963165638481e+00,7.257078367514197659e+00,0.000000000000000000e+00,-2.089491287232581040e-02,0.000000000000000000e+00,0.000000000000000000e+00,-0.000000000000000000e+00,0.000000000000000000e+00,-4.412332100839304050e-01
0.000000000000000000e+00,-2.227066140621900558e-01,-0.000000000000000000e+00,0.000000000000000000e+00,-8.091164997291194760e-01,5.213499691775789202e+00,0.000000000000000000e+00,-2.430783005491336801e-02,0.000000000000000000e+00,0.000000000000000000e+00,-0.000000000000000000e+00,0.000000000000000000e+00,-5.091764607923713326e-01
0.000000000000000000e+00,6.632893439382314682e-02,-0.000000000000000000e+00,0.000000000000000000e+00,2.068181061606226556e-01,-1.736324803023371777e+00,0.000000000000000000e+00,8.021374433556955480e-03,0.000000000000000000e+00,0.000000000000000000e+00,-0.000000000000000000e+00,0.000000000000000000e+00,8.976355482317575074e-01
0.000000000000000000e+00,-9.822350740432739258e-02,-0.000000000000000000e+00,0.000000000000000000e+00,6.528886341840704766e-02,1.728188340260840228e+00,0.000000000000000000e+00,-9.639869367030979089e-03,0.000000000000000000e+00,0.000000000000000000e+00,-0.000000000000000000e+00,0.000000000000000000e+00,-8.213879377324362352e-01
0.000000000000000000e+00,-4.295758157968521118e-02,-0.000000000000000000e+00,0.000000000000000000e+00,-1.067989187323413816e-02,1.163466105312348731e+00,0.000000000000000000e+00,-4.584609473897965914e-03,0.000000000000000000e+00,0.000000000000000000e+00,-0.000000000000000000e+00,0.000000000000000000e+00,-9.916043262306258876e-01
0.000000000000000000e+00,-9.528361260890960693e-02,-0.000000000000000000e+00,0.000000000000000000e+00,3.151906754877102923e-01,-8.979043560310606686e-01,0.000000000000000000e+00,3.484587283233137826e-03,0.000000000000000000e+00,0.000000000000000000e+00,-0.000000000000000000e+00,0.000000000000000000e+00,9.253296453841358682e-01
0.000000000000000000e+00,-5.042497150134295225e-02,-0.000000000000000000e+00,0.000000000000000000e+00,-1.854149210594678188e+00,3.287264050938997206e-01,0.000000000000000000e+00,-3.299423365445404519e-04,0.000000000000000000e+00,0.000000000000000000e+00,-0.000000000000000000e+00,0.000000000000000000e+00,-1.747294836102974147e-01
0.000000000000000000e+00,1.007245443761348724e-01,-0.000000000000000000e+00,0.000000000000000000e+00,-2.172689916553401268e+00,3.429825208562023442e-01,0.000000000000000000e+00,-6.067535015974454601e-04,0.000000000000000000e+00,0.000000000000000000e+00,-0.000000000000000000e+00,0.000000000000000000e+00,-1.686734769575311543e-01
0.000000000000000000e+00,-2.258032411336898804e-01,-0.000000000000000000e+00,0.000000000000000000e+00,1.153460805483544682e+00,-3.702065759871827066e-01,0.000000000000000000e+00,1.027822668168588667e-03,0.000000000000000000e+00,0.000000000000000000e+00,-0.000000000000000000e+00,0.000000000000000000e+00,7.093462145721945999e-01
0.000000000000000000e+00,2.017364203929901123e-01,-0.000000000000000000e+00,0.000000000000000000e+00,1.306940376012489358e+00,-7.977663880805770102e-02,0.000000000000000000e+00,2.757803225820483592e-04,0.000000000000000000e+00,0.000000000000000000e+00,-0.000000000000000000e+00,0.000000000000000000e+00,5.421399469331474874e-01
0.000000000000000000e+00,-3.278876543045043945e-01,-0.000000000000000000e+00,0.000000000000000000e+00,-2.526196748560937677e-01,4.889650993736601725e-01,0.000000000000000000e+00,-2.493712146737569503e-03,0.000000000000000000e+00,0.000000000000000000e+00,-0.000000000000000000e+00,0.000000000000000000e+00,-8.989284687694816256e-01
0.000000000000000000e+00,2.365176379680633545e-01,-0.000000000000000000e+00,0.000000000000000000e+00,8.157387706242413827e-01,-4.454823181339311877e-01,0.000000000000000000e+00,1.309625106150789139e-03,0.000000000000000000e+00,0.000000000000000000e+00,-0.000000000000000000e+00,0.000000000000000000e+00,8.619815502092885717e-01
0.000000000000000000e+00,-1.138949841260910034e-01,-0.000000000000000000e+00,0.000000000000000000e+00,1.631065875443834079e+00,-1.090639673906556861e-01,0.000000000000000000e+00,4.036954835622265326e-04,0.000000000000000000e+00,0.000000000000000000e+00,-0.000000000000000000e+00,0.000000000000000000e+00,4.320576334272034913e-01
0.000000000000000000e+00,1.444316804409027100e-01,-0.000000000000000000e+00,0.000000000000000000e+00,1.865095866620062548e+00,-1.080357082160668253e-01,0.000000000000000000e+00,1.119726485790338138e-04,0.000000000000000000e+00,0.000000000000000000e+00,-0.000000000000000000e+00,0.000000000000000000e+00,3.628950693584991338e-01
